player_uid,season,league,team_id,name_full,era,fip,xfip,k9,bb9,hr9
milb_tmp:michael_mariot:2024,2024,MiLB,SEA,Michael Mariot,5.841688889543796,5.394024200363635,5.683362214431353,7.195250949316138,2.350923577499332,1.4960422765904842
milb_tmp:casey_lawrence:2024,2024,MiLB,SEA,Casey Lawrence,5.945454545454545,6.167990716298421,5.3983891096982095,5.890909090909091,2.618181818181818,1.8545454545454545
milb_tmp:david_buchanan:2024,2024,MiLB,CIN,David Buchanan,4.862903749409433,4.624814362915927,4.468447781866215,6.677420073815938,2.6854841601216277,1.088709794643903
milb_tmp:adrian_sampson:2024,2024,MiLB,TEX,Adrian Sampson,5.635921912634254,5.152618450389895,5.250109187273244,7.864077087396634,3.014562883502043,1.2451455388378003
milb_tmp:thomas_pannone:2024,2024,MiLB,CHC,Thomas Pannone,3.544857886411901,4.376489401007716,4.578743697827663,8.03501120920031,2.245076661394204,1.1816192954706335
milb_tmp:jason_alexander:2024,2024,MiLB,BOS,Jason Alexander,4.424096060210369,3.807603748427853,4.094363997325697,8.392770467163787,2.537349211003005,0.7807228341547708
milb_tmp:caleb_boushley:2024,2024,MiLB,MIN,Caleb Boushley,5.225806055883512,4.737783951914338,4.720138106799105,7.235731461992556,1.875930379035107,1.4739452978132983
milb_tmp:tyler_phillips:2024,2024,MiLB,PHI,Tyler Phillips,5.081461109758108,4.706690096063554,4.458815333131673,7.584270313071803,3.7162924534051833,1.0617978438300524
milb_tmp:thaddeus_ward:2024,2024,MiLB,WSN,Thaddeus Ward,5.640669003174254,5.925595710428916,5.8634326140900725,8.047354444528601,7.069638483978397,0.977715960550204
milb_tmp:daniel_lynch_iv:2024,2024,MiLB,KCR,Daniel Lynch IV,3.5446928885131874,4.465697632012739,4.441213744666329,7.164804774654315,2.413407924094085,1.1312849644191023
milb_tmp:robinson_pina:2024,2024,MiLB,PHI,Robinson Pina,4.175257896158195,4.023871846260913,3.6103388935517033,9.185567371548029,1.878866053271188,1.2525773688474584
milb_tmp:randy_dobnak:2024,2024,MiLB,MIN,Randy Dobnak,4.252499675560022,4.544049474716193,4.296514115152976,9.044999309921318,4.252499675560022,0.9449999279022272
milb_tmp:blas_castano:2024,2024,MiLB,SEA,Blas Castano,4.380319326697789,4.760626260827343,4.6067663027131776,7.755319463661659,3.087766082754179,1.0771277032863416
milb_tmp:jackson_rutledge:2024,2024,MiLB,WSN,Jackson Rutledge,6.400545225244058,5.391937908271909,5.287586715199563,9.416894124497006,5.66485037176773,1.2506812509097585
milb_tmp:ryan_gusto:2024,2024,MiLB,HOU,Ryan Gusto,3.70112334168692,4.373983188675386,5.000652339888501,8.5550555930796,3.215730116547652,0.8494381439937193
milb_tmp:jairo_iriarte:2024,2024,MiLB,CHW,Jairo Iriarte,3.7142857142857135,3.858493462063018,4.144802996480749,8.714285714285714,4.071428571428571,0.5
milb_tmp:cole_wilcox:2024,2024,MiLB,TBR,Cole Wilcox,3.5707659140861434,3.659381378227426,3.901630339039179,6.890951764025891,2.7563807056103564,0.501160128292792
milb_tmp:karl_kauffmann:2024,2024,MiLB,COL,Karl Kauffmann,8.95372820885887,7.952909634068134,6.692737793882152,5.136247189577956,5.275064681188171,2.3598973573736552
milb_tmp:carson_ragsdale:2024,2024,MiLB,SFG,Carson Ragsdale,4.176795404052928,4.683266401481249,4.151943026149615,10.964087935638936,4.251381036268159,1.4171270120893864
milb_tmp:ian_seymour:2024,2024,MiLB,TBR,Ian Seymour,2.3532110915301643,3.296710129119653,3.695395765861988,10.03211044283912,2.538990914545704,0.6811926843903108
milb_tmp:andry_lara:2024,2024,MiLB,WSN,Andry Lara,3.3415840795350764,4.027587118934742,3.6843419225545375,8.821781969972601,2.9405939899908677,1.0693069054512243
milb_tmp:gordon_graceffo:2024,2024,MiLB,STL,Gordon Graceffo,4.846153846153846,5.169049549102784,5.171303118765355,7.407692307692308,3.4615384615384617,1.3846153846153846
milb_tmp:bubba_chandler:2024,2024,MiLB,PIT,Bubba Chandler,3.0835657217352583,3.0981264195096263,3.366089563443264,11.13092016626386,3.0835657217352583,0.6768802803809104
milb_tmp:michael_mcgreevy:2024,2024,MiLB,STL,Michael McGreevy,4.02,3.862382882436117,4.168921109338601,8.28,2.64,0.84
milb_tmp:andrew_alvarez:2024,2024,MiLB,WSN,Andrew Alvarez,3.8962028326649984,4.38831783721196,4.384981557633634,7.792405665329997,3.622785090021841,0.8886076635902628
milb_tmp:joe_rock:2024,2024,MiLB,TBR,Joe Rock,4.57517933084342,4.141841953590222,4.243235012971837,8.50596720663847,2.255370092669291,1.0954654735822271
milb_tmp:carson_seymour:2024,2024,MiLB,SFG,Carson Seymour,4.823820974661704,5.323491017119935,4.77062619980511,8.84367178687979,4.019850812218087,1.339950270739362
milb_tmp:mike_vasil:2024,2024,MiLB,NYM,Mike Vasil,6.044776119402985,5.748154026714724,5.107748132276891,7.32089552238806,3.492537313432836,1.611940298507463
milb_tmp:chad_patrick:2024,2024,MiLB,MIL,Chad Patrick,2.904645260042204,3.979807464664307,4.429210244137052,9.57212642513908,2.574571935037408,1.0562346400153468
milb_tmp:doug_nikhazy:2024,2024,MiLB,CLE,Doug Nikhazy,2.983827738704033,4.1331647362919925,4.422952034896975,9.024259502421952,3.857143174422286,0.8733154357182534
milb_tmp:dom_hamel:2024,2024,MiLB,NYM,Dom Hamel,6.786096810415079,5.951402684674035,5.770512929805659,8.951872388207125,5.558823982999586,1.6604279429739024
milb_tmp:carlos_rodriguez:2024,2024,MiLB,MIL,Carlos Rodriguez,4.511568477331989,4.679589481984504,5.12775765464492,8.95372820885887,4.233933494111558,1.041131187076613
milb_tmp:chase_petty:2024,2024,MiLB,CIN,Chase Petty,4.204379562043796,3.855266760039504,3.917431810541745,8.540145985401459,3.875912408759124,0.7226277372262774
milb_tmp:travis_adams:2024,2024,MiLB,MIN,Travis Adams,3.897637795275591,3.803797758658101,3.9288162693029314,8.362204724409448,2.4803149606299213,0.9212598425196852
milb_tmp:noah_cameron:2024,2024,MiLB,KCR,Noah Cameron,3.0777204505817988,3.2828113837232187,3.4514992906491018,10.42228061674291,2.5181349141123808,0.8393783047041269
milb_tmp:hunter_dobbins:2024,2024,MiLB,BOS,Hunter Dobbins,3.079575518914799,3.04330758873264,3.929537579551128,8.594164238831997,3.437665695532799,0.1432360706471999
milb_tmp:colton_gordon:2024,2024,MiLB,HOU,Colton Gordon,3.9405407030483226,4.313035781071777,4.847328716877967,9.048649021814668,2.8459460633126774,0.9486486877708924
milb_tmp:gunnar_hoglund:2024,2024,MiLB,OAK,Gunnar Hoglund,3.4438778191296184,4.397488058835803,4.33204829548913,8.196429209528493,2.548469586155917,1.1709184585040702
milb_tmp:caden_dana:2024,2024,MiLB,LAA,Caden Dana,2.5208847099049043,3.1634542559699987,3.435112765934461,9.751843483053182,2.5872237812181917,0.6633907131328696
milb_tmp:blade_tidwell:2024,2024,MiLB,NYM,Blade Tidwell,4.855586032943768,5.161948467650661,4.877496129086071,8.901907727063575,4.708447062248503,1.3242507362573914
milb_tmp:mason_barnett:2024,2024,MiLB,OAK,Mason Barnett,4.195489203143494,3.5452492309901142,3.566261128207645,10.894738092033911,3.315789854097278,0.8796993490462166
milb_tmp:aj_blubaugh:2024,2024,MiLB,HOU,AJ Blubaugh,3.707254179109894,4.474302619649086,4.768007876044644,9.303109543804071,3.5673577949925392,0.9792746888214814
milb_tmp:brad_lord:2024,2024,MiLB,WSN,Brad Lord,2.429306103178763,3.5030733302314885,4.0489752590853225,9.370180683689515,3.401028544450268,0.5552699664408601
milb_tmp:parker_messick:2024,2024,MiLB,CLE,Parker Messick,2.827930389779518,3.0811582692627053,3.0387153076858646,11.109726531276676,2.9625937416737806,0.6733167594713138
milb_tmp:cam_schlittler:2024,2024,MiLB,NYY,Cam Schlittler,3.3563539238471782,3.6002568639354133,3.43839392445178,11.486188983832566,4.1022103513687735,0.7458564275215952
milb_tmp:jonah_tong:2024,2024,MiLB,NYM,Jonah Tong,3.0265486725663715,2.329543944528961,2.884008677839467,12.743362831858407,3.743362831858407,0.2389380530973451
milb_tmp:chase_dollander:2024,2024,MiLB,COL,Chase Dollander,2.593220338983051,2.9239540673918647,3.2416309508984376,12.889830508474576,3.5847457627118646,0.5338983050847458
milb_tmp:brandyn_garcia:2024,2024,MiLB,SEA,Brandyn Garcia,2.25,3.29781978288582,3.618960902032989,10.39655172413793,3.646551724137931,0.3103448275862069
milb_tmp:nolan_mclean:2024,2024,MiLB,NYM,Nolan McLean,3.775076338012727,4.025438597921137,3.780139756915554,9.519757721945137,3.446808830359446,0.8206687691332014
milb_tmp:edgar_barclay:2024,2024,MiLB,NYY,Edgar Barclay,5.979020979020979,6.261357241410476,5.705807821671446,7.426573426573427,4.405594405594406,1.888111888111888
milb_tmp:juan_mercedes:2024,2024,MiLB,SEA,Juan Mercedes,2.8683600749759752,3.790973198399545,4.028667987053217,7.85681237928202,1.6212469988994642,0.9976904608612088
milb_tmp:luis_palacios:2024,2024,MiLB,MIA,Luis Palacios,4.909091309661972,4.137077690416492,3.840406556546283,6.786096810415079,2.093583058532312,1.082887788896023
milb_tmp:bryan_caceres:2024,2024,MiLB,WSN,Bryan Caceres,4.827272727272727,4.511426834626631,5.23221838907762,6.627272727272727,4.254545454545455,0.4909090909090909
milb_tmp:inohan_paniagua:2024,2024,MiLB,STL,Inohan Paniagua,3.8236995905925593,4.317357666124668,4.064948661439039,9.598266319242546,3.901734276114857,0.8583815407452684
milb_tmp:gabe_mosser:2024,2024,MiLB,SDP,Gabe Mosser,5.399999588012727,4.922157299995429,5.316975475706627,6.952499469566385,3.239999752807636,1.0124999227523863
milb_tmp:manuel_urias:2024,2024,MiLB,HOU,Manuel Urias,6.191083404257553,5.649238271334887,4.022647502557536,9.200637836882752,2.8375798936180447,2.149681737589428
milb_tmp:joander_suarez:2024,2024,MiLB,NYM,Joander Suarez,4.488311866197932,3.928989449580443,3.5884595695869104,8.696104240758494,2.103896187280281,1.1922078394588258
milb_tmp:edinson_batista:2024,2024,MiLB,HOU,Edinson Batista,5.008695652173913,5.67862051051596,4.559323658632196,8.060869565217391,4.226086956521739,1.4086956521739131
milb_tmp:carlos_pena:2024,2024,MiLB,DET,Carlos Pena,3.459610266804673,3.5734959352588085,4.027967856043995,8.423398910480945,3.6100281044918336,0.526462431905059
milb_tmp:gabriel_barbosa:2024,2024,MiLB,NYY,Gabriel Barbosa,5.085872791147535,3.9547631841809374,3.363194748573493,9.573407606865947,2.8421053832883283,0.9722992100723228
milb_tmp:hancel_rincon:2024,2024,MiLB,STL,Hancel Rincon,3.798995266171193,4.353695455594115,4.639909390265236,7.123116124070987,3.2562816567181656,0.8819096153611699
milb_tmp:connor_van_scoyoc:2024,2024,MiLB,COL,Connor Van Scoyoc,4.460869565217391,4.743140832237575,4.53862672234359,5.71304347826087,3.365217391304348,0.9391304347826088
milb_tmp:jose_atencio:2024,2024,MiLB,WSN,Jose Atencio,3.349876104921086,4.015601104089303,4.214625479283744,6.766749731940594,2.2779157513463386,0.7369727430826389
milb_tmp:chase_chaney:2024,2024,MiLB,LAA,Chase Chaney,4.304347826086956,4.694932385458463,4.170222253838311,6.717391304347826,2.869565217391304,1.2391304347826086
milb_tmp:ryan_garcia:2024,2024,MiLB,TEX,Ryan Garcia,3.774193548387097,4.2473250112225935,4.784474768850112,9.14516129032258,4.137096774193548,0.7983870967741935
milb_tmp:evan_fitterer:2024,2024,MiLB,MIA,Evan Fitterer,4.922651804016392,4.409988992755863,4.28851474363181,8.502762206937405,5.071823070804768,0.6712707005476899
milb_tmp:james_gonzalez:2024,2024,MiLB,OAK,James Gonzalez,3.412088055121791,3.664914572972673,3.74098370259929,8.159341001378195,2.81868143683974,0.667582445567307
milb_tmp:avery_short:2024,2024,MiLB,ARI,Avery Short,3.506493228546283,3.799673748072657,3.938622187828406,7.854544831943674,2.524675124553324,0.7012986457092566
milb_tmp:po-yu_chen:2024,2024,MiLB,PIT,Po-Yu Chen,4.029850746268656,4.340610008097407,4.562407441793093,6.447761194029851,2.888059701492537,0.8059701492537313
milb_tmp:blane_abeyta:2024,2024,MiLB,NYY,Blane Abeyta,4.945946625848255,4.926876816553211,4.086475266610998,6.891892839296748,1.7837840289944524,1.5405407523133907
milb_tmp:jose_davila:2024,2024,MiLB,STL,Jose Davila,3.5396343110077235,3.0253833710048106,3.960237955150788,9.301829701020296,3.7865855420082624,0.0
milb_tmp:wilber_dotel:2024,2024,MiLB,PIT,Wilber Dotel,5.33228865631432,5.766912833756424,4.654845533677184,8.971787263005044,4.570533133983703,1.7774295521047732
milb_tmp:manuel_mercedes:2024,2024,MiLB,SFG,Manuel Mercedes,5.275862068965517,5.13039477282557,4.567641675831943,6.905172413793103,4.189655172413793,1.0086206896551724
milb_tmp:joe_elbis:2024,2024,MiLB,ARI,Joe Elbis,3.391625743231778,3.850099687201521,4.272519829247793,7.448276141999198,3.1256158810175205,0.5985221899820784
milb_tmp:aaron_rozek:2024,2024,MiLB,MIN,Aaron Rozek,3.9098360655737694,3.682658503485508,4.32948574174623,7.377049180327869,2.2131147540983607,0.6639344262295082
milb_tmp:alonzo_richardson:2024,2024,MiLB,CLE,Alonzo Richardson,4.026316261027383,4.392636813505617,4.517660199050883,5.763158569705863,3.394737239689755,0.6315790213376288
milb_tmp:alberto_pacheco:2024,2024,MiLB,COL,Alberto Pacheco,3.729282082344357,4.804161844715712,4.583141446161252,8.428177506098248,3.953039007285019,0.8204420581157585
milb_tmp:yoniel_curet:2024,2024,MiLB,TBR,Yoniel Curet,2.949579879209052,3.755921891114087,3.837662109472811,12.025210276775365,4.537815198783156,0.6806722798174735
milb_tmp:carlos_marcano:2024,2024,MiLB,DET,Carlos Marcano,3.857142857142857,3.361277941295079,3.70000990940524,7.794642857142857,2.892857142857143,0.4017857142857143
milb_tmp:yorman_gomez:2024,2024,MiLB,CLE,Yorman Gomez,3.9836065573770494,4.02556788256911,3.927232664945673,8.336065573770492,3.319672131147541,0.7377049180327869
milb_tmp:darlin_saladin:2024,2024,MiLB,STL,Darlin Saladin,2.707317073170732,2.6680917263031008,3.288569415657501,9.804878048780488,2.414634146341464,0.2926829268292683
milb_tmp:ricardo_estrada:2024,2024,MiLB,SFG,Ricardo Estrada,1.2180452525255308,2.667712983638124,3.02349368634642,10.759399730642189,2.842105589226238,0.0
milb_tmp:felipe_de_la_cruz:2024,2024,MiLB,NYM,Felipe De La Cruz,4.245283018867925,3.08518326687363,3.988679829183615,9.849056603773583,3.820754716981132,0.1698113207547169
milb_tmp:gerardo_salas:2024,2024,MiLB,STL,Gerardo Salas,2.6205883529029554,3.30881236594441,3.508031247293769,9.450000424104598,1.9852942067446635,0.7147059144280788
milb_tmp:victor_juarez:2024,2024,MiLB,COL,Victor Juarez,4.297297297297297,4.770189740206745,3.909003178654491,9.16216216216216,2.756756756756757,1.5405405405405406
milb_tmp:marlon_franco:2024,2024,MiLB,SFG,Marlon Franco,1.653061224489796,3.42496340226154,3.48066316649926,8.448979591836734,0.9183673469387756,0.3673469387755102
milb_tmp:austin_aldeano:2024,2024,MiLB,CLE,Austin Aldeano,5.1780816506078375,6.443921799560426,5.944501144093376,7.212328013346632,3.5136982629124613,1.2945204126519594
milb_tmp:miguel_ullola:2024,2024,MiLB,HOU,Miguel Ullola,4.281330090352718,4.041171044157382,4.08779795239025,11.808184604037336,5.317135757373537,0.8286445336166551
milb_tmp:bryan_perez:2024,2024,MiLB,COL,Bryan Perez,4.258928571428571,4.739572409221104,4.4432170235551895,9.964285714285714,4.339285714285714,0.6428571428571429
milb_tmp:felix_arronde:2024,2024,MiLB,KCR,Felix Arronde,2.936556026611145,3.8867133654295176,3.497396707340878,8.401813076137442,2.610272023654351,0.7341390066527862
milb_tmp:henry_baez:2024,2024,MiLB,SDP,Henry Baez,2.9920845531809683,3.848604408761151,3.715155152551281,7.765171816588704,2.849604336362827,0.7124010840907068
milb_tmp:tyson_guerrero:2024,2024,MiLB,KCR,Tyson Guerrero,4.536585436202032,4.444779719377533,4.5759651007454245,9.000000139562097,4.170731771992191,0.9512195269455876
milb_tmp:logan_workman:2024,2024,MiLB,TBR,Logan Workman,2.958904109589041,3.536477346616249,4.029825582263404,8.506849315068493,2.712328767123288,0.7397260273972602
milb_tmp:brett_kerry:2024,2024,MiLB,LAA,Brett Kerry,4.539823315363745,4.813177299104195,4.367342913738921,8.900443078805237,2.2101771403744546,1.6128319673002778
milb_tmp:lael_lockhart:2024,2024,MiLB,DET,Lael Lockhart,4.537190082644628,4.747962515807349,4.259301634711668,10.785123966942148,4.388429752066116,1.3388429752066116
milb_tmp:alex_pham:2024,2024,MiLB,BAL,Alex Pham,4.235294117647059,3.873721760260959,3.6864943338667646,10.436974789915968,3.7815126050420167,1.0588235294117647
milb_tmp:nic_swanson:2024,2024,MiLB,HOU,Nic Swanson,4.850299539688805,4.557149027699857,4.207750127246687,9.53892242805465,3.880239631751045,1.2125748849222011
milb_tmp:aaron_davenport:2024,2024,MiLB,CLE,Aaron Davenport,2.845433051906966,3.729211472032853,4.159841008422694,8.536299155720899,3.2880559710924944,0.6955503015772584
milb_tmp:thomas_farr:2024,2024,MiLB,CIN,Thomas Farr,5.556728455907513,5.463908801918106,4.735359973905632,6.197889431589149,3.3482850952263217,1.4248021681814136
milb_tmp:michael_morales:2024,2024,MiLB,SEA,Michael Morales,3.0201342281879198,3.462467867576035,3.5914744817970576,8.879194630872483,2.295302013422819,0.785234899328859
milb_tmp:mason_albright:2024,2024,MiLB,COL,Mason Albright,4.590778501727497,4.596943721052959,4.880661299133641,6.22478440912203,3.112392204561015,1.01152746648233
milb_tmp:kevin_abel:2024,2024,MiLB,CIN,Kevin Abel,4.512968696613472,4.3551862592119415,4.184626764842551,8.792507977884867,5.05763733241165,0.7780980511402538
milb_tmp:bailey_dees:2024,2024,MiLB,NYY,Bailey Dees,4.249394987121655,4.373080899455735,3.820028952725,9.479419586656,3.5302666046856825,1.2421308423894069
milb_tmp:jacob_steinmetz:2024,2024,MiLB,ARI,Jacob Steinmetz,4.012383711380443,3.797681649087716,4.1083314070743056,9.445819987208129,3.510835747457888,0.5015479639225554
milb_tmp:blake_beers:2024,2024,MiLB,OAK,Blake Beers,3.908686234484716,4.655979530687475,4.188341635552779,8.358575178359624,2.946548084457709,1.2628063219104468
milb_tmp:zach_messinger:2024,2024,MiLB,NYY,Zach Messinger,3.06,3.5445901075998942,4.085271751085918,8.16,3.12,0.54
milb_tmp:chandler_champlain:2024,2024,MiLB,KCR,Chandler Champlain,5.066508497170509,5.024662482177406,4.784230998574194,7.695962274183052,3.399050004430848,1.346793397982034
milb_tmp:trenton_denholm:2024,2024,MiLB,CLE,Trenton Denholm,3.094382128576459,4.030480146198348,3.6968339398531063,7.705618241749221,2.184269737818677,1.0314607095254862
milb_tmp:tommy_mace:2024,2024,MiLB,CLE,Tommy Mace,3.707094080392524,4.682271358108375,4.508078909614484,6.425629739347042,2.8421054616342687,1.050343322777882
milb_tmp:garrett_burhenn:2024,2024,MiLB,DET,Garrett Burhenn,3.678474267381642,3.915666727679024,3.912549662170085,9.049046697758842,3.08991838460058,0.9564033095192273
milb_tmp:orlando_ortiz-mayr:2024,2024,MiLB,LAD,Orlando Ortiz-Mayr,4.710074063243374,5.068387652430562,4.638221006178855,7.164619701834991,3.9803442787972174,1.1941032836391652
milb_tmp:ben_kudrna:2024,2024,MiLB,KCR,Ben Kudrna,4.213873018204045,4.504218316336572,3.948627654052831,9.286127577153358,4.135838332681748,1.09248559731216
milb_tmp:ryan_webb:2024,2024,MiLB,CLE,Ryan Webb,2.8018868932863232,3.2479166394762475,3.8497348713512154,9.615566383778065,3.3113208738838367,0.4457547330228241
milb_tmp:luis_cesar:2024,2024,MiLB,MIA,Luis Cesar,2.297872340425532,5.545982399392635,5.245614764569922,7.276595744680851,5.9361702127659575,0.7659574468085106
milb_tmp:enmanuel_pinales:2024,2024,MiLB,SDP,Enmanuel Pinales,3.4864864864864864,4.477671120188258,4.199488380980922,8.18918918918919,3.4864864864864864,1.135135135135135
milb_tmp:antonio_florido:2024,2024,MiLB,DET,Antonio Florido,2.9347826086956523,5.302070766946544,5.546043232099517,8.217391304347826,6.8478260869565215,0.1956521739130435
milb_tmp:emmanuel_reyes:2024,2024,MiLB,KCR,Emmanuel Reyes,3.616822429906542,3.97107961601186,4.020258221197351,7.149532710280374,2.691588785046729,0.6728971962616822
milb_tmp:aldrin_batista:2024,2024,MiLB,CHW,Aldrin Batista,2.9277111124899173,3.7451507247529054,3.7087630077147806,9.433735806911956,3.171687038530744,0.6506024694422039
milb_tmp:wilmer_blanco:2024,2024,MiLB,PHI,Wilmer Blanco,6.702127659574468,5.41832282492455,4.984651062114442,9.382978723404255,5.553191489361702,0.9574468085106383
milb_tmp:german_nunez:2024,2024,MiLB,TEX,German Nunez,2.8867924528301887,3.0703234330663145,2.63125340377666,12.566037735849056,1.8679245283018868,0.6792452830188679
milb_tmp:edinzo_marquez:2024,2024,MiLB,NYY,Edinzo Marquez,3.451128215489004,3.1413972485091635,3.5480037658900736,10.15037710437942,4.060150841751769,0.0
milb_tmp:santiago_suarez:2024,2024,MiLB,TBR,Santiago Suarez,4.110448135644544,3.506914453954733,2.9913281288768294,9.268657560767108,1.6925374676183416,0.9671642672104808
milb_tmp:sabier_marte:2024,2024,MiLB,NYY,Sabier Marte,2.7551020408163267,4.128700593053078,3.754690999644144,8.081632653061224,2.938775510204082,0.7346938775510204
milb_tmp:franyer_herrera:2024,2024,MiLB,NYY,Franyer Herrera,2.006756963653252,2.800308013537041,3.10772633711675,11.675676879437098,3.1013516711004794,0.1824324512412046
milb_tmp:jose_serrano:2024,2024,MiLB,HOU,Jose Serrano,2.625,3.892650477091472,4.173400704640275,8.625,4.125,0.1875
milb_tmp:eddy_felix:2024,2024,MiLB,DET,Eddy Felix,3.122448979591837,2.955575647159499,2.8503270167325225,12.489795918367347,3.122448979591837,0.3673469387755102
milb_tmp:leodarlyn_colon:2024,2024,MiLB,WSN,Leodarlyn Colon,3.654135757576592,5.3113001193824685,5.201742405132267,7.105263973065595,4.872181010102123,0.8120301683503538
milb_tmp:joel_hurtado:2024,2024,MiLB,LAA,Joel Hurtado,4.608173414976664,4.421177331794653,4.711478872537123,8.697116022632013,5.322115775043471,0.5192308073213142
milb_tmp:jesus_colina:2024,2024,MiLB,CIN,Jesus Colina,3.717391304347826,4.454244679990023,4.279952635923806,6.065217391304348,2.347826086956522,0.5869565217391305
milb_tmp:ian_mejia:2024,2024,MiLB,ATL,Ian Mejia,3.7957562214197984,4.053666766347762,4.136866028351776,8.880637197284056,4.225464472901285,0.7877984610493921
milb_tmp:john_michael_bertrand:2024,2024,MiLB,SFG,John Michael Bertrand,4.153846153846154,3.87514997567886,3.6833118465657417,7.211538461538462,2.5961538461538463,0.8076923076923077
milb_tmp:jacob_miller:2024,2024,MiLB,MIA,Jacob Miller,3.845930573745601,3.8214677099700416,3.8068255124401382,7.299419252211039,2.668604887905111,0.7063954115042941
milb_tmp:tyler_guilfoil:2024,2024,MiLB,HOU,Tyler Guilfoil,4.805084745762712,5.604826123835677,5.020294927237398,8.161016949152541,4.11864406779661,1.5254237288135593
milb_tmp:billy_corcoran:2024,2024,MiLB,ARI,Billy Corcoran,4.354838812731958,4.342784408324124,4.009493742747514,7.637717302329896,2.478908247247422,1.1389578433298968
milb_tmp:blake_adams:2024,2024,MiLB,COL,Blake Adams,2.905511811023622,3.1342331154139966,3.4412860002808685,8.858267716535433,1.84251968503937,0.6377952755905512
milb_tmp:isaac_coffey:2024,2024,MiLB,BOS,Isaac Coffey,3.167155708662527,3.809008523501183,3.901633058469024,11.718476122051351,4.038123528544722,0.7126100344490686
milb_tmp:devereaux_harrison:2024,2024,MiLB,TOR,Devereaux Harrison,4.648101624933682,4.745012154149016,4.726267853639902,7.5873423583476285,3.75949396134342,1.23037984189421
milb_tmp:tyler_stuart:2024,2024,MiLB,NYM,Tyler Stuart,4.11989079405809,3.338567331891965,3.428157131951316,9.93187959281861,2.7220707032169527,0.7356947846532305
milb_tmp:kyle_luckham:2024,2024,MiLB,WSN,Kyle Luckham,5.0625,4.710332410534223,4.144615786739935,6.4375,2.1875,1.25
milb_tmp:mason_adams:2024,2024,MiLB,CHW,Mason Adams,2.9168976302169685,3.5966554012258847,3.332400794064859,8.227147162150425,2.094182914001926,0.7479224692864022
milb_tmp:duncan_davitt:2024,2024,MiLB,TBR,Duncan Davitt,3.621951489105336,3.9480056390901344,3.732917616480815,9.285366544797316,2.76585386440771,0.9878049515741824
milb_tmp:chris_campos:2024,2024,MiLB,LAD,Chris Campos,3.425982031046336,4.0665459991978,3.589038142364368,9.62537808722542,2.447130022175954,1.3051360118271755
milb_tmp:spencer_giesting:2024,2024,MiLB,ARI,Spencer Giesting,3.3113208738838367,3.530350527059434,3.4217295211336487,9.806604126502132,2.8018868932863232,0.76415097089627
milb_tmp:jack_choate:2024,2024,MiLB,SFG,Jack Choate,3.788060046574383,3.517393207391468,3.8298764537920063,10.316418850245128,2.9820898238989826,0.6447761781403205
milb_tmp:jared_kollar:2024,2024,MiLB,SDP,Jared Kollar,3.650510061983768,3.893938294360846,4.483221964016172,7.714285414003434,2.4107141918760733,0.8265305800717965
milb_tmp:david_davalillo:2024,2024,MiLB,TEX,David Davalillo,1.8761330170015649,2.8022699969179894,3.2531805103555924,9.217523083529429,2.610272023654351,0.2447130022175954
milb_tmp:trace_bright:2024,2024,MiLB,BAL,Trace Bright,4.178571428571429,4.538637726647513,4.2457385702590855,9.642857142857142,4.821428571428571,1.0446428571428572
milb_tmp:andrew_morris:2024,2024,MiLB,MIN,Andrew Morris,2.3684207809080218,2.857674957483646,3.483789128214106,8.999998967450482,2.16541328540162,0.4060149910128037
milb_tmp:austin_krob:2024,2024,MiLB,SDP,Austin Krob,4.42741935483871,3.595394740566131,3.635509056333573,8.709677419354838,3.193548387096774,0.5806451612903226
milb_tmp:braeden_fausnaught:2024,2024,MiLB,PHI,Braeden Fausnaught,3.5714289498708007,3.94663129094814,3.9377807417121895,8.714286637684753,2.8571431598966406,0.928571526966408
milb_tmp:trevor_martin:2024,2024,MiLB,TBR,Trevor Martin,4.414169120857971,3.815336300752184,3.6301671794006474,10.152588977973334,2.7956404432100483,1.02997279486686
milb_tmp:trystan_vrieling:2024,2024,MiLB,NYY,Trystan Vrieling,4.581447647478085,3.730864593035243,3.945198455642412,8.063347859561429,2.809954557119892,0.7941175922295347
milb_tmp:brycen_mautz:2024,2024,MiLB,STL,Brycen Mautz,5.17808262471929,4.855333832488283,4.005447244488511,9.468493942343846,3.4767126194543807,1.4794521784912258
milb_tmp:tyler_schweitzer:2024,2024,MiLB,CHW,Tyler Schweitzer,4.0227272727272725,3.539922288297671,3.502081276386492,9.272727272727272,2.7954545454545454,0.8181818181818182
milb_tmp:max_rajcic:2024,2024,MiLB,STL,Max Rajcic,4.32824427480916,4.409910869598389,4.032926695583431,9.0,3.0229007633587788,1.236641221374046
milb_tmp:brandon_birdsell:2024,2024,MiLB,CHC,Brandon Birdsell,3.9140052074839295,3.633980632375668,3.63314086523668,8.889435555980452,2.0565112107118955,0.9287469983860174
milb_tmp:pete_hansen:2024,2024,MiLB,STL,Pete Hansen,3.8571425514009112,3.5585181917704314,3.654837951116768,9.39740185250404,2.875324447407952,0.7012986457092566
milb_tmp:miguel_cienfuegos:2024,2024,MiLB,SDP,Miguel Cienfuegos,5.356568501566268,5.058264675692829,4.535732862061227,6.080429109886034,2.9678284941110404,1.2305630341436022
milb_tmp:dylan_cumming:2024,2024,MiLB,SFG,Dylan Cumming,4.112068965517241,3.662553702234863,3.454249294967128,10.70689655172414,3.4913793103448274,0.7758620689655172
milb_tmp:riley_cornelio:2024,2024,MiLB,WSN,Riley Cornelio,5.556728455907513,4.91044343985352,4.83281421495283,8.121372358634057,4.630607046589594,1.0686016261360602
milb_tmp:connor_noland:2024,2024,MiLB,CHC,Connor Noland,3.492537313432836,3.857936723388373,3.684956870731108,7.791044776119403,2.417910447761194,0.9402985074626866
milb_tmp:dominic_perachi:2024,2024,MiLB,PIT,Dominic Perachi,3.53197705752147,3.1440562663787923,3.6871681339444153,9.497093865779954,3.2965119203533724,0.3139535162241307
milb_tmp:austin_peterson:2024,2024,MiLB,CLE,Austin Peterson,2.64375,2.5430202513933184,3.0310525835026056,8.94375,1.18125,0.45
milb_tmp:steven_zobac:2024,2024,MiLB,KCR,Steven Zobac,3.6428575840126634,3.030877840938366,3.7085660871413033,8.785715349677597,2.07142882228171,0.5000000605507576
milb_tmp:jagger_haynes:2024,2024,MiLB,SDP,Jagger Haynes,4.635542594775703,4.625370132720676,4.461270825996367,9.271085189551403,5.367470372898182,0.8945783954830303
milb_tmp:jackson_ferris:2024,2024,MiLB,LAD,Jackson Ferris,3.1973686296854127,3.3003283435251007,3.676862607532508,10.302632251208554,4.050000264268189,0.4263158172913884
milb_tmp:will_rudy:2024,2024,MiLB,MIL,Will Rudy,4.605882559647619,4.63281160819902,3.938938372022903,8.417647436597372,2.8588236577123154,1.3500000605863711
milb_tmp:gary_gill_hill:2024,2024,MiLB,TBR,Gary Gill Hill,3.147239558423709,3.550948886978303,3.2387585867079483,8.696319832486564,2.236196528353688,0.7453988427845626
milb_tmp:yereny_teus:2024,2024,MiLB,TBR,Yereny Teus,2.5,3.124131958572953,2.913069915702498,11.833333333333334,2.833333333333333,0.5
milb_tmp:luis_aguilar:2024,2024,MiLB,HOU,Luis Aguilar,2.4375,3.517650477091472,3.892287268194681,8.625,3.1875,0.1875
milb_tmp:eduar_gonzalez:2024,2024,MiLB,TOR,Eduar Gonzalez,3.776223373282546,3.577382454356091,3.764637014282241,9.629369601870492,3.3986010359542917,0.3776223373282546
milb_tmp:elwis_mijares:2024,2024,MiLB,NYM,Elwis Mijares,5.1617650678413804,3.049513157222506,3.210090324241906,11.71323611548621,3.375000236665518,0.1985294256862069
milb_tmp:christian_lopez:2024,2024,MiLB,CIN,Christian Lopez,2.091548930555853,2.3492235311035854,2.8252679955782094,12.169011959597688,2.6619713661619944,0.0
milb_tmp:joelvis_perez:2024,2024,MiLB,CLE,Joelvis Perez,3.4714281930729247,4.211698070448275,4.790176780417179,6.55714214247108,3.664285314910309,0.1928571218373847
milb_tmp:leuris_portorreal:2024,2024,MiLB,WSN,Leuris Portorreal,3.8322576872541183,5.041932862745251,4.794074268705227,6.967741249552942,3.6580641560152944,0.8709676561941178
milb_tmp:wuilberth_mendez:2024,2024,MiLB,DET,Wuilberth Mendez,2.6503069965673336,4.233652546202185,4.034253185198336,6.294479116847418,1.4907976855691252,0.4969325618563751
milb_tmp:kelvis_salcedo:2024,2024,MiLB,DET,Kelvis Salcedo,3.933775231951301,3.5786327768943704,3.1619351229144788,10.907285870410426,3.2185433715965197,0.5364238952660866
milb_tmp:yadiel_batista:2024,2024,MiLB,STL,Yadiel Batista,3.884892512796801,4.103153714442144,3.762125864067188,8.741008153792803,3.107914010237441,0.7769785025593603
milb_tmp:ubert_mejias:2024,2024,MiLB,SFG,Ubert Mejias,4.695652563315065,4.616125249547187,4.576407385672832,6.236413560652821,1.8342392825449476,0.8804348556215748
milb_tmp:javier_bartolozzi:2024,2024,MiLB,LAD,Javier Bartolozzi,4.470199127217388,3.499162570188284,3.2167662392350627,8.582782324257385,1.9668876159756503,0.5364238952660866
milb_tmp:argenis_aparicio:2024,2024,MiLB,MIL,Argenis Aparicio,2.8125,4.371817143758139,3.5927056788622096,7.6875,2.0625,0.9375
milb_tmp:joel_heredia:2024,2024,MiLB,PHI,Joel Heredia,3.9650345419466735,3.829130679241594,4.207303090688342,6.608390903244456,3.020978698626037,0.0
milb_tmp:enmanuel_talavera:2024,2024,MiLB,CIN,Enmanuel Talavera,2.471831251529237,3.511195028085974,3.341812600862674,8.366198082098956,1.711267789520241,0.570422596506747
milb_tmp:mariano_salomon:2024,2024,MiLB,NYY,Mariano Salomon,2.8,3.664872699313694,2.771229427721765,11.2,2.0,1.0
milb_tmp:manuel_osorio:2024,2024,MiLB,CLE,Manuel Osorio,1.711267789520241,4.123871150259888,4.623717978951355,8.176057216596707,4.753521637556225,0.0
milb_tmp:jose_rengel:2024,2024,MiLB,SFG,Jose Rengel,7.5,5.968179972966512,6.365877516071002,8.8125,6.9375,0.375
milb_tmp:ubaldo_soto:2024,2024,MiLB,LAA,Ubaldo Soto,1.2857142857142858,3.422412381853376,3.7241906218496816,9.0,3.2142857142857144,0.0
milb_tmp:jormy_nivar:2024,2024,MiLB,TEX,Jormy Nivar,1.7608695652173914,2.2585925060769787,2.760681519867933,9.782608695652174,0.9782608695652174,0.0
milb_tmp:keiverson_ramirez:2024,2024,MiLB,STL,Keiverson Ramirez,1.62,3.155983810424805,3.3466393154859544,8.64,2.16,0.18
milb_tmp:brayan_narvaez:2024,2024,MiLB,SFG,Brayan Narvaez,3.91603007821468,3.472167075215898,3.521769414468524,9.274808079982137,2.0610684622182527,0.4122136924436505
milb_tmp:deibi_rodriguez:2024,2024,MiLB,DET,Deibi Rodriguez,2.3142854620486166,3.804555257680463,3.948473349418035,8.099999117170158,2.8928568275607707,0.1928571218373847
milb_tmp:alexander_campos:2024,2024,MiLB,TBR,Alexander Campos,3.4309395157568088,4.125155093718579,3.73872910895657,6.414365181632294,1.3425415496439683,0.7458564164688715
milb_tmp:ashton_izzi:2024,2024,MiLB,SEA,Ashton Izzi,2.846385803809642,4.5578814041599,5.22442193744504,7.725904324626171,4.798193212136254,0.3253012347211019
milb_tmp:eduardo_robles:2024,2024,MiLB,PHI,Eduardo Robles,2.6068968260557845,3.727707922229016,3.971557315718231,7.634483562020512,2.979310658349468,0.1862069161468417
milb_tmp:sann_omosako:2024,2024,MiLB,TOR,Sann Omosako,2.4397592604082647,3.777188611428576,3.2234984809110885,7.644579015945895,0.6506024694422039,0.8132530868027549
milb_tmp:jharold_clemente:2024,2024,MiLB,TBR,Jharold Clemente,4.141104682136459,4.252057455900569,3.729648077908671,8.613497738843835,1.9877302474255003,0.8282209364272918
milb_tmp:jonathan_jimenez:2024,2024,MiLB,NYM,Jonathan Jimenez,3.992958175547229,3.9548570475912217,4.490407221189223,7.225352889085462,3.612676444542731,0.0
milb_tmp:dariel_polanco:2024,2024,MiLB,SDP,Dariel Polanco,3.24,5.235983810424805,4.306901517510414,4.32,1.44,1.08
milb_tmp:roman_angelo:2024,2024,MiLB,ARI,Roman Angelo,3.486263882407047,3.597616085457837,3.7213295265151354,11.200549920073705,3.708791364262816,0.667582445567307
milb_tmp:carlson_reed:2024,2024,MiLB,PIT,Carlson Reed,1.9877302474255003,3.280085735159754,3.4607708649325644,10.766872173554791,4.223926775779188,0.4141104682136459
milb_tmp:raymon_rosario:2024,2024,MiLB,PHI,Raymon Rosario,5.438849517915521,4.429221270251098,4.293599205285972,10.100720533271684,4.4676263897163215,0.3884892512796801
milb_tmp:josh_bostick:2024,2024,MiLB,SFG,Josh Bostick,4.779503332078985,4.7127867253988125,4.601432739015843,10.14596321371153,3.6894411686223743,0.9223602921555936
milb_tmp:eric_yost:2024,2024,MiLB,SDP,Eric Yost,4.695652312985187,4.158018818742258,4.112377257514398,8.133540613563627,2.9347826956157417,0.5869565391231484
milb_tmp:chris_clark:2024,2024,MiLB,LAA,Chris Clark,6.085714285714285,5.069803639820644,4.912531058277403,8.742857142857142,4.971428571428572,1.0285714285714285
milb_tmp:chen-wei_lin:2024,2024,MiLB,STL,Chen-Wei Lin,2.793103448275862,2.93518154538911,3.3758825627380404,9.54310344827586,2.793103448275862,0.2327586206896551
milb_tmp:brian_edgington:2024,2024,MiLB,CIN,Brian Edgington,4.208823718298686,3.6374020386491535,3.143698199113374,9.60882396064417,2.0647059750144496,1.0323529875072248
milb_tmp:riley_gowens:2024,2024,MiLB,CHW,Riley Gowens,3.836065573770492,3.7149931739950137,3.655650534504785,10.69672131147541,3.39344262295082,0.9590163934426228
milb_tmp:lucas_braun:2024,2024,MiLB,ATL,Lucas Braun,3.2575408339031484,3.142613011843697,3.243887449835527,10.14849259792904,2.6310906735371584,0.6890951764025891
milb_tmp:ryan_hawks:2024,2024,MiLB,SEA,Ryan Hawks,5.593923123516536,5.441311299233605,4.345670385434257,7.085635956454278,2.535911815994163,1.640884116231517
milb_tmp:lucas_gordon:2024,2024,MiLB,CHW,Lucas Gordon,2.230088495575221,4.605962271403991,4.4800729594225785,7.805309734513274,4.8584070796460175,0.7964601769911505
milb_tmp:patrick_reilly:2024,2024,MiLB,BAL,Patrick Reilly,3.469273835434563,4.523858934965493,3.909196922562435,11.011173477683611,4.449720788926939,1.2821229391823386
milb_tmp:sam_armstrong:2024,2024,MiLB,CHC,Sam Armstrong,2.8706896551724137,3.643893416174528,3.9015286633937527,7.836206896551724,2.793103448275862,0.5431034482758621
milb_tmp:barrett_kent:2024,2024,MiLB,LAA,Barrett Kent,6.212389380530974,5.264619817564973,5.050344683810145,9.95575221238938,4.8584070796460175,1.0353982300884956
milb_tmp:ty_langenberg:2024,2024,MiLB,MIN,Ty Langenberg,3.6666666666666665,3.279443728482282,3.342052963031111,9.666666666666666,2.5,0.6666666666666666
milb_tmp:anthony_crespo:2024,2024,MiLB,NYM,Anthony Crespo,3.24,3.755983810424805,3.866901517510415,9.54,3.96,0.36
milb_tmp:jack_mahoney:2024,2024,MiLB,COL,Jack Mahoney,3.9000004339218624,3.9969664689312543,3.787302559461354,8.625000959634887,2.250000250339536,0.7500000834465119
milb_tmp:will_schomberg:2024,2024,MiLB,SEA,Will Schomberg,3.7134672110688047,4.765992380997528,4.4372122507125,11.449857234128814,5.338109115911407,0.851002902536601
milb_tmp:sean_sullivan:2024,2024,MiLB,COL,Sean Sullivan,2.1069365091020225,2.8266394909960355,3.2256002432918205,9.75433569028714,1.170520282834457,0.7023121697006741
milb_tmp:ethan_bosacker:2024,2024,MiLB,KCR,Ethan Bosacker,2.454545654830986,3.274612124627992,3.9787023387772233,6.930481848934549,2.0213905392725766,0.3609625962986744
milb_tmp:matt_wilkinson:2024,2024,MiLB,CLE,Matt Wilkinson,1.8960675782679508,2.687611028399338,2.5173645837289707,13.196630344744936,2.806180015836567,0.7584270313071803
milb_tmp:jake_brooks:2024,2024,MiLB,MIA,Jake Brooks,2.181058681227378,3.5176719166843946,4.0427803953747405,6.844011723851428,1.7298051609734375,0.5264624402962637
milb_tmp:kade_morris:2024,2024,MiLB,OAK,Kade Morris,4.499999558224441,4.491878980145029,4.091471617006484,8.007352155075843,2.9779408841191155,0.9926469613730384
milb_tmp:braydon_tucker:2024,2024,MiLB,PHI,Braydon Tucker,2.9716981132075477,3.197777717716778,3.775484473611313,8.830188679245284,2.207547169811321,0.4245283018867924
milb_tmp:owen_wild:2024,2024,MiLB,TBR,Owen Wild,2.81868143683974,3.142863604600397,3.226956646650456,11.200549920073705,2.299450645842946,0.8159341001378195
milb_tmp:jack_wenninger:2024,2024,MiLB,NYM,Jack Wenninger,4.30434839720995,3.56494750125028,3.297852081420233,10.956523192898054,3.130435197970873,0.86086967944199
milb_tmp:drue_hackenberg:2024,2024,MiLB,ATL,Drue Hackenberg,3.0697674872489675,3.2078244727460983,3.6992252696834056,10.046511776451169,4.325581459305363,0.139534885784044
milb_tmp:ty_cummings:2024,2024,MiLB,SEA,Ty Cummings,4.1657146489357775,4.186946554510939,3.7295969730201866,9.565715119778451,3.5485717379823294,1.002857230299354
milb_tmp:quinn_mathews:2024,2024,MiLB,STL,Quinn Mathews,2.7627905751254693,2.5902391848497865,2.717263416351195,12.683720367621472,3.076744049571545,0.5023255591137217
milb_tmp:jackson_nezuh:2024,2024,MiLB,HOU,Jackson Nezuh,3.889196840289292,3.4635582261157727,3.3480242748562725,11.293629286224672,3.5900278525747304,0.7479224692864022
milb_tmp:dylan_carmouche:2024,2024,MiLB,SFG,Dylan Carmouche,3.384196273226732,4.188699438442079,4.229564918901509,9.490463461874969,3.678474210029056,0.7356948420058114
milb_tmp:danny_wirchansky:2024,2024,MiLB,SEA,Danny Wirchansky,2.8378378378378377,3.8423433020308218,4.045621186870713,7.216216216216216,2.4324324324324325,0.8108108108108109
milb_tmp:carter_spivey:2024,2024,MiLB,CLE,Carter Spivey,3.320855885947805,3.9550041099992255,4.393343382053779,6.930481848934549,3.4652409244672744,0.5053476348181442
milb_tmp:josh_grosz:2024,2024,MiLB,NYY,Josh Grosz,3.846575664077187,4.4462351596300485,3.8812640242137526,9.69041176911753,3.846575664077187,1.035616524943858
milb_tmp:elijah_dale:2024,2024,MiLB,SEA,Elijah Dale,4.458715596330276,5.042406616298431,4.82807341015667,9.1651376146789,4.706422018348624,0.5779816513761468
milb_tmp:zach_fruit:2024,2024,MiLB,BAL,Zach Fruit,3.02803738317757,3.921367361389588,4.114106451462362,9.504672897196262,4.626168224299065,0.5887850467289719
milb_tmp:drew_dowd:2024,2024,MiLB,TBR,Drew Dowd,2.846385803809642,3.958074358700498,4.077371879342738,8.051205559347274,3.659638890612397,0.4879518520816529
milb_tmp:rorik_maltrud:2024,2024,MiLB,CLE,Rorik Maltrud,3.439490278718291,3.4345346565113157,3.229894600643581,10.146496322218958,3.0955412508464617,0.7738853127116154
milb_tmp:brody_hopkins:2024,2024,MiLB,SEA,Brody Hopkins,3.0521742673993297,3.834490326845568,4.318843373545321,10.408696860618226,4.147826568517038,0.2347826359537946
milb_tmp:grant_rogers:2024,2024,MiLB,TOR,Grant Rogers,3.868656540205928,3.6983533076599207,3.5729416002044485,8.543283192954759,2.2567163151201246,0.8059701125429016
milb_tmp:jose_guevara:2024,2024,MiLB,NYM,Jose Guevara,1.6363636363636365,2.566892901333896,3.143014995872297,10.636363636363637,2.4545454545454546,0.0
milb_tmp:reiver_camacho:2024,2024,MiLB,COL,Reiver Camacho,2.333333333333333,2.9574652919062863,3.3322031344666527,7.666666666666667,1.0,0.1666666666666666
milb_tmp:keiber_armas:2024,2024,MiLB,TEX,Keiber Armas,6.293233804715242,4.2466605332082565,4.70409286526178,10.35338464646701,6.293233804715242,0.0
milb_tmp:samuel_perez:2024,2024,MiLB,CIN,Samuel Perez,2.6,3.953761588202583,3.989376025646925,7.2,2.4,0.4
milb_tmp:jose_feliz:2024,2024,MiLB,WSN,Jose Feliz,2.956204050305883,2.9686846525428003,2.868089112441924,10.64233458110118,2.1678829702243143,0.3941605400407844
milb_tmp:stharlin_torres:2024,2024,MiLB,CIN,Stharlin Torres,1.7573966083771844,2.910894956862875,3.530879657377272,8.147929729748764,2.076923264445764,0.0
milb_tmp:marcos_pimentel:2024,2024,MiLB,COL,Marcos Pimentel,5.328946833465292,5.1009836974897,4.206362552763617,6.92763088350488,2.842104977848156,1.0657893666930582
milb_tmp:melvin_rodriguez:2024,2024,MiLB,MIN,Melvin Rodriguez,2.7194247589577607,3.5011636144163067,3.523595206166565,9.323742030712324,2.3309355076780807,0.3884892512796801
milb_tmp:ayendy_bravo:2024,2024,MiLB,MIL,Ayendy Bravo,2.382353208469302,4.240689722476949,4.2636161288066265,6.750000757329689,3.176470944625736,0.397058868078217
milb_tmp:rubender_pena:2024,2024,MiLB,TBR,Rubender Pena,4.909091395498637,4.05390589606764,4.360320636447269,7.889611171337095,3.3311691612312178,0.1753246926963799
milb_tmp:hanfermin_vargas:2024,2024,MiLB,PHI,Hanfermin Vargas,2.820895201168322,5.005834439422763,5.383205901159122,6.044775431074976,5.0373128592291465,0.2014925143691658
milb_tmp:dioris_de_la_rosa:2024,2024,MiLB,LAA,Dioris De La Rosa,2.787096499821177,3.2985645222738245,3.6030023332260335,9.929031280612945,3.483870624776471,0.1741935312388235
milb_tmp:luis_maracara:2024,2024,MiLB,SDP,Luis Maracara,3.176470944625736,3.645101420359624,3.4940615276435265,10.32353057003364,3.176470944625736,0.397058868078217
milb_tmp:yhoiker_fajardo:2024,2024,MiLB,CHW,Yhoiker Fajardo,3.907894344541214,2.4957208011288907,2.32722543951306,11.368419911392625,1.421052488924078,0.3552631222310194
milb_tmp:eric_veras:2024,2024,MiLB,COL,Eric Veras,3.8,4.509317143758138,4.482340538832877,5.6,2.6,0.4
milb_tmp:miguel_flores:2024,2024,MiLB,CLE,Miguel Flores,2.9347826086956523,4.084679462598718,3.738942389433151,11.543478260869565,4.891304347826087,0.5869565217391305
milb_tmp:cesar_aquino:2024,2024,MiLB,PIT,Cesar Aquino,0.9782608695652174,3.4325055495552395,3.68872408821531,7.239130434782608,1.3695652173913044,0.1956521739130435
milb_tmp:dony_aguilera:2024,2024,MiLB,CIN,Dony Aguilera,2.5620435102650987,3.603721078164064,4.220494054717033,6.109488370632159,2.3649632402447063,0.0
milb_tmp:andrew_bolivar:2024,2024,MiLB,STL,Andrew Bolivar,4.218749497085869,3.9056713188067063,4.089487322888151,11.179686167277554,5.484374346211631,0.2109374748542934
milb_tmp:yermain_ruiz:2024,2024,MiLB,BOS,Yermain Ruiz,1.7737224301835297,4.392042158245633,4.117794252783725,7.291969990754511,2.956204050305883,0.5912408100611766
milb_tmp:maximo_gonzalez:2024,2024,MiLB,COL,Maximo Gonzalez,3.4714281930729247,5.347412232379541,4.546040527257741,8.485713360844928,4.821428045934618,0.9642856091869236
milb_tmp:franyerson_reyes:2024,2024,MiLB,DET,Franyerson Reyes,2.699999705723386,3.997412379517848,4.128323895298344,6.749999264308465,1.349999852861693,0.3857142436747694
milb_tmp:edelvis_perez:2024,2024,MiLB,CLE,Edelvis Perez,3.9193553210049688,5.064693621815074,4.775322545166322,6.532258868341614,4.137097283283023,0.6532258868341614
milb_tmp:manuel_davila:2024,2024,MiLB,SDP,Manuel Davila,2.407643458350811,3.135219428143569,3.684186756667807,8.942675702445868,1.7197453273934362,0.0
milb_tmp:silvano_hechavarria:2024,2024,MiLB,TOR,Silvano Hechavarria,1.836734693877551,3.5474123818533765,3.3033170819282534,10.46938775510204,2.938775510204082,0.5510204081632653
milb_tmp:johan_dominguez:2024,2024,MiLB,CHW,Johan Dominguez,4.2471913753202095,5.289775320688593,5.222943130335365,7.5084276099410845,4.019663265928055,1.2893259532222066
milb_tmp:wilkel_hernandez:2024,2024,MiLB,DET,Wilkel Hernandez,4.337950321861133,4.832217131212343,4.533890193395749,8.077562668293144,4.1135735810752125,1.1966759508582434
