year,league,role,age_group,weight,share
1876,MLB,batting,<=23,5284.0,0.2614288541460518
1876,MLB,batting,24-26,7343.0,0.36329903027904215
1876,MLB,batting,27-29,4464.0,0.22085889570552147
1876,MLB,batting,30-32,2526.0,0.1249752622204631
1876,MLB,batting,33-35,487.0,0.02409459726894914
1876,MLB,batting,36+,108.0,0.005343360379972293
1877,MLB,batting,<=23,4240.0,0.3025977733371396
1877,MLB,batting,24-26,3903.0,0.27854695974878674
1877,MLB,batting,27-29,3329.0,0.23758207250927776
1877,MLB,batting,30-32,1735.0,0.12382243791036254
1877,MLB,batting,33-35,771.0,0.05502426491578647
1877,MLB,batting,36+,34.0,0.002426491578646874
1878,MLB,batting,<=23,6437.0,0.4677712375554102
1878,MLB,batting,24-26,3257.0,0.23668338056827265
1878,MLB,batting,27-29,1973.0,0.14337620812440957
1878,MLB,batting,30-32,1363.0,0.09904803429983286
1878,MLB,batting,33-35,731.0,0.0531211394520747
1878,MLB,batting,36+,0.0,0.0
1879,MLB,batting,<=23,8972.0,0.3683994415701733
1879,MLB,batting,24-26,7371.0,0.3026607538802661
1879,MLB,batting,27-29,6033.0,0.2477211135747721
1879,MLB,batting,30-32,1527.0,0.06270017245627002
1879,MLB,batting,33-35,127.0,0.005214749117188141
1879,MLB,batting,36+,324.0,0.013303769401330377
1880,MLB,batting,<=23,10901.0,0.4357088612654383
1880,MLB,batting,24-26,7590.0,0.3033694392261881
1880,MLB,batting,27-29,4129.0,0.1650345737239698
1880,MLB,batting,30-32,1540.0,0.06155321955313962
1880,MLB,batting,33-35,501.0,0.0200247811663136
1880,MLB,batting,36+,358.0,0.014309125064950638
1881,MLB,batting,<=23,6962.0,0.27398661944116487
1881,MLB,batting,24-26,11163.0,0.4393152302243211
1881,MLB,batting,27-29,3950.0,0.15545060999606455
1881,MLB,batting,30-32,2232.0,0.08783943329397875
1881,MLB,batting,33-35,356.0,0.014010232192050373
1881,MLB,batting,36+,747.0,0.029397874852420305
1882,MLB,batting,<=23,3810.0,0.14812222999766736
1882,MLB,batting,24-26,12331.0,0.47939507036777856
1882,MLB,batting,27-29,5002.0,0.19446388305730503
1882,MLB,batting,30-32,3217.0,0.12506803514501205
1882,MLB,batting,33-35,653.0,0.025386828395925667
1882,MLB,batting,36+,709.0,0.027563953036311328
1883,MLB,batting,<=23,5553.0,0.1843135953266065
1883,MLB,batting,24-26,11018.0,0.36570631970260226
1883,MLB,batting,27-29,7926.0,0.26307753584705257
1883,MLB,batting,30-32,3244.0,0.10767392458842273
1883,MLB,batting,33-35,1648.0,0.05469994689325544
1883,MLB,batting,36+,739.0,0.024528677642060542
1884,MLB,batting,<=23,6548.0,0.18975310073026544
1884,MLB,batting,24-26,11461.0,0.3321258838530196
1884,MLB,batting,27-29,10283.0,0.29798887214558945
1884,MLB,batting,30-32,3458.0,0.10020864727019821
1884,MLB,batting,33-35,1858.0,0.05384258722615046
1884,MLB,batting,36+,900.0,0.026080908774776864
1885,MLB,batting,<=23,6830.0,0.20737187272285645
1885,MLB,batting,24-26,8101.0,0.24596186543599707
1885,MLB,batting,27-29,9465.0,0.28737551615253826
1885,MLB,batting,30-32,4731.0,0.14364221520524653
1885,MLB,batting,33-35,2917.0,0.08856570318192859
1885,MLB,batting,36+,892.0,0.027082827301433084
1886,MLB,batting,<=23,7659.0,0.21063197843902975
1886,MLB,batting,24-26,7604.0,0.20911941037346682
1886,MLB,batting,27-29,12838.0,0.3530608877399483
1886,MLB,batting,30-32,5124.0,0.1409163412353556
1886,MLB,batting,33-35,1686.0,0.04636708651889335
1886,MLB,batting,36+,1451.0,0.039904295693306197
1887,MLB,batting,<=23,7960.0,0.2048273377592507
1887,MLB,batting,24-26,8437.0,0.21710153877824095
1887,MLB,batting,27-29,14072.0,0.36210179609901705
1887,MLB,batting,30-32,5180.0,0.1332921620091606
1887,MLB,batting,33-35,1944.0,0.05002315886984715
1887,MLB,batting,36+,1269.0,0.03265400648448356
1888,MLB,batting,<=23,7963.0,0.19973913261594803
1888,MLB,batting,24-26,11093.0,0.27825018185466677
1888,MLB,batting,27-29,8904.0,0.22334261419218904
1888,MLB,batting,30-32,7988.0,0.20036621767376528
1888,MLB,batting,33-35,2159.0,0.054155065593097046
1888,MLB,batting,36+,1760.0,0.04414678807033386
1889,MLB,batting,<=23,7013.0,0.16918363408279455
1889,MLB,batting,24-26,11999.0,0.28946733571359645
1889,MLB,batting,27-29,8052.0,0.19424876966129498
1889,MLB,batting,30-32,10421.0,0.25139920872334265
1889,MLB,batting,33-35,2570.0,0.061999421017079996
1889,MLB,batting,36+,1397.0,0.03370163080189134
1890,MLB,batting,<=23,9905.0,0.2370240972504726
1890,MLB,batting,24-26,13152.0,0.31472397042283856
1890,MLB,batting,27-29,6628.0,0.1586063318098064
1890,MLB,batting,30-32,7356.0,0.1760271841872263
1890,MLB,batting,33-35,4030.0,0.09643686137500299
1890,MLB,batting,36+,718.0,0.01718155495465314
1891,MLB,batting,<=23,8058.0,0.18653641372285754
1891,MLB,batting,24-26,13018.0,0.30135654428445763
1891,MLB,batting,27-29,8134.0,0.1882957544330756
1891,MLB,batting,30-32,7771.0,0.1798925876197972
1891,MLB,batting,33-35,3989.0,0.09234223806657715
1891,MLB,batting,36+,2228.0,0.05157646187323487
1892,MLB,batting,<=23,9889.0,0.14004900086388805
1892,MLB,batting,24-26,24343.0,0.3447479854413618
1892,MLB,batting,27-29,15405.0,0.21816714109699623
1892,MLB,batting,30-32,12483.0,0.17678548668054553
1892,MLB,batting,33-35,6585.0,0.093257424480605
1892,MLB,batting,36+,1906.0,0.02699296143660336
1893,MLB,batting,<=23,8402.0,0.1319430267435104
1893,MLB,batting,24-26,19325.0,0.30347524301575085
1893,MLB,batting,27-29,17391.0,0.2731041630678874
1893,MLB,batting,30-32,6682.0,0.10493255233279417
1893,MLB,batting,33-35,8901.0,0.13977920507545658
1893,MLB,batting,36+,2978.0,0.046765809764600576
1894,MLB,batting,<=23,8423.0,0.12918513519731292
1894,MLB,batting,24-26,15646.0,0.23996564469870094
1894,MLB,batting,27-29,22896.0,0.35116025827824726
1894,MLB,batting,30-32,9070.0,0.13910829588503243
1894,MLB,batting,33-35,6919.0,0.10611800432508704
1894,MLB,batting,36+,2247.0,0.034462661615619394
1895,MLB,batting,<=23,7603.0,0.11960232188645409
1895,MLB,batting,24-26,16227.0,0.25526593150749577
1895,MLB,batting,27-29,21020.0,0.3306643175132533
1895,MLB,batting,30-32,10818.0,0.17017728767166387
1895,MLB,batting,33-35,5444.0,0.08563922666708616
1895,MLB,batting,36+,2457.0,0.038650914754046785
1896,MLB,batting,<=23,8924.0,0.1434035031335369
1896,MLB,batting,24-26,14305.0,0.22987305158283786
1896,MLB,batting,27-29,17917.0,0.2879157962397558
1896,MLB,batting,30-32,12326.0,0.19807166961272699
1896,MLB,batting,33-35,4345.0,0.06982162943917725
1896,MLB,batting,36+,4413.0,0.07091434999196529
1897,MLB,batting,<=23,8655.0,0.13679036540649891
1897,MLB,batting,24-26,14951.0,0.23629725629030218
1897,MLB,batting,27-29,16525.0,0.261173979011253
1897,MLB,batting,30-32,14845.0,0.23462194967758251
1897,MLB,batting,33-35,4800.0,0.0758629409533443
1897,MLB,batting,36+,3496.0,0.05525350866101909
1898,MLB,batting,<=23,8131.0,0.11621691155451375
1898,MLB,batting,24-26,19514.0,0.27891487050483105
1898,MLB,batting,27-29,18114.0,0.25890457949802753
1898,MLB,batting,30-32,14084.0,0.2013035275284432
1898,MLB,batting,33-35,8016.0,0.1145732090789549
1898,MLB,batting,36+,2105.0,0.030086901835229548
1899,MLB,batting,<=23,9174.0,0.13102719378427788
1899,MLB,batting,24-26,20052.0,0.2863916819012797
1899,MLB,batting,27-29,16233.0,0.23184700639853748
1899,MLB,batting,30-32,12628.0,0.18035877513711152
1899,MLB,batting,33-35,8324.0,0.11888711151736746
1899,MLB,batting,36+,3605.0,0.05148823126142596
1900,MLB,batting,<=23,5029.0,0.11564907439346901
1900,MLB,batting,24-26,10181.0,0.2341267103598942
1900,MLB,batting,27-29,10580.0,0.24330228814533747
1900,MLB,batting,30-32,9894.0,0.22752673335632978
1900,MLB,batting,33-35,5671.0,0.1304127860181672
1900,MLB,batting,36+,2130.0,0.048982407726802346
1901,MLB,batting,<=23,9321.0,0.1095698785691615
1901,MLB,batting,24-26,25218.0,0.29644171202200564
1901,MLB,batting,27-29,22792.0,0.2679236854788466
1901,MLB,batting,30-32,15055.0,0.17697398582327287
1901,MLB,batting,33-35,8929.0,0.10496185449458675
1901,MLB,batting,36+,3754.0,0.04412888361212663
1902,MLB,batting,<=23,7949.0,0.09432999477856363
1902,MLB,batting,24-26,21926.0,0.26019366782171166
1902,MLB,batting,27-29,26026.0,0.30884796126643566
1902,MLB,batting,30-32,15570.0,0.18476764608154933
1902,MLB,batting,33-35,6521.0,0.07738406037879147
1902,MLB,batting,36+,6276.0,0.0744766696729482
1903,MLB,batting,<=23,7380.0,0.08833139834109326
1903,MLB,batting,24-26,19918.0,0.2383990233276281
1903,MLB,batting,27-29,28258.0,0.33822068486756274
1903,MLB,batting,30-32,14500.0,0.17355085039916696
1903,MLB,batting,33-35,9187.0,0.10995942500807909
1903,MLB,batting,36+,4306.0,0.05153861805646986
1904,MLB,batting,<=23,8949.0,0.09827154528683124
1904,MLB,batting,24-26,17994.0,0.19759729421066502
1904,MLB,batting,27-29,28742.0,0.3156241764034086
1904,MLB,batting,30-32,20956.0,0.2301238689273478
1904,MLB,batting,33-35,10370.0,0.11387595537204603
1904,MLB,batting,36+,4053.0,0.04450715979970131
1905,MLB,batting,<=23,7645.0,0.08368635950652961
1905,MLB,batting,24-26,20295.0,0.22216019178352106
1905,MLB,batting,27-29,26349.0,0.28843059341236743
1905,MLB,batting,30-32,22262.0,0.24369205171149277
1905,MLB,batting,33-35,9825.0,0.10754983415979771
1905,MLB,batting,36+,4977.0,0.054480969426291416
1906,MLB,batting,<=23,11592.0,0.12929274903242358
1906,MLB,batting,24-26,17159.0,0.19138494484535507
1906,MLB,batting,27-29,22339.0,0.24916069018593082
1906,MLB,batting,30-32,23192.0,0.2586747270151801
1906,MLB,batting,33-35,9653.0,0.10766588219547832
1906,MLB,batting,36+,5722.0,0.06382100672563214
1907,MLB,batting,<=23,12471.0,0.13895883939117062
1907,MLB,batting,24-26,16994.0,0.18935662870768613
1907,MLB,batting,27-29,18826.0,0.20976979475408375
1907,MLB,batting,30-32,24219.0,0.26986160943106097
1907,MLB,batting,33-35,11678.0,0.1301227909878992
1907,MLB,batting,36+,5558.0,0.061930336728099306
1908,MLB,batting,<=23,9442.0,0.10428424691576192
1908,MLB,batting,24-26,20508.0,0.22650511922775318
1908,MLB,batting,27-29,22303.0,0.24633039175622093
1908,MLB,batting,30-32,20637.0,0.22792988811698567
1908,MLB,batting,33-35,12002.0,0.13255873029898058
1908,MLB,batting,36+,5649.0,0.06239162368429772
1909,MLB,batting,<=23,16182.0,0.17782808413371723
1909,MLB,batting,24-26,24846.0,0.2730389678894042
1909,MLB,batting,27-29,21483.0,0.2360821116947625
1909,MLB,batting,30-32,13533.0,0.14871755423196115
1909,MLB,batting,33-35,12080.0,0.1327501703334139
1909,MLB,batting,36+,2874.0,0.031583111716741025
1910,MLB,batting,<=23,17413.0,0.1876785117642621
1910,MLB,batting,24-26,29573.0,0.31873982819758356
1910,MLB,batting,27-29,20793.0,0.22410838425970833
1910,MLB,batting,30-32,11501.0,0.12395856910358802
1910,MLB,batting,33-35,9422.0,0.10155096409825287
1910,MLB,batting,36+,4079.0,0.043963742576605125
1911,MLB,batting,<=23,17338.0,0.18478689503021517
1911,MLB,batting,24-26,26917.0,0.28687904334573205
1911,MLB,batting,27-29,25863.0,0.2756456030780053
1911,MLB,batting,30-32,13326.0,0.14202734820467455
1911,MLB,batting,33-35,6282.0,0.06695300926172637
1911,MLB,batting,36+,4101.0,0.04370810107964658
1912,MLB,batting,<=23,16241.0,0.1742521780181108
1912,MLB,batting,24-26,32291.0,0.34645508776447365
1912,MLB,batting,27-29,23954.0,0.257006137075662
1912,MLB,batting,30-32,12889.0,0.1382880563065963
1912,MLB,batting,33-35,4383.0,0.047025878717651605
1912,MLB,batting,36+,3446.0,0.03697266211750569
1913,MLB,batting,<=23,18880.0,0.20583040795412424
1913,MLB,batting,24-26,29867.0,0.3256110590236138
1913,MLB,batting,27-29,22571.0,0.24606981662778274
1913,MLB,batting,30-32,12199.0,0.13299391666484967
1913,MLB,batting,33-35,5405.0,0.058925495497459825
1913,MLB,batting,36+,2804.0,0.030569304232169723
1914,MLB,batting,<=23,19613.0,0.2117600060462756
1914,MLB,batting,24-26,28114.0,0.30354462907178875
1914,MLB,batting,27-29,23484.0,0.25355488614647104
1914,MLB,batting,30-32,13700.0,0.14791781383949298
1914,MLB,batting,33-35,4888.0,0.05277534847061618
1914,MLB,batting,36+,2820.0,0.03044731642535549
1915,MLB,batting,<=23,15133.0,0.1638408903901953
1915,MLB,batting,24-26,27534.0,0.2981031570741847
1915,MLB,batting,27-29,28357.0,0.3070135550647438
1915,MLB,batting,30-32,12931.0,0.14000043306916116
1915,MLB,batting,33-35,5971.0,0.06464639902992508
1915,MLB,batting,36+,2438.0,0.026395565371789876
1916,MLB,batting,<=23,15920.0,0.1721676688151577
1916,MLB,batting,24-26,25976.0,0.2809188043431241
1916,MLB,batting,27-29,26801.0,0.28984080979365834
1916,MLB,batting,30-32,15534.0,0.16799325171951376
1916,MLB,batting,33-35,6028.0,0.06519011982523684
1916,MLB,batting,36+,2209.0,0.02388934550330925
1917,MLB,batting,<=23,12574.0,0.13575461818338858
1917,MLB,batting,24-26,28077.0,0.303132051434309
1917,MLB,batting,27-29,28792.0,0.31085151636202674
1917,MLB,batting,30-32,15330.0,0.16550964663204604
1917,MLB,batting,33-35,5554.0,0.059963507983978065
1917,MLB,batting,36+,2296.0,0.024788659404251644
1918,MLB,batting,<=23,9010.0,0.1185978860354609
1918,MLB,batting,24-26,16841.0,0.22167669242210844
1918,MLB,batting,27-29,22684.0,0.29858761895986624
1918,MLB,batting,30-32,18435.0,0.24265838280396468
1918,MLB,batting,33-35,6478.0,0.08526937910518487
1918,MLB,batting,36+,2523.0,0.033210040673414855
1919,MLB,batting,<=23,8236.0,0.09816214154608949
1919,MLB,batting,24-26,20080.0,0.23932683368692045
1919,MLB,batting,27-29,26409.0,0.3147600772329623
1919,MLB,batting,30-32,19799.0,0.2359776882553455
1919,MLB,batting,33-35,7412.0,0.08834115992467402
1919,MLB,batting,36+,1966.0,0.023432099354008248
1920,MLB,batting,<=23,11427.0,0.12079153497320325
1920,MLB,batting,24-26,19416.0,0.2052409593978922
1920,MLB,batting,27-29,30609.0,0.32355894757983533
1920,MLB,batting,30-32,22504.0,0.23788332047229946
1920,MLB,batting,33-35,8405.0,0.08884684094248475
1920,MLB,batting,36+,2240.0,0.02367839663428505
1921,MLB,batting,<=23,7970.0,0.0834065888065637
1921,MLB,batting,24-26,24752.0,0.25903135334254257
1921,MLB,batting,27-29,28524.0,0.2985055883461007
1921,MLB,batting,30-32,20169.0,0.2110699485118674
1921,MLB,batting,33-35,13196.0,0.13809703210682742
1921,MLB,batting,36+,945.0,0.009889488886098204
1922,MLB,batting,<=23,8288.0,0.08619416567001197
1922,MLB,batting,24-26,23374.0,0.24308668295980448
1922,MLB,batting,27-29,27143.0,0.2822838125942489
1922,MLB,batting,30-32,21435.0,0.22292132494410066
1922,MLB,batting,33-35,12099.0,0.12582809006291926
1922,MLB,batting,36+,3816.0,0.03968592376891477
1923,MLB,batting,<=23,9950.0,0.10350566940601269
1923,MLB,batting,24-26,24446.0,0.2543014667637574
1923,MLB,batting,27-29,25102.0,0.26112555913866636
1923,MLB,batting,30-32,20934.0,0.21776760636637887
1923,MLB,batting,33-35,11704.0,0.12175179444502236
1923,MLB,batting,36+,3994.0,0.04154790388016228
1924,MLB,batting,<=23,9678.0,0.10156577953152549
1924,MLB,batting,24-26,21437.0,0.2249706153975317
1924,MLB,batting,27-29,26442.0,0.2774955923096298
1924,MLB,batting,30-32,19258.0,0.20210309797666023
1924,MLB,batting,33-35,12104.0,0.12702543867013685
1924,MLB,batting,36+,6369.0,0.06683947611451599
1925,MLB,batting,<=23,9303.0,0.0966786523392846
1925,MLB,batting,24-26,21268.0,0.22102134558227507
1925,MLB,batting,27-29,27945.0,0.2904100762787604
1925,MLB,batting,30-32,21439.0,0.2227984120715815
1925,MLB,batting,33-35,12108.0,0.12582877808492507
1925,MLB,batting,36+,4163.0,0.043262735643173365
1926,MLB,batting,<=23,9860.0,0.10363783516749178
1926,MLB,batting,24-26,21420.0,0.22514426260524076
1926,MLB,batting,27-29,27491.0,0.2889561588833181
1926,MLB,batting,30-32,16998.0,0.1786649008293129
1926,MLB,batting,33-35,14181.0,0.14905559234383375
1926,MLB,batting,36+,5189.0,0.05454125017080272
1927,MLB,batting,<=23,9596.0,0.10040702723629553
1927,MLB,batting,24-26,19566.0,0.2047273754590828
1927,MLB,batting,27-29,27571.0,0.28848709336514217
1927,MLB,batting,30-32,18852.0,0.19725648993941677
1927,MLB,batting,33-35,12442.0,0.13018593506398385
1927,MLB,batting,36+,7544.0,0.07893607893607893
1928,MLB,batting,<=23,12577.0,0.13158059926347507
1928,MLB,batting,24-26,21943.0,0.22956771007700033
1928,MLB,batting,27-29,24543.0,0.25676891529963175
1928,MLB,batting,30-32,19784.0,0.20698024774020757
1928,MLB,batting,33-35,9734.0,0.10183712755272849
1928,MLB,batting,36+,7003.0,0.07326540006695681
1929,MLB,batting,<=23,12138.0,0.1260148252735616
1929,MLB,batting,24-26,23940.0,0.2485413508855713
1929,MLB,batting,27-29,23539.0,0.24437823134901684
1929,MLB,batting,30-32,21431.0,0.22249330371047113
1929,MLB,batting,33-35,8164.0,0.084757376300326
1929,MLB,batting,36+,7110.0,0.07381491248105314
1930,MLB,batting,<=23,9723.0,0.09999074445438559
1930,MLB,batting,24-26,24310.0,0.25000257098489287
1930,MLB,batting,27-29,28549.0,0.2935961908287827
1930,MLB,batting,30-32,20477.0,0.21058423060706094
1930,MLB,batting,33-35,9813.0,0.10091629901582698
1930,MLB,batting,36+,4367.0,0.0449099641090509
1931,MLB,batting,<=23,9353.0,0.0973044391964295
1931,MLB,batting,24-26,25350.0,0.26373009019881194
1931,MLB,batting,27-29,23716.0,0.24673068320138158
1931,MLB,batting,30-32,23788.0,0.24747973907886933
1931,MLB,batting,33-35,8637.0,0.08985549463696799
1931,MLB,batting,36+,5277.0,0.05489955368753966
1932,MLB,batting,<=23,9254.0,0.09581991571492177
1932,MLB,batting,24-26,25112.0,0.2600205017757851
1932,MLB,batting,27-29,25605.0,0.2651252368576369
1932,MLB,batting,30-32,20472.0,0.211975936299533
1932,MLB,batting,33-35,12036.0,0.12462594613624361
1932,MLB,batting,36+,4098.0,0.042432463215879554
1933,MLB,batting,<=23,7995.0,0.08450034349733129
1933,MLB,batting,24-26,21942.0,0.23190825978967394
1933,MLB,batting,27-29,26075.0,0.2755905511811024
1933,MLB,batting,30-32,23398.0,0.24729694023146437
1933,MLB,batting,33-35,10482.0,0.11078581620250488
1933,MLB,batting,36+,4723.0,0.04991808909792316
1934,MLB,batting,<=23,9402.0,0.09838535834998902
1934,MLB,batting,24-26,22477.0,0.23520609440892395
1934,MLB,batting,27-29,26982.0,0.28234777058066407
1934,MLB,batting,30-32,21069.0,0.22047235854881073
1934,MLB,batting,33-35,11598.0,0.12136496342726788
1934,MLB,batting,36+,4035.0,0.04222345468434436
1935,MLB,batting,<=23,10301.0,0.10707677595060394
1935,MLB,batting,24-26,24085.0,0.25035862040290224
1935,MLB,batting,27-29,30304.0,0.3150038460738862
1935,MLB,batting,30-32,17971.0,0.18680484813205547
1935,MLB,batting,33-35,9879.0,0.10269017276148105
1935,MLB,batting,36+,3662.0,0.03806573667907112
1936,MLB,batting,<=23,9423.0,0.09626700993012137
1936,MLB,batting,24-26,22862.0,0.23356217563646767
1936,MLB,batting,27-29,29454.0,0.3009071962731396
1936,MLB,batting,30-32,20807.0,0.212567937558743
1936,MLB,batting,33-35,11263.0,0.11506477054472641
1936,MLB,batting,36+,4075.0,0.04163091005680193
1937,MLB,batting,<=23,9453.0,0.0983171776844032
1937,MLB,batting,24-26,21337.0,0.22191829263219204
1937,MLB,batting,27-29,30667.0,0.3189561925365062
1937,MLB,batting,30-32,20521.0,0.21343137662769895
1937,MLB,batting,33-35,10328.0,0.10741773099804468
1937,MLB,batting,36+,3842.0,0.03995922952115489
1938,MLB,batting,<=23,11177.0,0.11722445383703735
1938,MLB,batting,24-26,21171.0,0.22204159543561938
1938,MLB,batting,27-29,26742.0,0.2804702822322674
1938,MLB,batting,30-32,22119.0,0.23198422603752608
1938,MLB,batting,33-35,9614.0,0.10083169895224811
1938,MLB,batting,36+,4524.0,0.04744774350530169
1939,MLB,batting,<=23,14661.0,0.15287480970157036
1939,MLB,batting,24-26,18680.0,0.19478217346874935
1939,MLB,batting,27-29,27909.0,0.2910158286584221
1939,MLB,batting,30-32,21272.0,0.22180976413422035
1939,MLB,batting,33-35,9399.0,0.09800629809597297
1939,MLB,batting,36+,3981.0,0.04151112594106484
1940,MLB,batting,<=23,17346.0,0.18087591240875914
1940,MLB,batting,24-26,20335.0,0.21204379562043796
1940,MLB,batting,27-29,23304.0,0.2430031282586027
1940,MLB,batting,30-32,20993.0,0.2189051094890511
1940,MLB,batting,33-35,10509.0,0.10958289885297184
1940,MLB,batting,36+,3413.0,0.03558915537017727
1941,MLB,batting,<=23,12340.0,0.12789685336428838
1941,MLB,batting,24-26,31007.0,0.3213693462128436
1941,MLB,batting,27-29,20307.0,0.21047012976244767
1941,MLB,batting,30-32,16811.0,0.17423614278015007
1941,MLB,batting,33-35,12938.0,0.1340947721902077
1941,MLB,batting,36+,3081.0,0.031932755690062604
1942,MLB,batting,<=23,12337.0,0.13133409981263838
1942,MLB,batting,24-26,29046.0,0.3092105263157895
1942,MLB,batting,27-29,20200.0,0.21504002725259752
1942,MLB,batting,30-32,17447.0,0.1857328393800034
1942,MLB,batting,33-35,10665.0,0.11353474706182932
1942,MLB,batting,36+,4241.0,0.04514776017714189
1943,MLB,batting,<=23,7920.0,0.08330528441602154
1943,MLB,batting,24-26,26899.0,0.2829329350387075
1943,MLB,batting,27-29,25465.0,0.2678496297542915
1943,MLB,batting,30-32,16411.0,0.1726165432514305
1943,MLB,batting,33-35,12025.0,0.126483086502861
1943,MLB,batting,36+,6352.0,0.06681252103668799
1944,MLB,batting,<=23,7652.0,0.0800108744523563
1944,MLB,batting,24-26,15451.0,0.16155881092045965
1944,MLB,batting,27-29,31757.0,0.33205767642230516
1944,MLB,batting,30-32,17560.0,0.1836109455545448
1944,MLB,batting,33-35,15012.0,0.15696853728159604
1944,MLB,batting,36+,8205.0,0.08579315536873804
1945,MLB,batting,<=23,8145.0,0.08592859855677934
1945,MLB,batting,24-26,12926.0,0.13636747267586613
1945,MLB,batting,27-29,27002.0,0.2848672827784108
1945,MLB,batting,30-32,21432.0,0.22610457019875935
1945,MLB,batting,33-35,15175.0,0.1600941047389965
1945,MLB,batting,36+,10108.0,0.10663797105118791
1946,MLB,batting,<=23,6677.0,0.07023172155546907
1946,MLB,batting,24-26,16170.0,0.17008341134520516
1946,MLB,batting,27-29,31902.0,0.3355597395630634
1946,MLB,batting,30-32,23698.0,0.24926633778965193
1946,MLB,batting,33-35,10286.0,0.10819282431025234
1946,MLB,batting,36+,6338.0,0.0666659654363581
1947,MLB,batting,<=23,6517.0,0.06832955879885926
1947,MLB,batting,24-26,19626.0,0.20577503774534475
1947,MLB,batting,27-29,26758.0,0.28055275960409326
1947,MLB,batting,30-32,26825.0,0.2812552424089918
1947,MLB,batting,33-35,9771.0,0.10244715651736286
1947,MLB,batting,36+,5879.0,0.061640244925348094
1948,MLB,batting,<=23,11650.0,0.12161767162184733
1948,MLB,batting,24-26,17181.0,0.179357357608151
1948,MLB,batting,27-29,27523.0,0.2873204442959746
1948,MLB,batting,30-32,24649.0,0.25731793886754634
1948,MLB,batting,33-35,10576.0,0.11040587940537833
1948,MLB,batting,36+,4213.0,0.043980708201102385
1949,MLB,batting,<=23,11440.0,0.1189312818380289
1949,MLB,batting,24-26,17678.0,0.1837820979311779
1949,MLB,batting,27-29,26584.0,0.2763696849984406
1949,MLB,batting,30-32,26195.0,0.27232560557230484
1949,MLB,batting,33-35,10441.0,0.10854558685934089
1949,MLB,batting,36+,3852.0,0.040045742800706934
1950,MLB,batting,<=23,11795.0,0.12227486186413443
1950,MLB,batting,24-26,20734.0,0.2149425168199206
1950,MLB,batting,27-29,28869.0,0.2992753698309196
1950,MLB,batting,30-32,17886.0,0.18541824326425677
1950,MLB,batting,33-35,15226.0,0.15784290349667748
1950,MLB,batting,36+,1953.0,0.020246104724091104
1951,MLB,batting,<=23,6486.0,0.06756390758140794
1951,MLB,batting,24-26,24693.0,0.25722410883560076
1951,MLB,batting,27-29,24738.0,0.2576928686014292
1951,MLB,batting,30-32,22664.0,0.23608825183857998
1951,MLB,batting,33-35,14249.0,0.14843017562865893
1951,MLB,batting,36+,3168.0,0.03300068751432322
1952,MLB,batting,<=23,7531.0,0.07943422495991899
1952,MLB,batting,24-26,23421.0,0.2470361150957725
1952,MLB,batting,27-29,26053.0,0.2747974854442663
1952,MLB,batting,30-32,21661.0,0.22847228082018395
1952,MLB,batting,33-35,12326.0,0.1300101257277867
1952,MLB,batting,36+,3816.0,0.04024976795207155
1953,MLB,batting,<=23,8204.0,0.08598589261196297
1953,MLB,batting,24-26,26157.0,0.274150779260253
1953,MLB,batting,27-29,25564.0,0.2679355629854
1953,MLB,batting,30-32,21199.0,0.22218612109714814
1953,MLB,batting,33-35,9779.0,0.10249342319019819
1953,MLB,batting,36+,4508.0,0.04724822085503768
1954,MLB,batting,<=23,10903.0,0.11412451850611288
1954,MLB,batting,24-26,23234.0,0.24319628202981075
1954,MLB,batting,27-29,29083.0,0.3044192765030983
1954,MLB,batting,30-32,18240.0,0.19092279350192598
1954,MLB,batting,33-35,9935.0,0.10399221235973874
1954,MLB,batting,36+,4141.0,0.043344917099313346
1955,MLB,batting,<=23,8466.0,0.08909234411996843
1955,MLB,batting,24-26,23939.0,0.25192317811102344
1955,MLB,batting,27-29,28553.0,0.30047882136279924
1955,MLB,batting,30-32,19600.0,0.20626151012891344
1955,MLB,batting,33-35,9648.0,0.10153117600631413
1955,MLB,batting,36+,4819.0,0.050712970270981324
1956,MLB,batting,<=23,10487.0,0.11012170406695299
1956,MLB,batting,24-26,23419.0,0.24591782087765537
1956,MLB,batting,27-29,26683.0,0.2801923743318877
1956,MLB,batting,30-32,19527.0,0.20504877613382197
1956,MLB,batting,33-35,10414.0,0.1093551469584484
1956,MLB,batting,36+,4701.0,0.049364177631233526
1957,MLB,batting,<=23,9916.0,0.10395655546935609
1957,MLB,batting,24-26,22288.0,0.23366112427400249
1957,MLB,batting,27-29,26835.0,0.2813305935881576
1957,MLB,batting,30-32,20725.0,0.21727507181347366
1957,MLB,batting,33-35,10066.0,0.10552911328706518
1957,MLB,batting,36+,5556.0,0.05824754156794498
1958,MLB,batting,<=23,10598.0,0.11257342553349692
1958,MLB,batting,24-26,22009.0,0.23378264979871047
1958,MLB,batting,27-29,25640.0,0.2723516352782469
1958,MLB,batting,30-32,21421.0,0.2275368322658084
1958,MLB,batting,33-35,8730.0,0.09273127051400529
1958,MLB,batting,36+,5745.0,0.061024186609732
1959,MLB,batting,<=23,9222.0,0.09736372562475586
1959,MLB,batting,24-26,21632.0,0.22838561187537612
1959,MLB,batting,27-29,27360.0,0.288860500226992
1959,MLB,batting,30-32,20688.0,0.2184190799961992
1959,MLB,batting,33-35,11183.0,0.11806750636105451
1959,MLB,batting,36+,4632.0,0.048903575915622326
1960,MLB,batting,<=23,11123.0,0.11736712707473805
1960,MLB,batting,24-26,25078.0,0.2646168131601439
1960,MLB,batting,27-29,26179.0,0.2762342910806048
1960,MLB,batting,30-32,18780.0,0.1981618849648099
1960,MLB,batting,33-35,9137.0,0.09641134946344346
1960,MLB,batting,36+,4474.0,0.04720853425625983
1961,MLB,batting,<=23,14643.0,0.13364303446261683
1961,MLB,batting,24-26,27589.0,0.2517979702102804
1961,MLB,batting,27-29,30533.0,0.27866712908878505
1961,MLB,batting,30-32,20210.0,0.18445166471962618
1961,MLB,batting,33-35,11841.0,0.10806987441588785
1961,MLB,batting,36+,4752.0,0.04337032710280374
1962,MLB,batting,<=23,18205.0,0.14617793480006425
1962,MLB,batting,24-26,30200.0,0.2424923719286976
1962,MLB,batting,27-29,35309.0,0.2835153364380922
1962,MLB,batting,30-32,23886.0,0.19179380118837322
1962,MLB,batting,33-35,12275.0,0.09856271077565441
1962,MLB,batting,36+,4665.0,0.03745784486911836
1963,MLB,batting,<=23,19312.0,0.15786031912110907
1963,MLB,batting,24-26,33916.0,0.2772364635103322
1963,MLB,batting,27-29,33894.0,0.2770566309181271
1963,MLB,batting,30-32,19877.0,0.16247874705728485
1963,MLB,batting,33-35,11141.0,0.09106885953439707
1963,MLB,batting,36+,4196.0,0.034298979858749676
1964,MLB,batting,<=23,19607.0,0.1594324280370792
1964,MLB,batting,24-26,37324.0,0.3034965034965035
1964,MLB,batting,27-29,30842.0,0.25078874613758334
1964,MLB,batting,30-32,21013.0,0.1708651813302976
1964,MLB,batting,33-35,11097.0,0.09023418442023093
1964,MLB,batting,36+,3097.0,0.025182956578305417
1965,MLB,batting,<=23,22671.0,0.18469396899363744
1965,MLB,batting,24-26,33913.0,0.276279236490725
1965,MLB,batting,27-29,30165.0,0.2457453828544428
1965,MLB,batting,30-32,22262.0,0.18136196628893106
1965,MLB,batting,33-35,11340.0,0.09238364467327637
1965,MLB,batting,36+,2398.0,0.019535800698987364
1966,MLB,batting,<=23,20577.0,0.16911166448876944
1966,MLB,batting,24-26,36378.0,0.2989718681427057
1966,MLB,batting,27-29,32889.0,0.2702975911634902
1966,MLB,batting,30-32,20478.0,0.16829803496141424
1966,MLB,batting,33-35,8911.0,0.07323487594204328
1966,MLB,batting,36+,2444.0,0.020085965301577125
1967,MLB,batting,<=23,17223.0,0.14135867825573092
1967,MLB,batting,24-26,38375.0,0.3149648306371523
1967,MLB,batting,27-29,34952.0,0.2868703781219478
1967,MLB,batting,30-32,18987.0,0.15583680102430256
1967,MLB,batting,33-35,9701.0,0.07962146767455412
1967,MLB,batting,36+,2601.0,0.021347844286312263
1968,MLB,batting,<=23,13036.0,0.10789961594490796
1968,MLB,batting,24-26,39847.0,0.32981558733942523
1968,MLB,batting,27-29,35681.0,0.29533339954972854
1968,MLB,batting,30-32,19041.0,0.15760329757647992
1968,MLB,batting,33-35,10444.0,0.08644550390676732
1968,MLB,batting,36+,2767.0,0.022902595682691033
1969,MLB,batting,<=23,21934.0,0.14802167619330414
1969,MLB,batting,24-26,45519.0,0.3071851316970462
1969,MLB,batting,27-29,38971.0,0.26299593065237786
1969,MLB,batting,30-32,29299.0,0.197724404613277
1969,MLB,batting,33-35,9527.0,0.06429299302879586
1969,MLB,batting,36+,2931.0,0.01977986381519898
1970,MLB,batting,<=23,20757.0,0.1390176275182169
1970,MLB,batting,24-26,41155.0,0.2756308936990999
1970,MLB,batting,27-29,44567.0,0.2984823724817831
1970,MLB,batting,30-32,26340.0,0.17640912987569654
1970,MLB,batting,33-35,12475.0,0.08354988212601801
1970,MLB,batting,36+,4018.0,0.0269100942991856
1971,MLB,batting,<=23,22707.0,0.15479582793646465
1971,MLB,batting,24-26,35335.0,0.2408821323880292
1971,MLB,batting,27-29,44425.0,0.3028495466630309
1971,MLB,batting,30-32,28283.0,0.19280796236962303
1971,MLB,batting,33-35,10877.0,0.07414956711432272
1971,MLB,batting,36+,5063.0,0.03451496352852955
1972,MLB,batting,<=23,23592.0,0.16857810456815794
1972,MLB,batting,24-26,39433.0,0.2817709561476845
1972,MLB,batting,27-29,35538.0,0.25393899118952173
1972,MLB,batting,30-32,24773.0,0.17701701358371383
1972,MLB,batting,33-35,11858.0,0.08473207714349004
1972,MLB,batting,36+,4753.0,0.03396285736743196
1973,MLB,batting,<=23,22761.0,0.1529873569167277
1973,MLB,batting,24-26,43340.0,0.2913084683788489
1973,MLB,batting,27-29,35990.0,0.24190567090343265
1973,MLB,batting,30-32,27660.0,0.18591583376462759
1973,MLB,batting,33-35,14137.0,0.09502140787890602
1973,MLB,batting,36+,4889.0,0.03286126215745713
1974,MLB,batting,<=23,24158.0,0.16231833421800565
1974,MLB,batting,24-26,46269.0,0.3108828133923712
1974,MLB,batting,27-29,34494.0,0.23176623149747028
1974,MLB,batting,30-32,26238.0,0.17629391726186078
1974,MLB,batting,33-35,13120.0,0.08815367766123992
1974,MLB,batting,36+,4552.0,0.030585025969052146
1975,MLB,batting,<=23,23612.0,0.15890064335513743
1975,MLB,batting,24-26,46452.0,0.31260599208592427
1975,MLB,batting,27-29,39533.0,0.2660435004979946
1975,MLB,batting,30-32,22714.0,0.15285741204339282
1975,MLB,batting,33-35,9675.0,0.06510942421061132
1975,MLB,batting,36+,6610.0,0.04448302780693962
1976,MLB,batting,<=23,20772.0,0.14075459424296632
1976,MLB,batting,24-26,41818.0,0.2833658589472543
1976,MLB,batting,27-29,43978.0,0.29800238521168754
1976,MLB,batting,30-32,24860.0,0.16845557543231962
1976,MLB,batting,33-35,10921.0,0.07400254783975714
1976,MLB,batting,36+,5227.0,0.03541903832601507
1977,MLB,batting,<=23,22639.0,0.14016394457583675
1977,MLB,batting,24-26,50190.0,0.31073936031897376
1977,MLB,batting,27-29,43760.0,0.2709295558389777
1977,MLB,batting,30-32,26749.0,0.16561002488886686
1977,MLB,batting,33-35,13779.0,0.08530937728302727
1977,MLB,batting,36+,4401.0,0.027247737094317662
1978,MLB,batting,<=23,20809.0,0.13073854176483524
1978,MLB,batting,24-26,45084.0,0.28325322778248985
1978,MLB,batting,27-29,47477.0,0.29828794018785537
1978,MLB,batting,30-32,28742.0,0.18057990136022367
1978,MLB,batting,33-35,11894.0,0.07472748405742469
1978,MLB,batting,36+,5159.0,0.03241290484717117
1979,MLB,batting,<=23,15998.0,0.09976489956783925
1979,MLB,batting,24-26,45515.0,0.28383544216965895
1979,MLB,batting,27-29,45989.0,0.2867913468074359
1979,MLB,batting,30-32,33294.0,0.20762423841802977
1979,MLB,batting,33-35,13029.0,0.08124996102446416
1979,MLB,batting,36+,6532.0,0.040734112012571946
1980,MLB,batting,<=23,15044.0,0.09333316789299319
1980,MLB,batting,24-26,41999.0,0.260562331716154
1980,MLB,batting,27-29,46956.0,0.29131562294492075
1980,MLB,batting,30-32,36471.0,0.22626654920402517
1980,MLB,batting,33-35,14923.0,0.09258248234958372
1980,MLB,batting,36+,5793.0,0.03593984589232316
1981,MLB,batting,<=23,8815.0,0.08325462788061957
1981,MLB,batting,24-26,26005.0,0.24560823573857196
1981,MLB,batting,27-29,28315.0,0.26742538723082737
1981,MLB,batting,30-32,26529.0,0.25055723460521345
1981,MLB,batting,33-35,12203.0,0.11525311673592746
1981,MLB,batting,36+,4013.0,0.0379013978088402
1982,MLB,batting,<=23,16359.0,0.10155255790277425
1982,MLB,batting,24-26,38084.0,0.23641589431928933
1982,MLB,batting,27-29,42615.0,0.2645432028257671
1982,MLB,batting,30-32,32630.0,0.20255883393651955
1982,MLB,batting,33-35,23001.0,0.14278442351743445
1982,MLB,batting,36+,8400.0,0.052145087498215274
1983,MLB,batting,<=23,16605.0,0.10339996263777321
1983,MLB,batting,24-26,39209.0,0.2441559250264649
1983,MLB,batting,27-29,42503.0,0.2646677875334703
1983,MLB,batting,30-32,29157.0,0.18156174107976836
1983,MLB,batting,33-35,22002.0,0.1370072856342238
1983,MLB,batting,36+,11114.0,0.0692072980882994
1984,MLB,batting,<=23,16736.0,0.10424946118675953
1984,MLB,batting,24-26,41326.0,0.2574219187980416
1984,MLB,batting,27-29,42117.0,0.2623491011473919
1984,MLB,batting,30-32,25705.0,0.160117853716877
1984,MLB,batting,33-35,23419.0,0.14587823443670658
1984,MLB,batting,36+,11235.0,0.06998343071422343
1985,MLB,batting,<=23,11372.0,0.07093977106141418
1985,MLB,batting,24-26,45946.0,0.28661613798696234
1985,MLB,batting,27-29,41539.0,0.25912479336265243
1985,MLB,batting,30-32,25810.0,0.1610055831072019
1985,MLB,batting,33-35,20489.0,0.12781260721749166
1985,MLB,batting,36+,15149.0,0.09450110726427748
1986,MLB,batting,<=23,13713.0,0.08526129262909192
1986,MLB,batting,24-26,47632.0,0.29615444399539903
1986,MLB,batting,27-29,39794.0,0.24742127024590418
1986,MLB,batting,30-32,25451.0,0.1582429197624895
1986,MLB,batting,33-35,17975.0,0.11176049989119284
1986,MLB,batting,36+,16270.0,0.10115957347592253
1987,MLB,batting,<=23,18455.0,0.11399645440450673
1987,MLB,batting,24-26,45889.0,0.2834561525965001
1987,MLB,batting,27-29,42772.0,0.26420245720886276
1987,MLB,batting,30-32,27846.0,0.17200462039273337
1987,MLB,batting,33-35,14728.0,0.09097479168082229
1987,MLB,batting,36+,12201.0,0.07536552371657473
1988,MLB,batting,<=23,13115.0,0.08229535970884448
1988,MLB,batting,24-26,43585.0,0.27349167006557273
1988,MLB,batting,27-29,49922.0,0.31325573369309445
1988,MLB,batting,30-32,30143.0,0.18914441690459008
1988,MLB,batting,33-35,13390.0,0.08402095817776802
1988,MLB,batting,36+,9210.0,0.057791861450130204
1989,MLB,batting,<=23,10653.0,0.06657459254074592
1989,MLB,batting,24-26,42252.0,0.26404859514048595
1989,MLB,batting,27-29,51826.0,0.3238801119888011
1989,MLB,batting,30-32,30621.0,0.19136211378862114
1989,MLB,batting,33-35,15995.0,0.09995875412458755
1989,MLB,batting,36+,8669.0,0.05417583241675832
1990,MLB,batting,<=23,10681.0,0.06663090061821199
1990,MLB,batting,24-26,44477.0,0.27745927973000795
1990,MLB,batting,27-29,48484.0,0.3024560046412686
1990,MLB,batting,30-32,32356.0,0.20184527856969076
1990,MLB,batting,33-35,17401.0,0.10855203648136942
1990,MLB,batting,36+,6902.0,0.04305649995945128
1991,MLB,batting,<=23,16947.0,0.10543769053692528
1991,MLB,batting,24-26,38758.0,0.24113731101847818
1991,MLB,batting,27-29,42655.0,0.2653829403347228
1991,MLB,batting,30-32,38288.0,0.23821315249175637
1991,MLB,batting,33-35,16750.0,0.10421203260125676
1991,MLB,batting,36+,7332.0,0.04561687301686057
1992,MLB,batting,<=23,14285.0,0.08899424356450447
1992,MLB,batting,24-26,41021.0,0.25555707842208875
1992,MLB,batting,27-29,47656.0,0.2968925216177827
1992,MLB,batting,30-32,34214.0,0.21315009095666476
1992,MLB,batting,33-35,15644.0,0.09746068927708142
1992,MLB,batting,36+,7696.0,0.047945376161877946
1993,MLB,batting,<=23,9566.0,0.054805037067592495
1993,MLB,batting,24-26,50603.0,0.2899121148579744
1993,MLB,batting,27-29,53801.0,0.3082339326022939
1993,MLB,batting,30-32,34794.0,0.19934000206249355
1993,MLB,batting,33-35,17771.0,0.1018127026686375
1993,MLB,batting,36+,8011.0,0.0458962107410081
1994,MLB,batting,<=23,6121.0,0.04917571823381965
1994,MLB,batting,24-26,35710.0,0.28689183109454336
1994,MLB,batting,27-29,34350.0,0.27596567902821517
1994,MLB,batting,30-32,27585.0,0.22161610643357543
1994,MLB,batting,33-35,15523.0,0.12471077832765602
1994,MLB,batting,36+,5183.0,0.04163988688219037
1995,MLB,batting,<=23,10613.0,0.06773203310975104
1995,MLB,batting,24-26,38923.0,0.2484060986272345
1995,MLB,batting,27-29,46019.0,0.29369268177495833
1995,MLB,batting,30-32,36493.0,0.23289786905438092
1995,MLB,batting,33-35,15674.0,0.10003127173864484
1995,MLB,batting,36+,8969.0,0.05724004569503035
1996,MLB,batting,<=23,10642.0,0.06004220218684059
1996,MLB,batting,24-26,38989.0,0.21997607790478554
1996,MLB,batting,27-29,54738.0,0.30883199241714715
1996,MLB,batting,30-32,43027.0,0.24275848839439862
1996,MLB,batting,33-35,18851.0,0.10635740964331253
1996,MLB,batting,36+,10995.0,0.06203382945351553
1997,MLB,batting,<=23,13494.0,0.07688319383749352
1997,MLB,batting,24-26,36409.0,0.20744332328659415
1997,MLB,batting,27-29,54039.0,0.3078917231202247
1997,MLB,batting,30-32,40769.0,0.23228478802140012
1997,MLB,batting,33-35,20092.0,0.11447585079167925
1997,MLB,batting,36+,10710.0,0.06102112094260824
1998,MLB,batting,<=23,15894.0,0.08442713949547692
1998,MLB,batting,24-26,39757.0,0.2111847102630978
1998,MLB,batting,27-29,52565.0,0.2792193650169715
1998,MLB,batting,30-32,40904.0,0.217277445194601
1998,MLB,batting,33-35,28916.0,0.15359853816856744
1998,MLB,batting,36+,10221.0,0.05429280186128537
1999,MLB,batting,<=23,17071.0,0.09000131804402267
1999,MLB,batting,24-26,41866.0,0.2207249242124687
1999,MLB,batting,27-29,49159.0,0.25917490444180835
1999,MLB,batting,30-32,42739.0,0.2253275339396336
1999,MLB,batting,33-35,28196.0,0.14865427705285356
1999,MLB,batting,36+,10644.0,0.056117042309213126
2000,MLB,batting,<=23,10457.0,0.05496683171959925
2000,MLB,batting,24-26,49453.0,0.2599478558888153
2000,MLB,batting,27-29,44940.0,0.2362254391774687
2000,MLB,batting,30-32,44699.0,0.23495863163759842
2000,MLB,batting,33-35,28779.0,0.15127574352666603
2000,MLB,batting,36+,11914.0,0.06262549804985229
2001,MLB,batting,<=23,12246.0,0.06550029150464536
2001,MLB,batting,24-26,42198.0,0.22570482614021106
2001,MLB,batting,27-29,51758.0,0.2768384850316376
2001,MLB,batting,30-32,39961.0,0.2137397639079808
2001,MLB,batting,33-35,25306.0,0.13535443220778665
2001,MLB,batting,36+,15492.0,0.08286220120773852
2002,MLB,batting,<=23,9935.0,0.0532405174538868
2002,MLB,batting,24-26,44864.0,0.24042099396589606
2002,MLB,batting,27-29,50599.0,0.2711541965424477
2002,MLB,batting,30-32,40542.0,0.2172598951802193
2002,MLB,batting,33-35,26316.0,0.14102440435998842
2002,MLB,batting,36+,14350.0,0.07689999249756171
2003,MLB,batting,<=23,11587.0,0.06181810421635003
2003,MLB,batting,24-26,42077.0,0.22448609399424874
2003,MLB,batting,27-29,56324.0,0.3004956331994217
2003,MLB,batting,30-32,38289.0,0.20427663695001522
2003,MLB,batting,33-35,24620.0,0.13135080053564666
2003,MLB,batting,36+,14540.0,0.07757273110431771
2004,MLB,batting,<=23,10102.0,0.053586110683803756
2004,MLB,batting,24-26,40471.0,0.2146786265575353
2004,MLB,batting,27-29,54298.0,0.2880240187991661
2004,MLB,batting,30-32,42314.0,0.22445482948668305
2004,MLB,batting,33-35,23729.0,0.12587060190219554
2004,MLB,batting,36+,17605.0,0.09338581257061622
2005,MLB,batting,<=23,14923.0,0.08011316662550866
2005,MLB,batting,24-26,36034.0,0.1934462136422689
2005,MLB,batting,27-29,54101.0,0.290437742250663
2005,MLB,batting,30-32,39330.0,0.2111405778584236
2005,MLB,batting,33-35,27068.0,0.14531281875087237
2005,MLB,batting,36+,14818.0,0.07954948087226343
2006,MLB,batting,<=23,17416.0,0.09261268159870674
2006,MLB,batting,24-26,40283.0,0.21421202646076618
2006,MLB,batting,27-29,43869.0,0.23328122008806074
2006,MLB,batting,30-32,46790.0,0.24881415778614427
2006,MLB,batting,33-35,24094.0,0.12812413587731053
2006,MLB,batting,36+,15600.0,0.08295577818901155
2007,MLB,batting,<=23,17719.0,0.09395115536750125
2007,MLB,batting,24-26,40828.0,0.21648161698427343
2007,MLB,batting,27-29,46226.0,0.2451033414988494
2007,MLB,batting,30-32,42247.0,0.22400555679275497
2007,MLB,batting,33-35,26145.0,0.138628193300035
2007,MLB,batting,36+,15433.0,0.08183013605658597
2008,MLB,batting,<=23,14233.0,0.07586320850256377
2008,MLB,batting,24-26,51113.0,0.2724370249554937
2008,MLB,batting,27-29,45178.0,0.2408029251548392
2008,MLB,batting,30-32,39045.0,0.20811346701205666
2008,MLB,batting,33-35,22309.0,0.11890903663905679
2008,MLB,batting,36+,15736.0,0.08387433773598985
2009,MLB,batting,<=23,13465.0,0.07198225168395167
2009,MLB,batting,24-26,50288.0,0.268833529348872
2009,MLB,batting,27-29,47354.0,0.2531487223350797
2009,MLB,batting,30-32,35995.0,0.1924248904094943
2009,MLB,batting,33-35,29541.0,0.15792259168181333
2009,MLB,batting,36+,10417.0,0.05568801454078905
2010,MLB,batting,<=23,15115.0,0.08147149979787091
2010,MLB,batting,24-26,45448.0,0.2449696806360329
2010,MLB,batting,27-29,49128.0,0.2648052823069667
2010,MLB,batting,30-32,37174.0,0.20037191753133002
2010,MLB,batting,33-35,25610.0,0.1380406953240803
2010,MLB,batting,36+,13050.0,0.07034092440371918
2011,MLB,batting,<=23,12832.0,0.06928052349123735
2011,MLB,batting,24-26,46157.0,0.24920364111479446
2011,MLB,batting,27-29,54382.0,0.29361077217117126
2011,MLB,batting,30-32,35717.0,0.1928376291721107
2011,MLB,batting,33-35,25106.0,0.13554838082691748
2011,MLB,batting,36+,11024.0,0.05951905322376875
2012,MLB,batting,<=23,16300.0,0.08851191381220269
2012,MLB,batting,24-26,48473.0,0.26321705510545407
2012,MLB,batting,27-29,53351.0,0.28970546710397704
2012,MLB,batting,30-32,35629.0,0.19347183909294294
2012,MLB,batting,33-35,18614.0,0.10107734746627858
2012,MLB,batting,36+,11789.0,0.06401637741914463
2013,MLB,batting,<=23,19277.0,0.10428568337228425
2013,MLB,batting,24-26,44322.0,0.2397753830173981
2013,MLB,batting,27-29,53764.0,0.29085518912836494
2013,MLB,batting,30-32,37933.0,0.20521184973599932
2013,MLB,batting,33-35,18370.0,0.0993789491906864
2013,MLB,batting,36+,11182.0,0.06049294555526703
2014,MLB,batting,<=23,16517.0,0.0898121866605766
2014,MLB,batting,24-26,44171.0,0.2401824845301404
2014,MLB,batting,27-29,51117.0,0.27795177971354934
2014,MLB,batting,30-32,42913.0,0.23334203343012191
2014,MLB,batting,33-35,21026.0,0.11433014692288451
2014,MLB,batting,36+,8162.0,0.044381368742727266
2015,MLB,batting,<=23,18098.0,0.098575669272039
2015,MLB,batting,24-26,45507.0,0.2478662272937716
2015,MLB,batting,27-29,55443.0,0.30198534818486344
2015,MLB,batting,30-32,37756.0,0.20564830196900788
2015,MLB,batting,33-35,17995.0,0.09801465181513658
2015,MLB,batting,36+,8796.0,0.04790980146518151
2016,MLB,batting,<=23,18250.0,0.0988950845078818
2016,MLB,batting,24-26,50385.0,0.27303171687285616
2016,MLB,batting,27-29,45462.0,0.24635442914505876
2016,MLB,batting,30-32,41712.0,0.2260335213694666
2016,MLB,batting,33-35,19894.0,0.10780377047670141
2016,MLB,batting,36+,8836.0,0.04788147762803527
2017,MLB,batting,<=23,16182.0,0.08735128365685661
2017,MLB,batting,24-26,52371.0,0.2827014013343985
2017,MLB,batting,27-29,47607.0,0.2569850797832142
2017,MLB,batting,30-32,37505.0,0.20245395461317556
2017,MLB,batting,33-35,24187.0,0.13056269298037268
2017,MLB,batting,36+,7400.0,0.03994558763198238
2018,MLB,batting,<=23,15512.0,0.08380425504327438
2018,MLB,batting,24-26,55468.0,0.29966828382802624
2018,MLB,batting,27-29,53829.0,0.29081351500286334
2018,MLB,batting,30-32,37459.0,0.20237387762158424
2018,MLB,batting,33-35,17678.0,0.09550616430215346
2018,MLB,batting,36+,5152.0,0.027833904202098348
2019,MLB,batting,<=23,15299.0,0.08205152958338696
2019,MLB,batting,24-26,59958.0,0.3215664821727378
2019,MLB,batting,27-29,55715.0,0.2988104432144849
2019,MLB,batting,30-32,31692.0,0.16997039516025228
2019,MLB,batting,33-35,17614.0,0.09446732741236538
2019,MLB,batting,36+,6178.0,0.03313382245677264
2020,MLB,batting,<=23,6527.0,0.09819319703329271
2020,MLB,batting,24-26,18430.0,0.2772637691624919
2020,MLB,batting,27-29,19995.0,0.30080787110168344
2020,MLB,batting,30-32,13439.0,0.20217839358517248
2020,MLB,batting,33-35,5240.0,0.07883137007115885
2020,MLB,batting,36+,2840.0,0.042725399046200596
2021,MLB,batting,<=23,10539.0,0.057984330641079246
2021,MLB,batting,24-26,50817.0,0.2795891194788618
2021,MLB,batting,27-29,56842.0,0.3127379563810823
2021,MLB,batting,30-32,41469.0,0.2281575298752173
2021,MLB,batting,33-35,15922.0,0.08760095952815863
2021,MLB,batting,36+,6167.0,0.0339301040956007
2022,MLB,batting,<=23,15880.0,0.08726329556319995
2022,MLB,batting,24-26,43952.0,0.2415237006671136
2022,MLB,batting,27-29,59877.0,0.32903427886887426
2022,MLB,batting,30-32,41371.0,0.22734066755322072
2022,MLB,batting,33-35,14752.0,0.08106474408994493
2022,MLB,batting,36+,6146.0,0.03377331325764653
2023,MLB,batting,<=23,20082.0,0.1091365592800313
2023,MLB,batting,24-26,51503.0,0.27989543932872485
2023,MLB,batting,27-29,50389.0,0.2738413547237077
2023,MLB,batting,30-32,39177.0,0.2129092213382027
2023,MLB,batting,33-35,17522.0,0.09522412069040477
2023,MLB,batting,36+,5335.0,0.02899330463892874
2024,MLB,batting,<=23,17975.0,0.09857471113085348
2024,MLB,batting,24-26,53558.0,0.2937115092487483
2024,MLB,batting,27-29,53183.0,0.2916550131889947
2024,MLB,batting,30-32,35754.0,0.19607456032114243
2024,MLB,batting,33-35,16880.0,0.0925697426363731
2024,MLB,batting,36+,4999.0,0.027414463473887984
1876,MLB,pitching,<=23,2238.666666666667,0.4728578469337464
1876,MLB,pitching,24-26,1126.3333333333335,0.23790748433429557
1876,MLB,pitching,27-29,906.0,0.19136802084066745
1876,MLB,pitching,30-32,463.33333333333337,0.09786664789129057
1876,MLB,pitching,33-35,0.0,0.0
1876,MLB,pitching,36+,0.0,0.0
1877,MLB,pitching,<=23,1439.0,0.44399876581302067
1877,MLB,pitching,24-26,884.3333333333334,0.2728581713462923
1877,MLB,pitching,27-29,892.6666666666666,0.275429394219891
1877,MLB,pitching,30-32,25.0,0.007713668620796051
1877,MLB,pitching,33-35,0.0,0.0
1877,MLB,pitching,36+,0.0,0.0
1878,MLB,pitching,<=23,2923.6666666666665,0.879562775772162
1878,MLB,pitching,24-26,288.3333333333333,0.0867428800641797
1878,MLB,pitching,27-29,98.0,0.029482551143200964
1878,MLB,pitching,30-32,5.0,0.0015042117930204573
1878,MLB,pitching,33-35,9.0,0.002707581227436823
1878,MLB,pitching,36+,0.0,0.0
1879,MLB,pitching,<=23,4008.3333333333335,0.6914496003680065
1879,MLB,pitching,24-26,1585.6666666666665,0.27353228681501923
1879,MLB,pitching,27-29,203.0,0.0350181128169743
1879,MLB,pitching,30-32,0.0,0.0
1879,MLB,pitching,33-35,0.0,0.0
1879,MLB,pitching,36+,0.0,0.0
1880,MLB,pitching,<=23,3845.3333333333335,0.6375594119597656
1880,MLB,pitching,24-26,1972.3333333333335,0.327014479938101
1880,MLB,pitching,27-29,213.66666666666666,0.0354261081021333
1880,MLB,pitching,30-32,0.0,0.0
1880,MLB,pitching,33-35,0.0,0.0
1880,MLB,pitching,36+,0.0,0.0
1881,MLB,pitching,<=23,2503.0,0.4179794043974394
1881,MLB,pitching,24-26,3247.3333333333335,0.5422766490397996
1881,MLB,pitching,27-29,238.0,0.03974394656276092
1881,MLB,pitching,30-32,0.0,0.0
1881,MLB,pitching,33-35,0.0,0.0
1881,MLB,pitching,36+,0.0,0.0
1882,MLB,pitching,<=23,1546.6666666666667,0.25612718039302274
1882,MLB,pitching,24-26,3157.333333333333,0.5228527268712739
1882,MLB,pitching,27-29,794.0,0.1314859792448664
1882,MLB,pitching,30-32,285.0,0.047195848973283286
1882,MLB,pitching,33-35,255.66666666666666,0.04233826451755354
1882,MLB,pitching,36+,0.0,0.0
1883,MLB,pitching,<=23,3337.666666666667,0.4803550011993284
1883,MLB,pitching,24-26,2017.3333333333335,0.2903334132885584
1883,MLB,pitching,27-29,1153.3333333333335,0.16598704725353802
1883,MLB,pitching,30-32,60.333333333333336,0.008683137443031902
1883,MLB,pitching,33-35,378.6666666666667,0.05449748141041017
1883,MLB,pitching,36+,1.0,0.00014391940513312543
1884,MLB,pitching,<=23,3465.3333333333335,0.4306901980280057
1884,MLB,pitching,24-26,2348.3333333333335,0.2918634518187091
1884,MLB,pitching,27-29,2092.6666666666665,0.2600878283204905
1884,MLB,pitching,30-32,118.0,0.01466567238379319
1884,MLB,pitching,33-35,21.666666666666664,0.002692849449001574
1884,MLB,pitching,36+,0.0,0.0
1885,MLB,pitching,<=23,2743.3333333333335,0.3516643165406145
1885,MLB,pitching,24-26,3050.3333333333335,0.39101824552407816
1885,MLB,pitching,27-29,1454.3333333333333,0.18642909028756996
1885,MLB,pitching,30-32,461.6666666666667,0.059180446951245566
1885,MLB,pitching,33-35,0.0,0.0
1885,MLB,pitching,36+,91.33333333333333,0.011707900696491903
1886,MLB,pitching,<=23,3580.666666666667,0.42011811177597874
1886,MLB,pitching,24-26,2017.0,0.23665376041300012
1886,MLB,pitching,27-29,2351.0,0.27584183972779536
1886,MLB,pitching,30-32,525.3333333333333,0.06163713872267198
1886,MLB,pitching,33-35,0.0,0.0
1886,MLB,pitching,36+,49.0,0.005749149360553795
1887,MLB,pitching,<=23,3138.0,0.3536040265935469
1887,MLB,pitching,24-26,2518.0,0.28373962363370014
1887,MLB,pitching,27-29,1503.6666666666667,0.1694399579311122
1887,MLB,pitching,30-32,1714.6666666666667,0.1932163918416407
1887,MLB,pitching,33-35,0.0,0.0
1887,MLB,pitching,36+,0.0,0.0
1888,MLB,pitching,<=23,3623.3333333333335,0.379168410771592
1888,MLB,pitching,24-26,2136.6666666666665,0.22359425143016604
1888,MLB,pitching,27-29,2323.0,0.24309334449560485
1888,MLB,pitching,30-32,1257.0,0.13154039347007115
1888,MLB,pitching,33-35,207.0,0.02166178317287568
1888,MLB,pitching,36+,9.0,0.0009418166596902469
1889,MLB,pitching,<=23,3687.6666666666665,0.396267640948492
1889,MLB,pitching,24-26,1953.0,0.20986460348162475
1889,MLB,pitching,27-29,2554.0,0.27444659359552975
1889,MLB,pitching,30-32,782.0,0.08403180743606276
1889,MLB,pitching,33-35,329.3333333333333,0.03538935453829071
1889,MLB,pitching,36+,0.0,0.0
1890,MLB,pitching,<=23,4586.333333333333,0.4831618499139656
1890,MLB,pitching,24-26,2680.3333333333335,0.28236822699020264
1890,MLB,pitching,27-29,686.3333333333334,0.07230396460301296
1890,MLB,pitching,30-32,1390.6666666666665,0.14650419636899953
1890,MLB,pitching,33-35,148.66666666666669,0.015661762123819225
1890,MLB,pitching,36+,0.0,0.0
1891,MLB,pitching,<=23,3364.333333333333,0.34521325717412865
1891,MLB,pitching,24-26,2062.666666666667,0.21164962205424637
1891,MLB,pitching,27-29,2409.3333333333335,0.2472209871053802
1891,MLB,pitching,30-32,1232.3333333333333,0.12644936210965557
1891,MLB,pitching,33-35,459.0,0.04709785545712625
1891,MLB,pitching,36+,218.0,0.02236891609946301
1892,MLB,pitching,<=23,5092.0,0.3161423841059603
1892,MLB,pitching,24-26,6717.0,0.4170322847682119
1892,MLB,pitching,27-29,1613.0,0.10014486754966888
1892,MLB,pitching,30-32,1677.3333333333333,0.10413907284768212
1892,MLB,pitching,33-35,1007.3333333333333,0.06254139072847682
1892,MLB,pitching,36+,0.0,0.0
1893,MLB,pitching,<=23,4554.666666666667,0.32860372276465777
1893,MLB,pitching,24-26,6060.666666666667,0.4372565052186042
1893,MLB,pitching,27-29,1816.3333333333333,0.13104227790871048
1893,MLB,pitching,30-32,400.6666666666667,0.028906738492616997
1893,MLB,pitching,33-35,832.3333333333333,0.06005002164398056
1893,MLB,pitching,36+,196.0,0.014140733971429944
1894,MLB,pitching,<=23,3451.3333333333335,0.2496383450670267
1894,MLB,pitching,24-26,6612.0,0.47825248336387305
1894,MLB,pitching,27-29,3009.3333333333335,0.21766804899218825
1894,MLB,pitching,30-32,309.0,0.02235027485774906
1894,MLB,pitching,33-35,441.6666666666667,0.031946185745973577
1894,MLB,pitching,36+,2.0,0.0001446619731893143
1895,MLB,pitching,<=23,4030.0,0.2918809299630622
1895,MLB,pitching,24-26,4292.0,0.31085681176214963
1895,MLB,pitching,27-29,4208.666666666667,0.30482122594819056
1895,MLB,pitching,30-32,985.3333333333333,0.07136476666425243
1895,MLB,pitching,33-35,291.0,0.021076265662345186
1895,MLB,pitching,36+,0.0,0.0
1896,MLB,pitching,<=23,4375.666666666667,0.31795281693552296
1896,MLB,pitching,24-26,3315.0,0.24088068594681006
1896,MLB,pitching,27-29,4602.666666666667,0.33444751247396215
1896,MLB,pitching,30-32,1283.0,0.09322772852783026
1896,MLB,pitching,33-35,185.66666666666666,0.01349125611587463
1896,MLB,pitching,36+,0.0,0.0
1897,MLB,pitching,<=23,3829.3333333333335,0.2734456821860421
1897,MLB,pitching,24-26,4896.333333333333,0.34963819860992096
1897,MLB,pitching,27-29,3869.3333333333335,0.2763020089498239
1897,MLB,pitching,30-32,1369.0,0.09775778349043131
1897,MLB,pitching,33-35,0.0,0.0
1897,MLB,pitching,36+,40.0,0.0028563267637817767
1898,MLB,pitching,<=23,4688.0,0.29383252548888517
1898,MLB,pitching,24-26,5049.0,0.3164591342136052
1898,MLB,pitching,27-29,3572.0,0.22388433896038779
1898,MLB,pitching,30-32,2582.0,0.1618335283302691
1898,MLB,pitching,33-35,63.666666666666664,0.00399047300685275
1898,MLB,pitching,36+,0.0,0.0
1899,MLB,pitching,<=23,2309.6666666666665,0.1453687191859855
1899,MLB,pitching,24-26,7439.333333333333,0.4682261617539075
1899,MLB,pitching,27-29,3389.3333333333335,0.2133221441309137
1899,MLB,pitching,30-32,2262.0,0.14236861428721284
1899,MLB,pitching,33-35,488.0,0.030714360641980493
1899,MLB,pitching,36+,0.0,0.0
1900,MLB,pitching,<=23,1013.0,0.10217873713939883
1900,MLB,pitching,24-26,3794.0,0.3826911438369982
1900,MLB,pitching,27-29,2813.6666666666665,0.2838074103960729
1900,MLB,pitching,30-32,1759.3333333333335,0.17745948490350347
1900,MLB,pitching,33-35,534.0,0.05386322372402663
1900,MLB,pitching,36+,0.0,0.0
1901,MLB,pitching,<=23,3974.3333333333335,0.20336352317112694
1901,MLB,pitching,24-26,6340.0,0.3244128332395231
1901,MLB,pitching,27-29,5988.666666666667,0.30643538180763785
1901,MLB,pitching,30-32,2166.6666666666665,0.1108666359651367
1901,MLB,pitching,33-35,873.6666666666666,0.04470483890224974
1901,MLB,pitching,36+,199.66666666666669,0.010216786914325676
1902,MLB,pitching,<=23,3738.0,0.1894928944389057
1902,MLB,pitching,24-26,5171.0,0.26213690667297523
1902,MLB,pitching,27-29,7375.333333333333,0.3738826272833269
1902,MLB,pitching,30-32,2531.0,0.1283056489633147
1902,MLB,pitching,33-35,894.6666666666667,0.0453539262238294
1902,MLB,pitching,36+,16.333333333333332,0.0008279964176481522
1903,MLB,pitching,<=23,3092.0,0.15740976429262332
1903,MLB,pitching,24-26,5418.333333333333,0.27584041813029236
1903,MLB,pitching,27-29,6498.0,0.3308048668736955
1903,MLB,pitching,30-32,3320.0,0.16901695260398106
1903,MLB,pitching,33-35,973.0,0.04953418520592578
1903,MLB,pitching,36+,341.6666666666667,0.017393812893481988
1904,MLB,pitching,<=23,3206.0,0.14573610521849809
1904,MLB,pitching,24-26,4872.333333333333,0.22148312018910235
1904,MLB,pitching,27-29,7742.0,0.35193042002545605
1904,MLB,pitching,30-32,4323.666666666667,0.19654221467967756
1904,MLB,pitching,33-35,1474.6666666666667,0.06703436571913449
1904,MLB,pitching,36+,380.0,0.0172737741681314
1905,MLB,pitching,<=23,2088.6666666666665,0.09502289891116435
1905,MLB,pitching,24-26,7157.666666666667,0.32563464863061475
1905,MLB,pitching,27-29,6303.333333333334,0.28676715901853145
1905,MLB,pitching,30-32,4250.0,0.19335173334142125
1905,MLB,pitching,33-35,1860.3333333333333,0.08463498225713505
1905,MLB,pitching,36+,320.6666666666667,0.014588577841133116
1906,MLB,pitching,<=23,2831.0,0.13042476734543446
1906,MLB,pitching,24-26,6193.666666666667,0.28534353020670167
1906,MLB,pitching,27-29,5740.0,0.26444301114899105
1906,MLB,pitching,30-32,4120.0,0.1898092693264535
1906,MLB,pitching,33-35,2266.0,0.10439509812954943
1906,MLB,pitching,36+,555.3333333333334,0.02558432384286987
1907,MLB,pitching,<=23,2944.3333333333335,0.1349167557659997
1907,MLB,pitching,24-26,5614.333333333333,0.25726286848938446
1907,MLB,pitching,27-29,4896.333333333333,0.22436230334504353
1907,MLB,pitching,30-32,5020.0,0.2300290209256148
1907,MLB,pitching,33-35,2551.3333333333335,0.11690850771345655
1907,MLB,pitching,36+,797.0,0.036520543760501
1908,MLB,pitching,<=23,3317.0,0.148677722994173
1908,MLB,pitching,24-26,5026.666666666667,0.22531002539967132
1908,MLB,pitching,27-29,6425.666666666667,0.28801733154041537
1908,MLB,pitching,30-32,4591.333333333333,0.20579710144927535
1908,MLB,pitching,33-35,2184.0,0.09789332138054684
1908,MLB,pitching,36+,765.3333333333333,0.03430449723591812
1909,MLB,pitching,<=23,4038.3333333333335,0.18180044718558203
1909,MLB,pitching,24-26,6656.666666666667,0.2996743648614175
1909,MLB,pitching,27-29,6022.333333333333,0.2711175137682138
1909,MLB,pitching,30-32,3150.0,0.1418088506730293
1909,MLB,pitching,33-35,1622.3333333333335,0.07303530965350621
1909,MLB,pitching,36+,723.3333333333333,0.032563513858251174
1910,MLB,pitching,<=23,4679.0,0.20912978054558184
1910,MLB,pitching,24-26,6129.0,0.273938111768299
1910,MLB,pitching,27-29,6010.333333333333,0.2686342575348996
1910,MLB,pitching,30-32,3006.0,0.1343543749348192
1910,MLB,pitching,33-35,1898.0,0.08483187080049462
1910,MLB,pitching,36+,651.3333333333334,0.029111604415905604
1911,MLB,pitching,<=23,5152.666666666667,0.23374463194822478
1911,MLB,pitching,24-26,5978.333333333333,0.27120002419403616
1911,MLB,pitching,27-29,5882.0,0.26682997641081474
1911,MLB,pitching,30-32,3418.0,0.1550535293050263
1911,MLB,pitching,33-35,1143.6666666666667,0.05188108631222404
1911,MLB,pitching,36+,469.3333333333333,0.021290751829673986
1912,MLB,pitching,<=23,5478.0,0.2503656307129799
1912,MLB,pitching,24-26,5742.666666666667,0.26246191346739794
1912,MLB,pitching,27-29,5541.666666666667,0.2532754418037782
1912,MLB,pitching,30-32,3214.3333333333335,0.14690737355271177
1912,MLB,pitching,33-35,1406.3333333333335,0.06427483241925656
1912,MLB,pitching,36+,497.0,0.022714808043875684
1913,MLB,pitching,<=23,5195.0,0.23541940454071691
1913,MLB,pitching,24-26,7916.333333333333,0.3587408045195692
1913,MLB,pitching,27-29,4452.666666666667,0.20177942931375661
1913,MLB,pitching,30-32,2762.6666666666665,0.12519448346701711
1913,MLB,pitching,33-35,1314.0,0.05954592830924004
1913,MLB,pitching,36+,426.3333333333333,0.019319949849700153
1914,MLB,pitching,<=23,6033.666666666667,0.2690238392485584
1914,MLB,pitching,24-26,8678.0,0.3869270554663813
1914,MLB,pitching,27-29,4558.333333333333,0.20324297009690268
1914,MLB,pitching,30-32,2255.3333333333335,0.10055882527792641
1914,MLB,pitching,33-35,708.3333333333334,0.03158254562748945
1914,MLB,pitching,36+,194.33333333333334,0.008664764282741811
1915,MLB,pitching,<=23,5854.333333333333,0.2628129348915857
1915,MLB,pitching,24-26,6541.333333333333,0.29365376270070476
1915,MLB,pitching,27-29,6247.0,0.28044054050009726
1915,MLB,pitching,30-32,2836.3333333333335,0.12732877429781375
1915,MLB,pitching,33-35,746.0,0.03348945785386146
1915,MLB,pitching,36+,50.666666666666664,0.0022745297559369714
1916,MLB,pitching,<=23,5082.0,0.22575295406758078
1916,MLB,pitching,24-26,6707.0,0.2979388160037907
1916,MLB,pitching,27-29,6153.666666666667,0.2733586045547428
1916,MLB,pitching,30-32,3365.0,0.1494802617940593
1916,MLB,pitching,33-35,646.6666666666666,0.028726271211537893
1916,MLB,pitching,36+,557.0,0.024743092368288568
1917,MLB,pitching,<=23,4102.0,0.18228140599309742
1917,MLB,pitching,24-26,7265.0,0.3228362785323873
1917,MLB,pitching,27-29,7373.0,0.3276354964376176
1917,MLB,pitching,30-32,2351.0,0.10447186384441054
1917,MLB,pitching,33-35,1183.0,0.05256921094340181
1917,MLB,pitching,36+,229.66666666666669,0.010205744249085335
1918,MLB,pitching,<=23,2625.6666666666665,0.14275099673794853
1918,MLB,pitching,24-26,5564.666666666667,0.30253715114171803
1918,MLB,pitching,27-29,5499.333333333333,0.2989851395433128
1918,MLB,pitching,30-32,2862.6666666666665,0.155636100036245
1918,MLB,pitching,33-35,1788.3333333333333,0.09722725625226532
1918,MLB,pitching,36+,52.66666666666667,0.0028633562885103303
1919,MLB,pitching,<=23,1410.6666666666667,0.07013938379435505
1919,MLB,pitching,24-26,6866.333333333333,0.3413991414886388
1919,MLB,pitching,27-29,6680.666666666667,0.3321676583191077
1919,MLB,pitching,30-32,3193.3333333333335,0.158774881084575
1919,MLB,pitching,33-35,1612.0,0.08014982514874787
1919,MLB,pitching,36+,349.3333333333333,0.017369110164575634
1920,MLB,pitching,<=23,2340.3333333333335,0.10512210094476634
1920,MLB,pitching,24-26,5996.666666666667,0.26935573223135545
1920,MLB,pitching,27-29,8381.333333333334,0.3764691790564314
1920,MLB,pitching,30-32,4019.0,0.18052373893904683
1920,MLB,pitching,33-35,691.3333333333333,0.03105301771249756
1920,MLB,pitching,36+,834.3333333333333,0.03747623111590231
1921,MLB,pitching,<=23,2853.6666666666665,0.12969640043631075
1921,MLB,pitching,24-26,4424.333333333333,0.20108168706823415
1921,MLB,pitching,27-29,8289.333333333334,0.3767422130650831
1921,MLB,pitching,30-32,4787.333333333333,0.21757968731062902
1921,MLB,pitching,33-35,1264.6666666666667,0.05747788146891287
1921,MLB,pitching,36+,383.3333333333333,0.017422130650830203
1922,MLB,pitching,<=23,3600.0,0.1629155855910215
1922,MLB,pitching,24-26,4743.666666666667,0.2146714535690581
1922,MLB,pitching,27-29,6046.666666666667,0.2736378446871417
1922,MLB,pitching,30-32,5239.666666666667,0.2371176009171544
1922,MLB,pitching,33-35,1840.0,0.08326796596874433
1922,MLB,pitching,36+,627.3333333333334,0.028389549266879862
1923,MLB,pitching,<=23,2908.3333333333335,0.13166830151663775
1923,MLB,pitching,24-26,4691.666666666667,0.2124047385497623
1923,MLB,pitching,27-29,6256.666666666667,0.2832566211423828
1923,MLB,pitching,30-32,4981.666666666667,0.22553384139440125
1923,MLB,pitching,33-35,2262.0,0.1024070021881838
1923,MLB,pitching,36+,988.0,0.044729495208632
1924,MLB,pitching,<=23,3013.3333333333335,0.13734427225767246
1924,MLB,pitching,24-26,5072.666666666667,0.23120632026739593
1924,MLB,pitching,27-29,4782.333333333333,0.21797326040717105
1924,MLB,pitching,30-32,4699.0,0.2141750227894257
1924,MLB,pitching,33-35,3482.6666666666665,0.15873594652081432
1924,MLB,pitching,36+,890.0,0.04056517775752051
1925,MLB,pitching,<=23,1350.6666666666667,0.06186259541984732
1925,MLB,pitching,24-26,5446.666666666667,0.2494656488549618
1925,MLB,pitching,27-29,4945.0,0.22648854961832057
1925,MLB,pitching,30-32,5167.666666666667,0.23668702290076335
1925,MLB,pitching,33-35,3697.6666666666665,0.16935877862595416
1925,MLB,pitching,36+,1225.6666666666667,0.05613740458015267
1926,MLB,pitching,<=23,1146.6666666666667,0.052327350167325835
1926,MLB,pitching,24-26,5541.666666666667,0.25289017341040465
1926,MLB,pitching,27-29,6017.0,0.27458168542744144
1926,MLB,pitching,30-32,4655.0,0.2124277456647399
1926,MLB,pitching,33-35,3193.333333333333,0.14572558564040158
1926,MLB,pitching,36+,1359.6666666666667,0.062047459689686654
1927,MLB,pitching,<=23,1926.3333333333335,0.08751684763678767
1927,MLB,pitching,24-26,3752.0,0.17046022443323794
1927,MLB,pitching,27-29,6784.333333333333,0.30822467554101735
1927,MLB,pitching,30-32,4863.333333333333,0.2209501309951085
1927,MLB,pitching,33-35,2674.0,0.12148471218935987
1927,MLB,pitching,36+,2011.0,0.09136340920448867
1928,MLB,pitching,<=23,2721.6666666666665,0.12366340532517492
1928,MLB,pitching,24-26,3621.0,0.1645260957804501
1928,MLB,pitching,27-29,6328.333333333333,0.2875382425105261
1928,MLB,pitching,30-32,4438.0,0.20164783570108744
1928,MLB,pitching,33-35,2953.0,0.13417441613909672
1928,MLB,pitching,36+,1946.6666666666665,0.08845000454366461
1929,MLB,pitching,<=23,2289.3333333333335,0.10475899938987189
1929,MLB,pitching,24-26,3567.6666666666665,0.16325503355704699
1929,MLB,pitching,27-29,6362.0,0.2911226357535083
1929,MLB,pitching,30-32,4520.333333333333,0.20684868822452715
1929,MLB,pitching,33-35,3195.6666666666665,0.14623245881635144
1929,MLB,pitching,36+,1918.3333333333333,0.08778218425869433
1930,MLB,pitching,<=23,2380.6666666666665,0.10889519104686975
1930,MLB,pitching,24-26,5219.666666666667,0.23875522215106884
1930,MLB,pitching,27-29,5356.0,0.24499130912084896
1930,MLB,pitching,30-32,4687.666666666667,0.2144207605281615
1930,MLB,pitching,33-35,2391.3333333333335,0.10938310005184033
1930,MLB,pitching,36+,1826.6666666666667,0.08355441710121063
1931,MLB,pitching,<=23,1932.3333333333333,0.08787061177469228
1931,MLB,pitching,24-26,5253.0,0.23887406778633358
1931,MLB,pitching,27-29,5141.0,0.23378099799915114
1931,MLB,pitching,30-32,5050.666666666667,0.2296731946886558
1931,MLB,pitching,33-35,2411.666666666667,0.10966773782816953
1931,MLB,pitching,36+,2202.0,0.10013338992299763
1932,MLB,pitching,<=23,2126.333333333333,0.09609967007637957
1932,MLB,pitching,24-26,5610.333333333333,0.25355910754907424
1932,MLB,pitching,27-29,4400.333333333333,0.1988731375886952
1932,MLB,pitching,30-32,4825.333333333333,0.21808101959957216
1932,MLB,pitching,33-35,2882.333333333333,0.13026710254749244
1932,MLB,pitching,36+,2281.6666666666665,0.10311996263878637
1933,MLB,pitching,<=23,1743.3333333333335,0.07960305018188461
1933,MLB,pitching,24-26,5331.333333333333,0.24343617296540387
1933,MLB,pitching,27-29,5291.333333333333,0.24160971674708148
1933,MLB,pitching,30-32,3931.6666666666665,0.17952542579260589
1933,MLB,pitching,33-35,3333.0,0.152189464391714
1933,MLB,pitching,36+,2269.6666666666665,0.10363616992131018
1934,MLB,pitching,<=23,1919.0,0.08838837455667634
1934,MLB,pitching,24-26,5726.333333333333,0.26375262923556414
1934,MLB,pitching,27-29,6164.0,0.2839113813274377
1934,MLB,pitching,30-32,3598.0,0.16572244484362766
1934,MLB,pitching,33-35,2579.6666666666665,0.11881841769916938
1934,MLB,pitching,36+,1724.0,0.07940675233752476
1935,MLB,pitching,<=23,2198.0,0.10045703839122486
1935,MLB,pitching,24-26,5818.0,0.2659049360146252
1935,MLB,pitching,27-29,6104.666666666667,0.279006703229738
1935,MLB,pitching,30-32,3587.0,0.1639396709323583
1935,MLB,pitching,33-35,2381.3333333333335,0.10883607556368069
1935,MLB,pitching,36+,1791.0,0.08185557586837294
1936,MLB,pitching,<=23,1534.3333333333333,0.06960427031195658
1936,MLB,pitching,24-26,5076.0,0.2302702212275635
1936,MLB,pitching,27-29,7387.333333333333,0.3351227109827464
1936,MLB,pitching,30-32,4555.0,0.2066353147540488
1936,MLB,pitching,33-35,1962.3333333333333,0.08902027793319321
1936,MLB,pitching,36+,1528.6666666666667,0.06934720479049161
1937,MLB,pitching,<=23,2151.0,0.09818629986914579
1937,MLB,pitching,24-26,3848.3333333333335,0.17566416116368946
1937,MLB,pitching,27-29,6291.0,0.2871641155168741
1937,MLB,pitching,30-32,5766.0,0.2631995374456042
1937,MLB,pitching,33-35,2163.666666666667,0.0987644928638812
1937,MLB,pitching,36+,1687.3333333333333,0.0770213931408052
1938,MLB,pitching,<=23,2125.6666666666665,0.09814544055405926
1938,MLB,pitching,24-26,4088.0,0.18874951904578685
1938,MLB,pitching,27-29,5726.333333333333,0.2643939976914198
1938,MLB,pitching,30-32,5651.333333333333,0.2609311273566756
1938,MLB,pitching,33-35,2742.0,0.12660253943824548
1938,MLB,pitching,36+,1325.0,0.06117737591381301
1939,MLB,pitching,<=23,1988.6666666666667,0.09111457283362351
1939,MLB,pitching,24-26,4071.6666666666665,0.18655120803934144
1939,MLB,pitching,27-29,5526.333333333333,0.253199547939766
1939,MLB,pitching,30-32,5952.0,0.27270228168239713
1939,MLB,pitching,33-35,3128.6666666666665,0.14334585662359875
1939,MLB,pitching,36+,1158.6666666666667,0.0530865328812731
1940,MLB,pitching,<=23,2389.6666666666665,0.10836671453404884
1940,MLB,pitching,24-26,4702.333333333333,0.2132416295064621
1940,MLB,pitching,27-29,4776.333333333333,0.21659738492933264
1940,MLB,pitching,30-32,5222.333333333333,0.23682261355906584
1940,MLB,pitching,33-35,3345.6666666666665,0.1517194467538357
1940,MLB,pitching,36+,1615.3333333333333,0.07325221071725493
1941,MLB,pitching,<=23,2435.0,0.10968797861797651
1941,MLB,pitching,24-26,5607.0,0.25257515240697914
1941,MLB,pitching,27-29,4155.666666666667,0.1871978137481606
1941,MLB,pitching,30-32,4486.666666666667,0.20210817141655904
1941,MLB,pitching,33-35,3447.6666666666665,0.1553049641130364
1941,MLB,pitching,36+,2067.3333333333335,0.0931259196972882
1942,MLB,pitching,<=23,2195.6666666666665,0.10002125850340135
1942,MLB,pitching,24-26,5090.333333333333,0.23188471817298348
1942,MLB,pitching,27-29,4961.0,0.22599307580174927
1942,MLB,pitching,30-32,4283.0,0.19510750728862974
1942,MLB,pitching,33-35,3771.6666666666665,0.17181426141885325
1942,MLB,pitching,36+,1650.3333333333335,0.07517917881438291
1943,MLB,pitching,<=23,1740.3333333333335,0.07768420426139745
1943,MLB,pitching,24-26,4218.666666666667,0.1883109153672182
1943,MLB,pitching,27-29,6112.0,0.27282466373050823
1943,MLB,pitching,30-32,3654.0,0.1631055826687299
1943,MLB,pitching,33-35,4309.666666666667,0.19237293179383408
1943,MLB,pitching,36+,2368.0,0.1057017021783121
1944,MLB,pitching,<=23,1321.6666666666665,0.05919942666885646
1944,MLB,pitching,24-26,5944.666666666667,0.2662705107723547
1944,MLB,pitching,27-29,4998.0,0.22386789494901232
1944,MLB,pitching,30-32,3256.0,0.1458411096346507
1944,MLB,pitching,33-35,3458.3333333333335,0.15490392224196367
1944,MLB,pitching,36+,3347.0,0.14991713573316212
1945,MLB,pitching,<=23,1696.0,0.07713298162634163
1945,MLB,pitching,24-26,3901.6666666666665,0.17744527317930991
1945,MLB,pitching,27-29,5746.333333333333,0.26133951852525616
1945,MLB,pitching,30-32,3660.6666666666665,0.16648474925717058
1945,MLB,pitching,33-35,2588.6666666666665,0.11773088351221878
1945,MLB,pitching,36+,4394.666666666667,0.19986659389970288
1946,MLB,pitching,<=23,803.6666666666666,0.0362883804936785
1946,MLB,pitching,24-26,4477.666666666667,0.20218242022877786
1946,MLB,pitching,27-29,7125.0,0.3217188440698374
1946,MLB,pitching,30-32,4914.333333333333,0.2218994581577363
1946,MLB,pitching,33-35,1715.6666666666665,0.0774683925346177
1946,MLB,pitching,36+,3110.3333333333335,0.1404425045153522
1947,MLB,pitching,<=23,1561.6666666666667,0.070845304702858
1947,MLB,pitching,24-26,4596.333333333333,0.20851353394828365
1947,MLB,pitching,27-29,6718.666666666667,0.3047935883865114
1947,MLB,pitching,30-32,5106.0,0.23163465900499014
1947,MLB,pitching,33-35,1667.6666666666667,0.07565401481929532
1947,MLB,pitching,36+,2393.0,0.10855889913806138
1948,MLB,pitching,<=23,2837.3333333333335,0.12936956653899934
1948,MLB,pitching,24-26,2680.6666666666665,0.12222627515350476
1948,MLB,pitching,27-29,7007.666666666667,0.3195179038239407
1948,MLB,pitching,30-32,5546.666666666667,0.2529029120311265
1948,MLB,pitching,33-35,2436.6666666666665,0.11110097878290473
1948,MLB,pitching,36+,1423.0,0.06488236366952398
1949,MLB,pitching,<=23,3071.6666666666665,0.13937624780688485
1949,MLB,pitching,24-26,3379.3333333333335,0.15333655998548007
1949,MLB,pitching,27-29,6490.0,0.29448242482908826
1949,MLB,pitching,30-32,5371.333333333333,0.24372315324581037
1949,MLB,pitching,33-35,2776.0,0.1259604331780507
1949,MLB,pitching,36+,950.3333333333333,0.0431211809546857
1950,MLB,pitching,<=23,3355.0,0.15268970539154705
1950,MLB,pitching,24-26,3871.6666666666665,0.17620376831821352
1950,MLB,pitching,27-29,6007.333333333333,0.2734002852028277
1950,MLB,pitching,30-32,4790.333333333333,0.21801328923814434
1950,MLB,pitching,33-35,3365.6666666666665,0.15317515701325887
1950,MLB,pitching,36+,582.6666666666666,0.02651779483600837
1951,MLB,pitching,<=23,2393.3333333333335,0.10776735459662289
1951,MLB,pitching,24-26,4550.666666666667,0.20490806754221388
1951,MLB,pitching,27-29,4237.666666666667,0.19081425891181988
1951,MLB,pitching,30-32,5879.666666666667,0.26475046904315197
1951,MLB,pitching,33-35,4002.0,0.18020262664165101
1951,MLB,pitching,36+,1145.0,0.05155722326454033
1952,MLB,pitching,<=23,2215.6666666666665,0.09977783782160977
1952,MLB,pitching,24-26,4304.666666666667,0.19385151160347056
1952,MLB,pitching,27-29,4599.666666666667,0.20713620943288602
1952,MLB,pitching,30-32,6017.333333333333,0.270977813804077
1952,MLB,pitching,33-35,3376.6666666666665,0.1520610045333093
1952,MLB,pitching,36+,1692.0,0.0761956228046474
1953,MLB,pitching,<=23,2003.0,0.09091321713870733
1953,MLB,pitching,24-26,5178.666666666667,0.23505204550956185
1953,MLB,pitching,27-29,5417.333333333333,0.24588477366255143
1953,MLB,pitching,30-32,4756.666666666667,0.21589808763011378
1953,MLB,pitching,33-35,2425.6666666666665,0.11009743403534253
1953,MLB,pitching,36+,2250.6666666666665,0.10215444202372306
1954,MLB,pitching,<=23,2515.0,0.1136637541428141
1954,MLB,pitching,24-26,5681.0,0.2567490207893944
1954,MLB,pitching,27-29,5426.0,0.24522446520036154
1954,MLB,pitching,30-32,3673.3333333333335,0.16601385959626394
1954,MLB,pitching,33-35,3085.3333333333335,0.1394395902380235
1954,MLB,pitching,36+,1746.0,0.07890931003314251
1955,MLB,pitching,<=23,2511.0,0.11407932397437645
1955,MLB,pitching,24-26,6487.666666666667,0.29474656611088396
1955,MLB,pitching,27-29,5656.333333333333,0.2569775718201505
1955,MLB,pitching,30-32,3381.6666666666665,0.15363530356034102
1955,MLB,pitching,33-35,2798.0,0.12711825905229204
1955,MLB,pitching,36+,1176.3333333333333,0.053442975481955986
1956,MLB,pitching,<=23,1934.3333333333333,0.08754620200648713
1956,MLB,pitching,24-26,6423.333333333333,0.29071433959417664
1956,MLB,pitching,27-29,5768.333333333333,0.26106962359508185
1956,MLB,pitching,30-32,3856.3333333333335,0.17453420834276231
1956,MLB,pitching,33-35,2509.0,0.1135551029644716
1956,MLB,pitching,36+,1603.6666666666667,0.07258052349702045
1957,MLB,pitching,<=23,2516.0,0.11260125609774291
1957,MLB,pitching,24-26,5486.0,0.24552086285859204
1957,MLB,pitching,27-29,7136.0,0.31936508883684156
1957,MLB,pitching,30-32,4191.333333333333,0.18757925201020392
1957,MLB,pitching,33-35,1307.0,0.058493577790043716
1957,MLB,pitching,36+,1708.0,0.07643996240657587
1958,MLB,pitching,<=23,3173.3333333333335,0.14391751953922205
1958,MLB,pitching,24-26,4089.0,0.1854449802718106
1958,MLB,pitching,27-29,8069.0,0.365946575156087
1958,MLB,pitching,30-32,4248.666666666667,0.19268620840829037
1958,MLB,pitching,33-35,1123.3333333333333,0.050945592525964103
1958,MLB,pitching,36+,1346.3333333333333,0.06105912409862582
1959,MLB,pitching,<=23,4518.666666666667,0.20446147116936397
1959,MLB,pitching,24-26,3519.0,0.15922836759626552
1959,MLB,pitching,27-29,6790.0,0.30723518498966834
1959,MLB,pitching,30-32,4028.0,0.18225969442391518
1959,MLB,pitching,33-35,2151.3333333333335,0.09734393146408049
1959,MLB,pitching,36+,1093.3333333333333,0.04947135035670654
1960,MLB,pitching,<=23,3906.3333333333335,0.1759345443627083
1960,MLB,pitching,24-26,5083.333333333333,0.2289446029124756
1960,MLB,pitching,27-29,5779.333333333333,0.2602912475604264
1960,MLB,pitching,30-32,4551.666666666667,0.20499924936195768
1960,MLB,pitching,33-35,1998.6666666666667,0.0900165140369314
1960,MLB,pitching,36+,884.0,0.03981384176550068
1961,MLB,pitching,<=23,4443.333333333333,0.17456783656364588
1961,MLB,pitching,24-26,7978.333333333333,0.3134494499738083
1961,MLB,pitching,27-29,4226.0,0.16602933473022527
1961,MLB,pitching,30-32,5687.666666666667,0.22345468831849138
1961,MLB,pitching,33-35,2141.0,0.08411471974855945
1961,MLB,pitching,36+,977.0,0.03838397066526977
1962,MLB,pitching,<=23,4287.333333333333,0.14781359535712232
1962,MLB,pitching,24-26,9707.333333333334,0.3346779290926852
1962,MLB,pitching,27-29,5895.0,0.20324082054818135
1962,MLB,pitching,30-32,5028.666666666667,0.17337240705625467
1962,MLB,pitching,33-35,2726.3333333333335,0.09399528816870655
1962,MLB,pitching,36+,1360.3333333333333,0.04689995977704993
1963,MLB,pitching,<=23,3851.0,0.13231252004214578
1963,MLB,pitching,24-26,7680.333333333333,0.2638806175271428
1963,MLB,pitching,27-29,8398.666666666666,0.2885610884603051
1963,MLB,pitching,30-32,4000.6666666666665,0.1374547620138348
1963,MLB,pitching,33-35,3469.6666666666665,0.11921068303632783
1963,MLB,pitching,36+,1705.0,0.058580328920243716
1964,MLB,pitching,<=23,5174.0,0.17756677915689528
1964,MLB,pitching,24-26,7340.0,0.25190184750900874
1964,MLB,pitching,27-29,8781.666666666666,0.30137848195389805
1964,MLB,pitching,30-32,2981.6666666666665,0.10232797574786935
1964,MLB,pitching,33-35,3292.6666666666665,0.1130012011668478
1964,MLB,pitching,36+,1568.3333333333335,0.05382371446548076
1965,MLB,pitching,<=23,5102.0,0.17483180463065554
1965,MLB,pitching,24-26,7464.666666666667,0.25579403063497325
1965,MLB,pitching,27-29,9013.333333333334,0.30886266805258894
1965,MLB,pitching,30-32,3117.3333333333335,0.1068226209921528
1965,MLB,pitching,33-35,2304.0,0.07895187727734818
1965,MLB,pitching,36+,2181.0,0.0747369984122814
1966,MLB,pitching,<=23,5558.666666666667,0.19138777946104762
1966,MLB,pitching,24-26,7857.333333333333,0.2705320662902263
1966,MLB,pitching,27-29,7433.666666666667,0.2559450029839783
1966,MLB,pitching,30-32,4617.333333333333,0.15897718404260203
1966,MLB,pitching,33-35,2004.0,0.06899876050130836
1966,MLB,pitching,36+,1573.0,0.05415920672083735
1967,MLB,pitching,<=23,6301.666666666667,0.21592635318035935
1967,MLB,pitching,24-26,7999.333333333333,0.27409683277557595
1967,MLB,pitching,27-29,6860.0,0.23505762224024307
1967,MLB,pitching,30-32,5113.333333333333,0.1752081596290247
1967,MLB,pitching,33-35,1670.6666666666667,0.05724532568844015
1967,MLB,pitching,36+,1239.3333333333333,0.042465706486356836
1968,MLB,pitching,<=23,5161.666666666667,0.17656180518340306
1968,MLB,pitching,24-26,9106.0,0.3114830735550665
1968,MLB,pitching,27-29,7312.666666666667,0.2501396759517918
1968,MLB,pitching,30-32,5454.0,0.18656146311984764
1968,MLB,pitching,33-35,1257.3333333333333,0.043008791033373996
1968,MLB,pitching,36+,942.6666666666666,0.032245191156516875
1969,MLB,pitching,<=23,5934.333333333333,0.17008369000305718
1969,MLB,pitching,24-26,12603.333333333334,0.36122363191684503
1969,MLB,pitching,27-29,7530.666666666667,0.21583613573830635
1969,MLB,pitching,30-32,5505.333333333333,0.15778813818404158
1969,MLB,pitching,33-35,2447.0,0.07013336900030573
1969,MLB,pitching,36+,870.0,0.024935035157444208
1970,MLB,pitching,<=23,6702.0,0.1922620869033048
1970,MLB,pitching,24-26,10693.666666666666,0.3067721083231334
1970,MLB,pitching,27-29,9268.0,0.2658736230110159
1970,MLB,pitching,30-32,4318.333333333333,0.1238811964504284
1970,MLB,pitching,33-35,3229.0,0.0926311964504284
1970,MLB,pitching,36+,647.6666666666666,0.018579788861689105
1971,MLB,pitching,<=23,6301.333333333333,0.18124466687759463
1971,MLB,pitching,24-26,10592.666666666666,0.3046758899722917
1971,MLB,pitching,27-29,9443.0,0.2716081341501999
1971,MLB,pitching,30-32,4566.333333333333,0.1313410226172328
1971,MLB,pitching,33-35,3371.0,0.09695976069261081
1971,MLB,pitching,36+,492.66666666666663,0.014170525690070084
1972,MLB,pitching,<=23,5339.333333333333,0.15961973473109384
1972,MLB,pitching,24-26,10071.333333333334,0.30108319797510735
1972,MLB,pitching,27-29,9637.0,0.288098773305697
1972,MLB,pitching,30-32,5113.666666666667,0.15287341431575172
1972,MLB,pitching,33-35,2418.0,0.07228627517413877
1972,MLB,pitching,36+,871.0,0.026038604498211278
1973,MLB,pitching,<=23,5617.0,0.16104400015291107
1973,MLB,pitching,24-26,10838.666666666666,0.31075346916931074
1973,MLB,pitching,27-29,8022.0,0.22999732405673
1973,MLB,pitching,30-32,6460.666666666667,0.18523261592568527
1973,MLB,pitching,33-35,2615.6666666666665,0.07499331014182499
1973,MLB,pitching,36+,1324.6666666666667,0.037979280553537983
1974,MLB,pitching,<=23,4153.0,0.11885296726988277
1974,MLB,pitching,24-26,11348.666666666666,0.3247827372718861
1974,MLB,pitching,27-29,8920.666666666666,0.25529682238354623
1974,MLB,pitching,30-32,6085.333333333333,0.1741536054642411
1974,MLB,pitching,33-35,3077.6666666666665,0.08807845307029678
1974,MLB,pitching,36+,1357.0,0.038835414540147106
1975,MLB,pitching,<=23,5027.0,0.14477018776638637
1975,MLB,pitching,24-26,11153.0,0.3211899550743002
1975,MLB,pitching,27-29,8242.333333333334,0.2373670468072035
1975,MLB,pitching,30-32,5787.0,0.1666570671581615
1975,MLB,pitching,33-35,2782.6666666666665,0.08013669700111353
1975,MLB,pitching,36+,1732.0,0.049879046192834925
1976,MLB,pitching,<=23,5279.0,0.15114958435534517
1976,MLB,pitching,24-26,11196.333333333334,0.3205760806283822
1976,MLB,pitching,27-29,8111.666666666667,0.23225517050497727
1976,MLB,pitching,30-32,5472.666666666667,0.15669469444630027
1976,MLB,pitching,33-35,3680.6666666666665,0.10538572396613761
1976,MLB,pitching,36+,1185.3333333333333,0.033938746098857574
1977,MLB,pitching,<=23,6858.0,0.18172182622751
1977,MLB,pitching,24-26,10443.666666666666,0.276734059372709
1977,MLB,pitching,27-29,10015.666666666666,0.2653930063506364
1977,MLB,pitching,30-32,6017.0,0.15943718699488593
1977,MLB,pitching,33-35,3038.0,0.08050027822676807
1977,MLB,pitching,36+,1366.6666666666665,0.036213642827490566
1978,MLB,pitching,<=23,6283.0,0.1675615610276469
1978,MLB,pitching,24-26,10022.333333333334,0.2672859809760868
1978,MLB,pitching,27-29,10475.0,0.27935816517023737
1978,MLB,pitching,30-32,5251.666666666667,0.14005689394612855
1978,MLB,pitching,33-35,3885.0,0.10360920970752957
1978,MLB,pitching,36+,1579.6666666666667,0.042128189172370885
1979,MLB,pitching,<=23,5752.333333333333,0.15348423533597189
1979,MLB,pitching,24-26,11024.0,0.2941432827856094
1979,MLB,pitching,27-29,9104.333333333334,0.242922577489216
1979,MLB,pitching,30-32,5853.0,0.15617023168942054
1979,MLB,pitching,33-35,2988.0,0.07972606394805887
1979,MLB,pitching,36+,2756.6666666666665,0.0735536087517232
1980,MLB,pitching,<=23,5150.666666666667,0.13604028736441753
1980,MLB,pitching,24-26,11790.0,0.311399492886322
1980,MLB,pitching,27-29,8409.666666666666,0.2221175517678546
1980,MLB,pitching,30-32,6313.666666666667,0.1667576419213974
1980,MLB,pitching,33-35,4096.666666666667,0.10820185941681927
1980,MLB,pitching,36+,2100.6666666666665,0.055483166643189176
1981,MLB,pitching,<=23,2562.0,0.10209205020920502
1981,MLB,pitching,24-26,7464.0,0.29742976688583384
1981,MLB,pitching,27-29,6518.666666666667,0.25975958026167234
1981,MLB,pitching,30-32,4283.333333333333,0.1706847313541874
1981,MLB,pitching,33-35,1999.6666666666667,0.0796838679683868
1981,MLB,pitching,36+,2267.3333333333335,0.09035000332071462
1982,MLB,pitching,<=23,3919.3333333333335,0.10347164165969991
1982,MLB,pitching,24-26,10532.0,0.27804813657763894
1982,MLB,pitching,27-29,10897.333333333334,0.2876930523166278
1982,MLB,pitching,30-32,5925.666666666667,0.15643947727372728
1982,MLB,pitching,33-35,3333.0,0.08799225590707088
1982,MLB,pitching,36+,3271.0,0.08635543626523517
1983,MLB,pitching,<=23,3662.0,0.09702718456891526
1983,MLB,pitching,24-26,10864.0,0.2878490805998622
1983,MLB,pitching,27-29,11156.0,0.29558581951141966
1983,MLB,pitching,30-32,4870.666666666667,0.1290516312507728
1983,MLB,pitching,33-35,3464.0,0.09178103969053045
1983,MLB,pitching,36+,3725.3333333333335,0.09870524437849965
1984,MLB,pitching,<=23,4288.666666666667,0.11374365684177025
1984,MLB,pitching,24-26,10006.666666666666,0.265395972205032
1984,MLB,pitching,27-29,11240.333333333334,0.29811517584030267
1984,MLB,pitching,30-32,6345.0,0.16828155665965308
1984,MLB,pitching,33-35,2922.0,0.077497038386053
1984,MLB,pitching,36+,2902.0,0.07696660006718885
1985,MLB,pitching,<=23,3437.3333333333335,0.09127602322617194
1985,MLB,pitching,24-26,11172.0,0.2966647783600057
1985,MLB,pitching,27-29,9858.666666666666,0.26179011471462965
1985,MLB,pitching,30-32,7644.666666666667,0.20299886701600342
1985,MLB,pitching,33-35,2944.0,0.07817589576547232
1985,MLB,pitching,36+,2602.0,0.06909432091771704
1986,MLB,pitching,<=23,5014.666666666667,0.13310565106217317
1986,MLB,pitching,24-26,10398.0,0.27599692098068535
1986,MLB,pitching,27-29,9463.666666666666,0.25119665908708844
1986,MLB,pitching,30-32,6952.666666666667,0.18454650823283755
1986,MLB,pitching,33-35,3172.6666666666665,0.08421294780708351
1986,MLB,pitching,36+,2672.6666666666665,0.07094131283013191
1987,MLB,pitching,<=23,4865.666666666667,0.12949327561122745
1987,MLB,pitching,24-26,9767.666666666666,0.2599535147794613
1987,MLB,pitching,27-29,9794.333333333334,0.2606632128029524
1987,MLB,pitching,30-32,7659.666666666666,0.20385188602249743
1987,MLB,pitching,33-35,2752.3333333333335,0.07324970724956532
1987,MLB,pitching,36+,2735.0,0.07278840353429616
1988,MLB,pitching,<=23,3847.6666666666665,0.10214773059122324
1988,MLB,pitching,24-26,10307.333333333334,0.27363875295346146
1988,MLB,pitching,27-29,9666.0,0.25661265630116015
1988,MLB,pitching,30-32,7374.333333333333,0.1957735635337115
1988,MLB,pitching,33-35,4039.0,0.1072272417546437
1988,MLB,pitching,36+,2433.3333333333335,0.06460005486580003
1989,MLB,pitching,<=23,3093.3333333333335,0.08201864863670512
1989,MLB,pitching,24-26,10536.0,0.27935834548588095
1989,MLB,pitching,27-29,10803.0,0.2864377568606655
1989,MLB,pitching,30-32,6541.0,0.17343232135755005
1989,MLB,pitching,33-35,4403.0,0.11674400106058597
1989,MLB,pitching,36+,2338.6666666666665,0.062008926598612395
1990,MLB,pitching,<=23,3940.0,0.10488858915086387
1990,MLB,pitching,24-26,9854.0,0.2623279587544702
1990,MLB,pitching,27-29,10115.666666666666,0.26929390989520013
1990,MLB,pitching,30-32,7223.666666666667,0.192304620599693
1990,MLB,pitching,33-35,4474.666666666667,0.11912220141803695
1990,MLB,pitching,36+,1955.6666666666667,0.052062720181735904
1991,MLB,pitching,<=23,4154.666666666667,0.11000008825424283
1991,MLB,pitching,24-26,10922.666666666666,0.28919150288150103
1991,MLB,pitching,27-29,9679.0,0.25626384488434284
1991,MLB,pitching,30-32,6567.666666666667,0.17388733463361253
1991,MLB,pitching,33-35,4482.0,0.1186666548994343
1991,MLB,pitching,36+,1963.6666666666667,0.05199057444686654
1992,MLB,pitching,<=23,3552.3333333333335,0.09390337389526737
1992,MLB,pitching,24-26,10272.0,0.27153292389570793
1992,MLB,pitching,27-29,11061.333333333334,0.29239838222206554
1992,MLB,pitching,30-32,6413.666666666667,0.16954066032831375
1992,MLB,pitching,33-35,4141.333333333333,0.10947316480011277
1992,MLB,pitching,36+,2389.0,0.06315149485853254
1993,MLB,pitching,<=23,3456.0,0.08531858691090428
1993,MLB,pitching,24-26,12680.0,0.31303231540227616
1993,MLB,pitching,27-29,10433.666666666666,0.25757687971626303
1993,MLB,pitching,30-32,7745.333333333333,0.19120974975518634
1993,MLB,pitching,33-35,3016.6666666666665,0.07447272487882753
1993,MLB,pitching,36+,3175.3333333333335,0.07838974333654265
1994,MLB,pitching,<=23,2428.6666666666665,0.08495901304819319
1994,MLB,pitching,24-26,8331.666666666666,0.2914562903018925
1994,MLB,pitching,27-29,7692.333333333333,0.2690912907100129
1994,MLB,pitching,30-32,5446.333333333333,0.19052227754521392
1994,MLB,pitching,33-35,2784.3333333333335,0.0974008558868457
1994,MLB,pitching,36+,1903.0,0.06657027250784174
1995,MLB,pitching,<=23,3387.6666666666665,0.0940182800473653
1995,MLB,pitching,24-26,9978.333333333334,0.276929766133807
1995,MLB,pitching,27-29,10864.333333333334,0.3015190201302546
1995,MLB,pitching,30-32,7185.0,0.19940608348134992
1995,MLB,pitching,33-35,3128.3333333333335,0.0868209739490823
1995,MLB,pitching,36+,1488.3333333333335,0.04130587625814092
1996,MLB,pitching,<=23,3869.3333333333335,0.09539619664371067
1996,MLB,pitching,24-26,9998.0,0.24649496227872653
1996,MLB,pitching,27-29,13657.0,0.33670551108627406
1996,MLB,pitching,30-32,6675.666666666667,0.1645847372659884
1996,MLB,pitching,33-35,4986.0,0.12292697358689042
1996,MLB,pitching,36+,1374.6666666666667,0.033891619138409955
1997,MLB,pitching,<=23,3086.6666666666665,0.07630065424103095
1997,MLB,pitching,24-26,11693.333333333334,0.2890525864768214
1997,MLB,pitching,27-29,11663.333333333334,0.2883110034442412
1997,MLB,pitching,30-32,8126.666666666667,0.200886603714507
1997,MLB,pitching,33-35,4023.3333333333335,0.0994545244804799
1997,MLB,pitching,36+,1860.6666666666667,0.04599462764291953
1998,MLB,pitching,<=23,4535.0,0.10440968811394892
1998,MLB,pitching,24-26,10683.666666666666,0.24597096021611
1998,MLB,pitching,27-29,10730.666666666666,0.24705304518664048
1998,MLB,pitching,30-32,9432.0,0.21715373280943026
1998,MLB,pitching,33-35,5509.333333333333,0.1268418467583497
1998,MLB,pitching,36+,2544.0,0.058570726915520635
1999,MLB,pitching,<=23,4253.0,0.0984232531588935
1999,MLB,pitching,24-26,10837.333333333334,0.2507984016538871
1999,MLB,pitching,27-29,10216.0,0.23641945785827792
1999,MLB,pitching,30-32,9699.666666666666,0.2244704321397164
1999,MLB,pitching,33-35,5238.666666666667,0.12123362698057609
1999,MLB,pitching,36+,2966.6666666666665,0.06865482820864896
2000,MLB,pitching,<=23,4459.0,0.10311177572398696
2000,MLB,pitching,24-26,9755.666666666666,0.22559410481527442
2000,MLB,pitching,27-29,11612.333333333334,0.26852843917892905
2000,MLB,pitching,30-32,8759.0,0.2025467691335281
2000,MLB,pitching,33-35,6004.0,0.1388390001002058
2000,MLB,pitching,36+,2654.3333333333335,0.061379911048075664
2001,MLB,pitching,<=23,5256.666666666667,0.1214366019312809
2001,MLB,pitching,24-26,10948.666666666666,0.25293003342009207
2001,MLB,pitching,27-29,10179.333333333334,0.2351573208482851
2001,MLB,pitching,30-32,8062.0,0.18624385886556497
2001,MLB,pitching,33-35,5518.333333333333,0.1274814803406693
2001,MLB,pitching,36+,3322.3333333333335,0.07675070459410759
2002,MLB,pitching,<=23,4577.666666666667,0.10579552720577473
2002,MLB,pitching,24-26,11883.333333333334,0.2746385017757132
2002,MLB,pitching,27-29,10634.0,0.24576486630150918
2002,MLB,pitching,30-32,7337.666666666667,0.16958253406981133
2002,MLB,pitching,33-35,4693.0,0.10846102290323326
2002,MLB,pitching,36+,4143.333333333333,0.09575754774395834
2003,MLB,pitching,<=23,4448.666666666667,0.1026568004553636
2003,MLB,pitching,24-26,12694.333333333334,0.2929326338784364
2003,MLB,pitching,27-29,10165.333333333334,0.23457378890205066
2003,MLB,pitching,30-32,8299.666666666666,0.19152192975708812
2003,MLB,pitching,33-35,3644.6666666666665,0.08410381059335723
2003,MLB,pitching,36+,4082.6666666666665,0.09421103641370397
2004,MLB,pitching,<=23,3814.3333333333335,0.08790001689941775
2004,MLB,pitching,24-26,11399.0,0.2626860856339586
2004,MLB,pitching,27-29,11620.333333333334,0.2677866371695012
2004,MLB,pitching,30-32,8236.0,0.18979582430750794
2004,MLB,pitching,33-35,3705.6666666666665,0.08539583045275076
2004,MLB,pitching,36+,4618.666666666667,0.10643560553686378
2005,MLB,pitching,<=23,3696.3333333333335,0.08549927908895348
2005,MLB,pitching,24-26,10759.0,0.24886466148021927
2005,MLB,pitching,27-29,12468.666666666666,0.2884106802778784
2005,MLB,pitching,30-32,7280.333333333333,0.16840019429902
2005,MLB,pitching,33-35,4157.333333333333,0.09616259435453402
2005,MLB,pitching,36+,4870.666666666667,0.11266259049939474
2006,MLB,pitching,<=23,5585.0,0.12910906653104628
2006,MLB,pitching,24-26,9942.0,0.22983032040316242
2006,MLB,pitching,27-29,12690.0,0.2933561422164686
2006,MLB,pitching,30-32,6348.0,0.14674742244209163
2006,MLB,pitching,33-35,4302.666666666667,0.09946522415892244
2006,MLB,pitching,36+,4390.333333333333,0.10149182424830859
2007,MLB,pitching,<=23,4548.666666666667,0.10474604112775086
2007,MLB,pitching,24-26,12887.0,0.2967599806566009
2007,MLB,pitching,27-29,12008.333333333334,0.2765261711583779
2007,MLB,pitching,30-32,6944.333333333333,0.15991310822324736
2007,MLB,pitching,33-35,2672.0,0.06153043131174343
2007,MLB,pitching,36+,4365.333333333333,0.10052426752227943
2008,MLB,pitching,<=23,3820.3333333333335,0.08811206015083839
2008,MLB,pitching,24-26,14034.666666666666,0.3236951557971293
2008,MLB,pitching,27-29,10841.333333333334,0.25004420594589194
2008,MLB,pitching,30-32,7409.333333333333,0.1708886548322865
2008,MLB,pitching,33-35,3678.0,0.08482928816895129
2008,MLB,pitching,36+,3574.0,0.08243063510490263
2009,MLB,pitching,<=23,4391.0,0.10147439452763912
2009,MLB,pitching,24-26,14839.0,0.342923830652616
2009,MLB,pitching,27-29,8952.333333333334,0.20688512972206818
2009,MLB,pitching,30-32,8532.666666666666,0.1971867874530104
2009,MLB,pitching,33-35,3887.3333333333335,0.08983484316263018
2009,MLB,pitching,36+,2669.6666666666665,0.06169501448203611
2010,MLB,pitching,<=23,4158.333333333333,0.09602358446996521
2010,MLB,pitching,24-26,13491.666666666666,0.3115474614366206
2010,MLB,pitching,27-29,12276.666666666666,0.2834908710243542
2010,MLB,pitching,30-32,6160.333333333333,0.1422534560793128
2010,MLB,pitching,33-35,5354.666666666667,0.1236491271282983
2010,MLB,pitching,36+,1863.6666666666667,0.043035499861448945
2011,MLB,pitching,<=23,4428.666666666667,0.10174449771025103
2011,MLB,pitching,24-26,12560.0,0.2885543183593451
2011,MLB,pitching,27-29,12716.0,0.2921382732689038
2011,MLB,pitching,30-32,6419.0,0.14747055490036912
2011,MLB,pitching,33-35,4989.0,0.11461763489608062
2011,MLB,pitching,36+,2414.6666666666665,0.05547472086505031
2012,MLB,pitching,<=23,3733.0,0.08610244029954023
2012,MLB,pitching,24-26,12873.666666666666,0.29693386434579366
2012,MLB,pitching,27-29,13934.0,0.3213906785785678
2012,MLB,pitching,30-32,5142.666666666667,0.11861670228960682
2012,MLB,pitching,33-35,5199.666666666667,0.11993141943321083
2012,MLB,pitching,36+,2472.3333333333335,0.05702489505328064
2013,MLB,pitching,<=23,3777.3333333333335,0.08653023824068418
2013,MLB,pitching,24-26,12851.666666666666,0.2944028711056811
2013,MLB,pitching,27-29,13708.0,0.3140195479535736
2013,MLB,pitching,30-32,7107.0,0.16280543677458764
2013,MLB,pitching,33-35,3476.0,0.07962736713500305
2013,MLB,pitching,36+,2733.3333333333335,0.06261453879047037
2014,MLB,pitching,<=23,3358.6666666666665,0.07700950008025008
2014,MLB,pitching,24-26,12859.333333333334,0.2948464166431012
2014,MLB,pitching,27-29,12254.333333333334,0.28097461804785967
2014,MLB,pitching,30-32,8189.0,0.18776224577922823
2014,MLB,pitching,33-35,4360.0,0.09996866425661681
2014,MLB,pitching,36+,2592.3333333333335,0.059438555192944116
2015,MLB,pitching,<=23,3013.3333333333335,0.06941938060096911
2015,MLB,pitching,24-26,12421.0,0.28614760833339736
2015,MLB,pitching,27-29,13519.666666666666,0.31145803736667105
2015,MLB,pitching,30-32,8782.0,0.20231449129570048
2015,MLB,pitching,33-35,2971.3333333333335,0.068451809588168
2015,MLB,pitching,36+,2700.3333333333335,0.06220867281509412
2016,MLB,pitching,<=23,3993.6666666666665,0.09221899799105596
2016,MLB,pitching,24-26,11697.333333333334,0.2701067588266535
2016,MLB,pitching,27-29,13133.0,0.30325818394538134
2016,MLB,pitching,30-32,9298.333333333334,0.2147107043619486
2016,MLB,pitching,33-35,3660.0,0.08451419730755316
2016,MLB,pitching,36+,1524.0,0.035191157567407386
2017,MLB,pitching,<=23,2627.0,0.06073005525117322
2017,MLB,pitching,24-26,12306.0,0.2844857479714266
2017,MLB,pitching,27-29,13083.0,0.3024481586795201
2017,MLB,pitching,30-32,8558.0,0.19784081189171696
2017,MLB,pitching,33-35,5022.333333333333,0.1161045225820869
2017,MLB,pitching,36+,1660.6666666666667,0.03839070362407626
2018,MLB,pitching,<=23,2997.6666666666665,0.06892930779430814
2018,MLB,pitching,24-26,12612.333333333334,0.2900120336943442
2018,MLB,pitching,27-29,12749.333333333334,0.29316225558953607
2018,MLB,pitching,30-32,8703.0,0.20011957046609488
2018,MLB,pitching,33-35,5327.666666666667,0.1225060743329731
2018,MLB,pitching,36+,1099.0,0.02527075812274368
2019,MLB,pitching,<=23,3098.0,0.07134413141935979
2019,MLB,pitching,24-26,12702.0,0.2925155446380594
2019,MLB,pitching,27-29,12742.333333333334,0.29344438473938744
2019,MLB,pitching,30-32,9101.333333333334,0.20959545559223153
2019,MLB,pitching,33-35,4606.333333333333,0.10607968066323788
2019,MLB,pitching,36+,1173.3333333333333,0.027020802947723955
2020,MLB,pitching,<=23,1241.6666666666667,0.08026979269921994
2020,MLB,pitching,24-26,4348.0,0.28108434254191267
2020,MLB,pitching,27-29,4661.0,0.30131879498340736
2020,MLB,pitching,30-32,3136.6666666666665,0.20277550316769383
2020,MLB,pitching,33-35,1560.0,0.10084902814291256
2020,MLB,pitching,36+,521.3333333333334,0.03370253846485369
2021,MLB,pitching,<=23,2241.0,0.05258711721224921
2021,MLB,pitching,24-26,12069.0,0.2832101372756072
2021,MLB,pitching,27-29,12652.666666666666,0.29690641010598773
2021,MLB,pitching,30-32,8661.333333333334,0.20324611834643516
2021,MLB,pitching,33-35,4745.666666666667,0.11136141421252298
2021,MLB,pitching,36+,2245.3333333333335,0.052688802847197784
2022,MLB,pitching,<=23,1278.6666666666667,0.029684428830111586
2022,MLB,pitching,24-26,11942.666666666666,0.2772507080618451
2022,MLB,pitching,27-29,15011.333333333334,0.34849024190178446
2022,MLB,pitching,30-32,8515.666666666666,0.19769241483911904
2022,MLB,pitching,33-35,4250.666666666667,0.0986798322319038
2022,MLB,pitching,36+,2076.3333333333335,0.04820237413523595
2023,MLB,pitching,<=23,1761.3333333333333,0.04087821633581408
2023,MLB,pitching,24-26,10995.333333333334,0.2551871392984791
2023,MLB,pitching,27-29,13461.666666666666,0.31242747288452904
2023,MLB,pitching,30-32,9595.0,0.2226872553418638
2023,MLB,pitching,33-35,5068.0,0.11762157478609335
2023,MLB,pitching,36+,2206.0,0.051198341353220586
2024,MLB,pitching,<=23,2020.0,0.04684999497483552
2024,MLB,pitching,24-26,10813.333333333334,0.25079436253855847
2024,MLB,pitching,27-29,12964.0,0.3006749182444394
2024,MLB,pitching,30-32,8733.333333333334,0.20255278355456943
2024,MLB,pitching,33-35,6680.0,0.15492968635242638
2024,MLB,pitching,36+,1905.6666666666667,0.04419825433517074
