player_id,metric,rolling_var
455117,whiff_rate,0.07522833359652926
456781,whiff_rate,0.043819711293740564
457705,whiff_rate,0.07107788996331756
457759,whiff_rate,0.006363503955990893
467793,whiff_rate,0.00924019962115502
493329,whiff_rate,0.09592466616276143
500743,whiff_rate,0.0026569201112162464
502054,whiff_rate,0.0044873617592590485
502671,whiff_rate,0.0059257773051936136
506702,whiff_rate,0.034378815628815625
514888,whiff_rate,0.002761464759665093
516782,whiff_rate,0.02424279099885816
518595,whiff_rate,0.019187187255004172
518692,whiff_rate,0.013573251153839944
518792,whiff_rate,0.05202620210368143
518934,whiff_rate,0.00642072541181467
519317,whiff_rate,0.021840948606232424
521692,whiff_rate,0.0059731377104839025
527038,whiff_rate,0.008033918690343167
542194,whiff_rate,0.33333333333333337
542303,whiff_rate,0.009539550601250215
542932,whiff_rate,0.021924611470857433
542963,whiff_rate,0.04587301587301588
543309,whiff_rate,0.013685479358193402
543510,whiff_rate,0.0770508325272736
543592,whiff_rate,0.006060051821368695
543760,whiff_rate,0.004227254747538526
543807,whiff_rate,0.043083541521353214
543877,whiff_rate,0.0731559236970063
545121,whiff_rate,0.030948500364087077
545341,whiff_rate,0.07495591845579821
545350,whiff_rate,
545358,whiff_rate,0.175
545361,whiff_rate,0.07566716077579612
546991,whiff_rate,0.16666666666666669
547180,whiff_rate,0.011126681119548558
553869,whiff_rate,0.02163728721957207
553882,whiff_rate,0.008888888888888889
553988,whiff_rate,
553993,whiff_rate,0.010049390974078223
570482,whiff_rate,0.010572465749470598
571448,whiff_rate,0.006142941049920894
571466,whiff_rate,0.020992063492063492
571657,whiff_rate,0.004177348782766625
571771,whiff_rate,0.009903198336163445
571875,whiff_rate,0.0034722222222222216
571912,whiff_rate,0.021456930415263753
571970,whiff_rate,0.012132699869301738
572138,whiff_rate,0.013888888888888886
572191,whiff_rate,0.02230281331491076
572204,whiff_rate,0.0
572233,whiff_rate,0.010787049940720208
573262,whiff_rate,0.01031979318305947
575929,whiff_rate,0.01570517298439246
578428,whiff_rate,0.010915751681358733
592178,whiff_rate,0.034706015227814864
592192,whiff_rate,0.008607671543305051
592200,whiff_rate,
592206,whiff_rate,0.06991505717216187
592273,whiff_rate,0.0
592325,whiff_rate,0.17460317460317457
592348,whiff_rate,0.0
592450,whiff_rate,0.01199528242586078
592518,whiff_rate,0.01022030801041669
592626,whiff_rate,0.011291415817118107
592663,whiff_rate,0.00805381740973728
592669,whiff_rate,0.010103702701602817
592696,whiff_rate,0.1511574074074074
592885,whiff_rate,0.007215838213521631
593428,whiff_rate,0.010488530373104408
593871,whiff_rate,0.04523033241834259
595453,whiff_rate,0.0
595751,whiff_rate,0.03548398526077098
595777,whiff_rate,0.02610788514334915
595879,whiff_rate,0.025947714584487518
595978,whiff_rate,0.01960022930458845
596019,whiff_rate,0.04262974634139059
596103,whiff_rate,0.0684919363180942
596115,whiff_rate,0.007887126738094984
596117,whiff_rate,0.0
596142,whiff_rate,0.01363950957385301
596146,whiff_rate,0.004525701310940594
600869,whiff_rate,0.030653021970031984
602104,whiff_rate,0.00899746655920526
605113,whiff_rate,0.07944671201814058
605131,whiff_rate,0.007564877802973041
605137,whiff_rate,0.009911925572066636
605141,whiff_rate,0.005625244472010349
605170,whiff_rate,0.030836846040322746
605204,whiff_rate,0.14721119929453264
605244,whiff_rate,0.12500000000000003
605346,whiff_rate,0.15476190476190477
605353,whiff_rate,0.10000000000000002
605361,whiff_rate,0.006133149303862075
605612,whiff_rate,0.10799382716049385
606115,whiff_rate,0.011365194848265045
606192,whiff_rate,0.012791483817447402
606466,whiff_rate,0.042533279885501485
606992,whiff_rate,0.030554975383818687
607043,whiff_rate,0.006723711491853868
607067,whiff_rate,0.0
607208,whiff_rate,0.004099209945351096
607680,whiff_rate,0.007869165023011177
607732,whiff_rate,0.0184149489271017
608070,whiff_rate,0.0032375152302931702
608324,whiff_rate,0.003565124604994738
608348,whiff_rate,0.018564583482968668
608360,whiff_rate,0.0
608369,whiff_rate,0.005653817627121171
608385,whiff_rate,0.025812739906434824
608671,whiff_rate,0.024716553287981863
608701,whiff_rate,0.07879588598480705
608841,whiff_rate,0.0
609280,whiff_rate,0.06872694550553138
614173,whiff_rate,0.0
620443,whiff_rate,0.012277371967061867
620449,whiff_rate,0.16666666666666669
621008,whiff_rate,0.0
621020,whiff_rate,0.010758545682181923
621028,whiff_rate,0.005992353148622334
621035,whiff_rate,0.028413571651352453
621043,whiff_rate,0.004120910984208809
621438,whiff_rate,0.0031972408880971497
621439,whiff_rate,0.015795455968429423
621458,whiff_rate,0.04166666666666667
621466,whiff_rate,0.13444444444444445
621493,whiff_rate,0.00441110005451864
621512,whiff_rate,0.019322247417485512
621529,whiff_rate,0.10582010582010581
621566,whiff_rate,0.013874173038827308
622268,whiff_rate,0.13820301783264743
622534,whiff_rate,0.03069444444444444
622569,whiff_rate,0.011781004489337821
622761,whiff_rate,0.057434764309764304
623168,whiff_rate,0.006528817812885925
623205,whiff_rate,0.09204545454545456
623993,whiff_rate,0.02066127200977782
624413,whiff_rate,0.005334185246038076
624414,whiff_rate,0.0
624415,whiff_rate,0.0831247561160981
624424,whiff_rate,0.009785744820407408
624428,whiff_rate,0.005199228861441346
624431,whiff_rate,0.019388490559622544
624503,whiff_rate,0.06250000000000001
624512,whiff_rate,0.009643610456056991
624513,whiff_rate,0.05895691609977323
624523,whiff_rate,0.00892857142857143
624585,whiff_rate,0.009298723752231217
624641,whiff_rate,0.02975565357915508
628451,whiff_rate,0.004625160635235042
630105,whiff_rate,0.005522339318631087
640458,whiff_rate,0.06349206349206349
640459,whiff_rate,0.19444444444444445
640492,whiff_rate,0.007497165532879818
640902,whiff_rate,0.02428155017794155
641302,whiff_rate,
641313,whiff_rate,0.02313416362023632
641343,whiff_rate,0.007127026043264804
641355,whiff_rate,0.010759271596647047
641468,whiff_rate,0.0
641487,whiff_rate,0.00761381955838296
641511,whiff_rate,0.0
641555,whiff_rate,0.007592905034467051
641584,whiff_rate,0.016025573963470242
641598,whiff_rate,0.0765969989213379
641645,whiff_rate,0.10113636363636362
641658,whiff_rate,0.13059270766285416
641680,whiff_rate,0.019659085287609603
641796,whiff_rate,0.0
641820,whiff_rate,0.15476190476190474
641856,whiff_rate,0.1485969387755102
641857,whiff_rate,0.014542641252316826
641924,whiff_rate,
641933,whiff_rate,0.03921303715772183
641943,whiff_rate,0.023475392959043433
642020,whiff_rate,0.12500000000000003
642086,whiff_rate,0.002895541635848683
642133,whiff_rate,0.01497174268132205
642136,whiff_rate,0.008514837153832867
642137,whiff_rate,0.0
642180,whiff_rate,0.07572639213594694
642197,whiff_rate,0.027777777777777776
642201,whiff_rate,0.014158628589082458
642215,whiff_rate,0.016247941911074256
642350,whiff_rate,0.06428955083716989
642708,whiff_rate,0.007122904945805275
642715,whiff_rate,0.01048599870520317
642727,whiff_rate,0.025
642731,whiff_rate,0.024045638170691237
642851,whiff_rate,0.029888737021493306
643217,whiff_rate,0.013107241213988515
643265,whiff_rate,0.0
643289,whiff_rate,0.0021831166879545086
643376,whiff_rate,0.0148759735471947
643396,whiff_rate,0.0030040532043703583
643446,whiff_rate,0.0025341584377549875
643565,whiff_rate,0.07115627372481005
644433,whiff_rate,0.004
645277,whiff_rate,0.005596506710522129
645302,whiff_rate,0.013886266159816982
645305,whiff_rate,0.006691919191919193
645444,whiff_rate,0.013980701953969622
645801,whiff_rate,0.13839285714285715
646240,whiff_rate,0.017855852349661198
647304,whiff_rate,0.0055305874538797905
647351,whiff_rate,0.009148017662981414
649966,whiff_rate,0.005353332886699175
650333,whiff_rate,0.004899891903731925
650391,whiff_rate,
650402,whiff_rate,0.003848256488664717
650489,whiff_rate,0.013809357413910858
650490,whiff_rate,0.002975248600404923
650559,whiff_rate,0.027209876543209874
650859,whiff_rate,0.042481999716156994
650907,whiff_rate,0.0
650968,whiff_rate,0.01545511554758708
651016,whiff_rate,0.5
655316,whiff_rate,0.00518608376828908
656180,whiff_rate,0.02521194379737077
656185,whiff_rate,0.06790123456790123
656248,whiff_rate,0.010636460345455054
656305,whiff_rate,0.006847365163740558
656413,whiff_rate,0.018472301869489147
656448,whiff_rate,
656484,whiff_rate,0.0398012245871043
656537,whiff_rate,0.015517683305471564
656541,whiff_rate,0.03320439495592467
656555,whiff_rate,0.01990160593370306
656577,whiff_rate,0.030039852819061522
656582,whiff_rate,0.01937388219878299
656627,whiff_rate,
656716,whiff_rate,0.009558116646049886
656775,whiff_rate,0.06618486298329643
656811,whiff_rate,0.004646204540391056
656883,whiff_rate,0.0
656896,whiff_rate,0.019114983939700406
656941,whiff_rate,0.014279054150078968
656976,whiff_rate,0.019872375475887237
657041,whiff_rate,0.017556116994501145
657077,whiff_rate,0.010813283777296366
657088,whiff_rate,0.0
657136,whiff_rate,0.022058851227200985
657247,whiff_rate,0.2043650793650794
657557,whiff_rate,0.05200752339340859
657656,whiff_rate,0.00832344780463953
657757,whiff_rate,0.00964748780264237
660162,whiff_rate,0.05618758757306066
660271,whiff_rate,0.008577675980926224
660613,whiff_rate,0.0
660644,whiff_rate,0.019065694986068013
660670,whiff_rate,0.01053617210410113
660688,whiff_rate,0.01042722761625984
660710,whiff_rate,0.0
660757,whiff_rate,0.02695295142467762
660766,whiff_rate,0.0022675736961451243
660821,whiff_rate,0.010543142761226828
660844,whiff_rate,0.06219355735322499
661388,whiff_rate,0.0075286994647244775
662139,whiff_rate,0.014768394926005906
663330,whiff_rate,0.020575364411929507
663368,whiff_rate,0.037047490767507
663457,whiff_rate,0.015361697250822164
663536,whiff_rate,0.10151171579743007
663538,whiff_rate,0.0035279333305597623
663584,whiff_rate,0.03778873187543222
663586,whiff_rate,0.01404704637902524
663604,whiff_rate,0.008556619058337335
663609,whiff_rate,0.01417283976476306
663616,whiff_rate,0.004188522098322342
663624,whiff_rate,0.008933634256175264
663647,whiff_rate,0.004019403324999965
663656,whiff_rate,0.011862205380349532
663662,whiff_rate,0.012725983887316068
663697,whiff_rate,0.016394453094503974
663698,whiff_rate,0.07212725783626425
663714,whiff_rate,
663728,whiff_rate,0.013578654354429898
663731,whiff_rate,0.11042524005486969
663743,whiff_rate,0.006026056863562303
663757,whiff_rate,0.0041362917368994116
663796,whiff_rate,0.0
663837,whiff_rate,0.024516684780421044
663853,whiff_rate,0.018767149774506383
663886,whiff_rate,0.016783773401269658
663897,whiff_rate,0.04882030178326473
663898,whiff_rate,0.08347028375541529
663905,whiff_rate,
663967,whiff_rate,0.0017006802721088433
663968,whiff_rate,0.007668632875892576
663993,whiff_rate,0.0038914939066573844
664023,whiff_rate,0.039831517570607475
664034,whiff_rate,0.018413635452694022
664040,whiff_rate,0.015603549049598655
664056,whiff_rate,0.013276900122218901
664059,whiff_rate,0.023258220347268422
664068,whiff_rate,0.11766975308641976
664238,whiff_rate,0.017804542920680032
664332,whiff_rate,0.0
664670,whiff_rate,0.0
664702,whiff_rate,0.002475579991923459
664728,whiff_rate,0.00263120843358302
664731,whiff_rate,0.0
664761,whiff_rate,0.00204620333649077
664770,whiff_rate,0.006052300244755716
664774,whiff_rate,0.007217834768847594
664874,whiff_rate,0.0
664913,whiff_rate,0.05535568840330744
664954,whiff_rate,0.03125
664983,whiff_rate,0.08468583534638476
665019,whiff_rate,0.006329568609365862
665052,whiff_rate,0.01931156523396974
665155,whiff_rate,0.09414152037563396
665161,whiff_rate,0.010884287941658537
665487,whiff_rate,0.009901936893505997
665489,whiff_rate,0.010878756436777022
665561,whiff_rate,0.05869376618814846
665648,whiff_rate,0.33333333333333337
665742,whiff_rate,0.017099430676747414
665750,whiff_rate,0.009732100856046538
665782,whiff_rate,0.04166666666666667
665804,whiff_rate,0.023130263306121616
665828,whiff_rate,0.058228620011914256
665833,whiff_rate,0.013371067327605428
665839,whiff_rate,0.0046506751720346
665846,whiff_rate,0.04000000000000001
665856,whiff_rate,0.06250000000000001
665861,whiff_rate,0.01500631313131313
665862,whiff_rate,0.011258031048646503
665877,whiff_rate,0.0030983892479737353
665923,whiff_rate,0.15631944444444446
665926,whiff_rate,0.01828133168157329
665953,whiff_rate,0.018763652417832975
665966,whiff_rate,0.00871370610951097
665998,whiff_rate,0.012345679012345678
666018,whiff_rate,0.07292571136140615
666023,whiff_rate,0.00667574192057792
666126,whiff_rate,0.029178359752819957
666134,whiff_rate,0.0759392304769576
666139,whiff_rate,0.014961139816399672
666149,whiff_rate,0.011797342672600521
666150,whiff_rate,0.0
666152,whiff_rate,0.016701407910558116
666158,whiff_rate,0.006441532672836577
666160,whiff_rate,0.005983736016553373
666163,whiff_rate,0.01333905182329485
666165,whiff_rate,0.0
666176,whiff_rate,0.006946949448015699
666177,whiff_rate,0.0
666181,whiff_rate,0.020660953546378005
666182,whiff_rate,0.018261941417854737
666183,whiff_rate,0.0
666185,whiff_rate,0.018598469237606226
666194,whiff_rate,0.0
666198,whiff_rate,0.005714285714285716
666211,whiff_rate,0.06758338806568312
666310,whiff_rate,0.008333018291716189
666397,whiff_rate,0.01929755162224585
666464,whiff_rate,0.0268600355405911
666624,whiff_rate,0.02434649188546203
666632,whiff_rate,0.12500000000000003
666703,whiff_rate,0.14285714285714288
666801,whiff_rate,
666915,whiff_rate,0.1734841750060906
666931,whiff_rate,
666969,whiff_rate,0.01078246673077318
666971,whiff_rate,0.011734012697371917
667240,whiff_rate,0.0
667452,whiff_rate,0.03125000000000001
667472,whiff_rate,0.009074172652167324
667670,whiff_rate,0.06398936736834532
667690,whiff_rate,0.16666666666666669
667803,whiff_rate,
668227,whiff_rate,0.013270388144420815
668472,whiff_rate,0.0
668663,whiff_rate,
668664,whiff_rate,
668670,whiff_rate,0.013505677585923352
668709,whiff_rate,0.01596975882859281
668715,whiff_rate,0.007241596976980597
668721,whiff_rate,0.0
668723,whiff_rate,0.012993827160493826
668731,whiff_rate,0.10941043083900226
668751,whiff_rate,0.0
668752,whiff_rate,0.0
668785,whiff_rate,
668791,whiff_rate,
668800,whiff_rate,0.02151588901377574
668804,whiff_rate,0.013118347439764987
668843,whiff_rate,0.0
668845,whiff_rate,0.009925925925925927
668853,whiff_rate,0.055555555555555546
668860,whiff_rate,0.0
668885,whiff_rate,0.008427027187705091
668901,whiff_rate,0.021359466230912668
668904,whiff_rate,0.007189267691153265
668930,whiff_rate,0.005779393974450083
668939,whiff_rate,0.004254473501287533
668942,whiff_rate,0.0208722313696326
668952,whiff_rate,0.09062475152115369
668974,whiff_rate,0.034260017736703306
669002,whiff_rate,0.25
669003,whiff_rate,0.08151622393491642
669004,whiff_rate,0.0322902028696108
669016,whiff_rate,0.004004555201164265
669065,whiff_rate,0.067429502904497
669087,whiff_rate,0.1454879721248769
669127,whiff_rate,0.0064027215697663115
669134,whiff_rate,0.02083506944444445
669137,whiff_rate,0.07407407407407407
669194,whiff_rate,0.0
669200,whiff_rate,0.008613031989655366
669208,whiff_rate,0.04611419753086418
669219,whiff_rate,0.5
669221,whiff_rate,0.008601480380756992
669224,whiff_rate,0.00863653964192641
669234,whiff_rate,0.027432568490321947
669236,whiff_rate,0.031415438326926455
669242,whiff_rate,0.0055172540796729775
669256,whiff_rate,0.12289186507936507
669257,whiff_rate,0.007426241899903851
669261,whiff_rate,0.010375870110274394
669288,whiff_rate,0.007985552717602666
669289,whiff_rate,0.01363488190737823
669304,whiff_rate,0.003939569304152637
669326,whiff_rate,0.08080390255696217
669357,whiff_rate,0.011547650586701869
669364,whiff_rate,0.0032080213248033957
669369,whiff_rate,0.006293165717963715
669374,whiff_rate,0.012021036814425243
669384,whiff_rate,
669392,whiff_rate,0.0
669394,whiff_rate,0.013631893442042641
669397,whiff_rate,0.01913748180763769
669398,whiff_rate,0.22400000000000006
669413,whiff_rate,0.0
669432,whiff_rate,0.33333333333333337
669450,whiff_rate,0.03184547572955694
669477,whiff_rate,0.00476881618070766
669699,whiff_rate,0.12251984126984128
669701,whiff_rate,0.003956136463008648
669707,whiff_rate,0.030428915615343433
669717,whiff_rate,0.032649886024378155
669720,whiff_rate,0.03369479521928499
669722,whiff_rate,0.0482529680695176
669742,whiff_rate,0.0
669743,whiff_rate,0.0052607825646084246
669911,whiff_rate,0.027902056667036112
670032,whiff_rate,0.004674556213017753
670042,whiff_rate,0.020467841397736112
670076,whiff_rate,0.0
670092,whiff_rate,0.021833207357016878
670097,whiff_rate,0.0195619479568491
670148,whiff_rate,0.0
670156,whiff_rate,0.015935640361543
670208,whiff_rate,
670223,whiff_rate,0.016345273193487636
670224,whiff_rate,0.013122231805893546
670231,whiff_rate,0.007987200262126461
670232,whiff_rate,0.0
670242,whiff_rate,0.016115928715720505
670276,whiff_rate,0.002040816326530612
670541,whiff_rate,0.01292979905320757
670623,whiff_rate,0.009133712736465592
670712,whiff_rate,0.0
670764,whiff_rate,0.006003391853556139
670770,whiff_rate,0.0054982782845610445
670867,whiff_rate,0.0
670868,whiff_rate,0.025000000000000005
670869,whiff_rate,0.0
671056,whiff_rate,0.009512617878033952
671083,whiff_rate,0.053114197530864195
671117,whiff_rate,
671155,whiff_rate,0.0
671213,whiff_rate,0.025133627831184824
671217,whiff_rate,0.0
671218,whiff_rate,0.00563930055361514
671221,whiff_rate,0.021344901137694917
671272,whiff_rate,
671277,whiff_rate,0.06288555527331184
671284,whiff_rate,0.08445682650666864
671286,whiff_rate,0.09515379136532982
671289,whiff_rate,0.0028182206467568115
671655,whiff_rate,0.009989088993417997
671732,whiff_rate,0.022747947650041563
671739,whiff_rate,0.002928048246268024
671913,whiff_rate,0.125
671956,whiff_rate,
671976,whiff_rate,0.04
672012,whiff_rate,0.04357369614512471
672013,whiff_rate,0.0
672016,whiff_rate,0.07499976959441303
672018,whiff_rate,0.25000000000000006
672275,whiff_rate,0.02200012364841955
672279,whiff_rate,0.040123456790123455
672284,whiff_rate,0.026123026500035004
672356,whiff_rate,0.01759219326712038
672359,whiff_rate,0.0029818594104308394
672373,whiff_rate,0.012345679012345678
672386,whiff_rate,0.005172447214587311
672515,whiff_rate,0.002966917980166745
672537,whiff_rate,0.0
672569,whiff_rate,0.024293553326680466
672580,whiff_rate,0.0038667668424321486
672613,whiff_rate,
672640,whiff_rate,0.009385202745782667
672642,whiff_rate,0.03608736942070275
672695,whiff_rate,0.005742587891963491
672696,whiff_rate,0.0
672724,whiff_rate,0.03224862563221516
672744,whiff_rate,0.08209491989999772
672761,whiff_rate,0.07712870817894976
672820,whiff_rate,0.0049018369696010216
673237,whiff_rate,0.01994220998192261
673357,whiff_rate,0.01681059966457212
673490,whiff_rate,0.0052849817612771735
673548,whiff_rate,0.018610379864049266
673962,whiff_rate,0.006364566640436343
673995,whiff_rate,0.20000000000000004
674441,whiff_rate,0.0006574621959237344
674951,whiff_rate,0.0
675085,whiff_rate,
675394,whiff_rate,
675430,whiff_rate,
675448,whiff_rate,0.0
675455,whiff_rate,
675628,whiff_rate,
675659,whiff_rate,0.08333333333333334
675662,whiff_rate,0.0
675910,whiff_rate,0.0
675915,whiff_rate,0.2
675961,whiff_rate,0.00892857142857143
675994,whiff_rate,0.0
676024,whiff_rate,0.0
676038,whiff_rate,
676044,whiff_rate,0.016330496514857608
676045,whiff_rate,
676053,whiff_rate,
676059,whiff_rate,0.01935668857538649
676063,whiff_rate,0.0
676070,whiff_rate,0.010301360714583855
676113,whiff_rate,0.12246031746031748
676116,whiff_rate,0.09403078554334929
676203,whiff_rate,0.0
676205,whiff_rate,
676280,whiff_rate,0.0
676356,whiff_rate,0.008831387751694718
676369,whiff_rate,0.02222222222222222
676391,whiff_rate,0.0030564165471822983
676439,whiff_rate,0.06979425777044823
676463,whiff_rate,0.0
676466,whiff_rate,0.0043540564373897705
676475,whiff_rate,0.004264802043960336
676480,whiff_rate,0.10120423446745563
676545,whiff_rate,0.0
676551,whiff_rate,0.0
676572,whiff_rate,0.004269591429134842
676609,whiff_rate,0.00612509662998661
676632,whiff_rate,0.03571428571428572
676679,whiff_rate,0.044727639203829675
676694,whiff_rate,0.0044581193620587805
676701,whiff_rate,0.018612652827019557
676724,whiff_rate,0.030295753198398702
676801,whiff_rate,0.024725517943373097
676812,whiff_rate,0.044000000000000004
676882,whiff_rate,0.0
676914,whiff_rate,0.0755516279878909
676939,whiff_rate,0.0
676946,whiff_rate,0.05000000000000001
677007,whiff_rate,0.03571428571428572
677008,whiff_rate,0.01552879723381157
677049,whiff_rate,
677060,whiff_rate,0.00338123415046492
677338,whiff_rate,0.0
677342,whiff_rate,0.0
677347,whiff_rate,0.07574433572005661
677565,whiff_rate,0.0
677587,whiff_rate,0.02061810090276317
677588,whiff_rate,0.010344475217128713
677592,whiff_rate,0.06933031089833398
677594,whiff_rate,0.035080120091894956
677595,whiff_rate,0.0257921252485368
677605,whiff_rate,0.035493827160493825
677649,whiff_rate,0.00488601602073704
677673,whiff_rate,0.25
677800,whiff_rate,0.006215293220239222
677870,whiff_rate,0.004
677941,whiff_rate,0.125
677942,whiff_rate,0.011797036861368914
677943,whiff_rate,0.1369642857142857
677950,whiff_rate,0.00699822637164457
677951,whiff_rate,0.006870639981594235
677954,whiff_rate,0.05
677956,whiff_rate,0.12924744897959184
678009,whiff_rate,0.014884223177224338
678010,whiff_rate,0.06666666666666667
678011,whiff_rate,0.006345083487940631
678099,whiff_rate,0.0
678173,whiff_rate,0.0
678218,whiff_rate,0.0
678225,whiff_rate,0.059069096890092945
678232,whiff_rate,0.0
678246,whiff_rate,0.004690296010047596
678323,whiff_rate,0.0
678391,whiff_rate,0.02054765427515771
678489,whiff_rate,0.09684994091781018
678554,whiff_rate,0.007635057488000939
678577,whiff_rate,0.0
678662,whiff_rate,0.012471067242325032
678742,whiff_rate,0.0
678746,whiff_rate,0.05000000000000001
678837,whiff_rate,0.25000000000000006
678854,whiff_rate,
678877,whiff_rate,0.019217590468614744
678882,whiff_rate,0.010243484056213139
678894,whiff_rate,0.040712177660895604
678926,whiff_rate,
679032,whiff_rate,0.005988437750413091
679529,whiff_rate,0.010342738274100368
679631,whiff_rate,0.0
679663,whiff_rate,
679734,whiff_rate,0.0
679788,whiff_rate,0.0
679821,whiff_rate,0.0
679822,whiff_rate,0.010416666666666668
679845,whiff_rate,0.01744339987541311
680118,whiff_rate,0.10761248852157944
680273,whiff_rate,0.0
680474,whiff_rate,0.006812942420907667
680518,whiff_rate,0.16852678571428573
680519,whiff_rate,0.0
680552,whiff_rate,0.0
680574,whiff_rate,0.011873386708665437
680577,whiff_rate,0.01968040270571271
680636,whiff_rate,0.17500000000000002
680642,whiff_rate,0.0
680672,whiff_rate,
680690,whiff_rate,0.0
680700,whiff_rate,0.03130324074074074
680711,whiff_rate,0.125
680716,whiff_rate,0.043650793650793655
680718,whiff_rate,0.0638848505801536
680728,whiff_rate,0.016673741069492723
680737,whiff_rate,0.019113834022775267
680740,whiff_rate,0.0
680753,whiff_rate,0.04166666666666667
680757,whiff_rate,0.02330556501206811
680769,whiff_rate,0.039125472411186704
680776,whiff_rate,0.005050302788354493
680777,whiff_rate,0.022086277971924084
680779,whiff_rate,0.008568801569745784
680837,whiff_rate,0.10158023291621174
680862,whiff_rate,0.021603758705456524
680868,whiff_rate,0.0
680869,whiff_rate,0.08437834788220858
680911,whiff_rate,0.011459034792368124
680918,whiff_rate,0.0
680935,whiff_rate,
680977,whiff_rate,0.0013081699324923915
680996,whiff_rate,0.0
681047,whiff_rate,
681082,whiff_rate,0.004023300087546136
681098,whiff_rate,0.0
681114,whiff_rate,0.0
681123,whiff_rate,0.0
681132,whiff_rate,
681134,whiff_rate,0.04166666666666667
681142,whiff_rate,0.0
681146,whiff_rate,0.044147083074131295
681172,whiff_rate,0.28125
681184,whiff_rate,0.0
681198,whiff_rate,0.11419753086419754
681230,whiff_rate,0.0
681275,whiff_rate,
681297,whiff_rate,0.020979517968544914
681333,whiff_rate,
681351,whiff_rate,0.016461785081345756
681370,whiff_rate,0.2
681375,whiff_rate,0.25000000000000006
681393,whiff_rate,0.02612075518685851
681460,whiff_rate,0.006139031165110487
681481,whiff_rate,0.008052849718904824
681488,whiff_rate,0.0
681508,whiff_rate,0.016920713503914525
681546,whiff_rate,0.021962083601759986
681581,whiff_rate,0.00892857142857143
681584,whiff_rate,0.051203073822121435
681623,whiff_rate,0.0
681624,whiff_rate,0.07022060731885123
681715,whiff_rate,0.023218871601117432
681807,whiff_rate,0.017271093947141963
681879,whiff_rate,0.20000000000000004
681909,whiff_rate,0.3333333333333333
681962,whiff_rate,0.009398674242424243
681987,whiff_rate,0.01840789477295774
682073,whiff_rate,0.055555555555555546
682119,whiff_rate,0.0
682177,whiff_rate,0.006369873491373912
682183,whiff_rate,0.0030864197530864196
682192,whiff_rate,0.0
682265,whiff_rate,0.0
682266,whiff_rate,0.25000000000000006
682276,whiff_rate,0.0
682515,whiff_rate,0.03571428571428572
682618,whiff_rate,
682619,whiff_rate,0.0
682622,whiff_rate,0.010919025090272224
682626,whiff_rate,0.009340434411780991
682633,whiff_rate,
682634,whiff_rate,0.05654761904761904
682641,whiff_rate,0.01449200241507131
682646,whiff_rate,0.33333333333333337
682648,whiff_rate,0.0
682653,whiff_rate,0.04013005752839195
682657,whiff_rate,0.013449772724310274
682662,whiff_rate,
682663,whiff_rate,0.007475869354543819
682668,whiff_rate,0.004097308726903031
682674,whiff_rate,
682679,whiff_rate,0.0
682685,whiff_rate,
682707,whiff_rate,0.0
682729,whiff_rate,0.06013757669375332
682732,whiff_rate,0.0
682775,whiff_rate,0.0
682793,whiff_rate,0.20000000000000004
682796,whiff_rate,0.0
682799,whiff_rate,0.0
682801,whiff_rate,0.0
682818,whiff_rate,0.25000000000000006
682829,whiff_rate,0.019515011390053825
682848,whiff_rate,0.02197902098888413
682868,whiff_rate,0.017685950413223142
682877,whiff_rate,0.022727272727272728
682927,whiff_rate,0.022894440622049875
682928,whiff_rate,0.005998148673680385
682942,whiff_rate,0.20000000000000004
682985,whiff_rate,0.026093230705192528
682987,whiff_rate,0.21428571428571427
682988,whiff_rate,0.008819371183580164
682997,whiff_rate,0.018518518518518517
682998,whiff_rate,0.007248095336754266
683002,whiff_rate,0.006119989649663902
683004,whiff_rate,0.0
683011,whiff_rate,0.010130396612260615
683021,whiff_rate,0.025802240087954374
683079,whiff_rate,0.0
683083,whiff_rate,0.022096606398113713
683090,whiff_rate,0.09416322890630688
683104,whiff_rate,0.0
683145,whiff_rate,
683146,whiff_rate,0.004565410249604914
683169,whiff_rate,0.0
683172,whiff_rate,
683227,whiff_rate,0.013286428758095934
683233,whiff_rate,0.0
683341,whiff_rate,
683344,whiff_rate,0.08333333333333334
683353,whiff_rate,0.0
683357,whiff_rate,0.1244764109347443
683454,whiff_rate,0.0
683490,whiff_rate,0.0
683493,whiff_rate,0.23809523809523814
683494,whiff_rate,0.0
683569,whiff_rate,0.0
683610,whiff_rate,0.0
683679,whiff_rate,0.0
683734,whiff_rate,0.00708569802653441
683737,whiff_rate,0.008663117675846129
683748,whiff_rate,0.007107438016528926
683766,whiff_rate,0.06915579180758989
683770,whiff_rate,0.032258291328804145
683953,whiff_rate,0.20000000000000004
684081,whiff_rate,0.0
684222,whiff_rate,0.0
684541,whiff_rate,0.0
684712,whiff_rate,0.0
684852,whiff_rate,
684922,whiff_rate,
684976,whiff_rate,
685091,whiff_rate,
685133,whiff_rate,0.12500000000000003
685274,whiff_rate,0.0
685298,whiff_rate,0.0
685300,whiff_rate,
685301,whiff_rate,0.09075049165904739
685332,whiff_rate,0.037037037037037035
685382,whiff_rate,0.0
685474,whiff_rate,
685744,whiff_rate,0.0
686196,whiff_rate,0.0
686217,whiff_rate,0.0031160456843252996
686404,whiff_rate,
686438,whiff_rate,0.0
686445,whiff_rate,0.3333333333333333
686452,whiff_rate,0.06382100002023514
686469,whiff_rate,0.004144020834879072
686475,whiff_rate,0.09217271587797171
686523,whiff_rate,0.0
686527,whiff_rate,0.014734644565134743
686531,whiff_rate,0.018518518518518517
686541,whiff_rate,
686551,whiff_rate,0.0
686554,whiff_rate,0.049631580329218015
686555,whiff_rate,0.04069651089105808
686611,whiff_rate,0.020156135292703523
686638,whiff_rate,0.0
686639,whiff_rate,0.0
686668,whiff_rate,0.02112466907834511
686676,whiff_rate,0.046280991735537194
686681,whiff_rate,0.07315699847910417
686744,whiff_rate,0.0
686758,whiff_rate,
686765,whiff_rate,0.05846915972368084
686766,whiff_rate,
686780,whiff_rate,0.009374526209334558
686793,whiff_rate,
686797,whiff_rate,0.01572637791445356
686798,whiff_rate,0.0
686810,whiff_rate,0.0
686823,whiff_rate,0.11155555555555556
686894,whiff_rate,0.11710117549982416
686948,whiff_rate,0.006168198498782129
686958,whiff_rate,0.5
686960,whiff_rate,0.0
686981,whiff_rate,0.04166666666666667
686982,whiff_rate,0.3333333333333333
686984,whiff_rate,0.0
687012,whiff_rate,
687036,whiff_rate,0.0
687069,whiff_rate,0.175
687071,whiff_rate,0.25
687093,whiff_rate,0.16666666666666669
687144,whiff_rate,0.125
687152,whiff_rate,
687192,whiff_rate,0.14285714285714288
687201,whiff_rate,0.16666666666666669
687206,whiff_rate,0.0
687208,whiff_rate,0.14285714285714288
687210,whiff_rate,
687221,whiff_rate,0.04392620374167535
687231,whiff_rate,0.010712221342080145
687248,whiff_rate,0.0
687263,whiff_rate,0.012792255464479074
687272,whiff_rate,0.0
687282,whiff_rate,
687285,whiff_rate,
687310,whiff_rate,0.0
687363,whiff_rate,0.006838000230962476
687394,whiff_rate,0.03571428571428572
687401,whiff_rate,0.001774649703959622
687431,whiff_rate,0.0
687462,whiff_rate,0.0057808174530124155
687478,whiff_rate,0.10099491170302283
687515,whiff_rate,0.022790860765386244
687521,whiff_rate,0.08333333333333334
687529,whiff_rate,0.027625231910946197
687551,whiff_rate,0.02416238303600307
687567,whiff_rate,
687588,whiff_rate,
687597,whiff_rate,0.026309642081267657
687605,whiff_rate,0.05000000000000001
687625,whiff_rate,0.14285714285714288
687627,whiff_rate,
687628,whiff_rate,
687637,whiff_rate,0.011072064640704106
687714,whiff_rate,0.018518518518518517
687724,whiff_rate,0.20000000000000004
687730,whiff_rate,
687749,whiff_rate,0.3
687751,whiff_rate,
687783,whiff_rate,0.0
687859,whiff_rate,0.009271841832395464
687862,whiff_rate,0.0
687867,whiff_rate,0.0
687918,whiff_rate,0.0
687942,whiff_rate,
687952,whiff_rate,0.08328019364640243
687957,whiff_rate,0.023625336202259282
687982,whiff_rate,0.3333333333333333
688005,whiff_rate,0.1267361111111111
688311,whiff_rate,0.33333333333333337
688363,whiff_rate,0.0174730660293923
688394,whiff_rate,0.0
688449,whiff_rate,0.0
688457,whiff_rate,0.027777777777777776
688500,whiff_rate,
688551,whiff_rate,
688617,whiff_rate,0.0
688682,whiff_rate,
688760,whiff_rate,0.04161992841213621
688875,whiff_rate,0.16666666666666669
689041,whiff_rate,0.0
689070,whiff_rate,0.04166666666666667
689172,whiff_rate,0.003978642311545205
689200,whiff_rate,0.05493161939751083
689288,whiff_rate,0.0
689302,whiff_rate,
689355,whiff_rate,0.0
689414,whiff_rate,0.003601491747060167
689531,whiff_rate,0.0
689651,whiff_rate,
689688,whiff_rate,0.0
689750,whiff_rate,0.0
689959,whiff_rate,0.16666666666666669
690022,whiff_rate,0.07921978105131228
690107,whiff_rate,0.0
690291,whiff_rate,0.03170036858483828
690443,whiff_rate,0.0
690448,whiff_rate,0.0
690469,whiff_rate,
690474,whiff_rate,0.0
690804,whiff_rate,
690841,whiff_rate,0.16666666666666669
690914,whiff_rate,0.0
690924,whiff_rate,0.060106492376857876
690961,whiff_rate,0.0
690970,whiff_rate,
690976,whiff_rate,0.13961218656701369
690984,whiff_rate,0.03666666666666666
690985,whiff_rate,0.0
690987,whiff_rate,0.008730025168472799
690988,whiff_rate,0.0
690993,whiff_rate,0.07364838521935563
691001,whiff_rate,0.09494949494949496
691002,whiff_rate,
691011,whiff_rate,0.0
691016,whiff_rate,0.0673163675998409
691019,whiff_rate,0.01842707192318192
691021,whiff_rate,0.08333333333333334
691023,whiff_rate,0.017232345149614574
691024,whiff_rate,
691026,whiff_rate,0.003699274274721214
691116,whiff_rate,0.0
691176,whiff_rate,0.02017222209563181
691182,whiff_rate,0.018771629371117343
691185,whiff_rate,0.09945132690400466
691186,whiff_rate,0.0
691269,whiff_rate,
691284,whiff_rate,0.33333333333333337
691285,whiff_rate,0.05000000000000001
691292,whiff_rate,0.02222222222222222
691370,whiff_rate,
691373,whiff_rate,0.23809523809523814
691392,whiff_rate,0.0
691398,whiff_rate,0.0
691406,whiff_rate,0.007449294095108272
691408,whiff_rate,0.0
691410,whiff_rate,0.25
691437,whiff_rate,0.0
691442,whiff_rate,0.0
691588,whiff_rate,
691594,whiff_rate,0.0009729161527764341
691601,whiff_rate,0.0
691605,whiff_rate,0.5
691616,whiff_rate,
691621,whiff_rate,0.06250000000000001
691645,whiff_rate,0.16666666666666669
691718,whiff_rate,0.06412861572871337
691720,whiff_rate,0.024599745398540894
691723,whiff_rate,0.012876330891500523
691726,whiff_rate,
691728,whiff_rate,0.048237451359144486
691740,whiff_rate,0.0
691775,whiff_rate,0.33333333333333337
691777,whiff_rate,0.02779113241028412
691781,whiff_rate,0.011811327724477894
691783,whiff_rate,0.08302232332254644
691785,whiff_rate,0.012511944304219787
691789,whiff_rate,0.33333333333333337
691897,whiff_rate,0.0
691907,whiff_rate,0.14285714285714288
691922,whiff_rate,
691939,whiff_rate,0.0
691944,whiff_rate,
692039,whiff_rate,0.0
692044,whiff_rate,
692046,whiff_rate,0.25
692150,whiff_rate,0.20000000000000004
692216,whiff_rate,0.014800431350549186
692225,whiff_rate,0.014872074044388476
692238,whiff_rate,0.0
692371,whiff_rate,0.5
692390,whiff_rate,0.0
692446,whiff_rate,0.0
692489,whiff_rate,
692564,whiff_rate,0.0
692585,whiff_rate,0.1342896235619198
692657,whiff_rate,
693049,whiff_rate,
693304,whiff_rate,0.008967716040199662
693307,whiff_rate,0.004121194394230249
693409,whiff_rate,0.012345679012345678
693459,whiff_rate,0.05
693832,whiff_rate,0.06250000000000001
694025,whiff_rate,0.0
694065,whiff_rate,0.0
694070,whiff_rate,0.0
694170,whiff_rate,
694181,whiff_rate,
694182,whiff_rate,0.0
694185,whiff_rate,0.0
694186,whiff_rate,0.0
694187,whiff_rate,0.0
694192,whiff_rate,0.01872396977817971
694193,whiff_rate,0.3333333333333333
694196,whiff_rate,
694200,whiff_rate,0.0
694203,whiff_rate,0.02742564955887467
694206,whiff_rate,0.0
694208,whiff_rate,0.016169346526489384
694211,whiff_rate,0.0
694212,whiff_rate,0.01603521598767938
694214,whiff_rate,0.0
694217,whiff_rate,0.0
694222,whiff_rate,0.0
694224,whiff_rate,0.125
694227,whiff_rate,
694249,whiff_rate,0.0
694271,whiff_rate,0.02222222222222222
694304,whiff_rate,0.16666666666666669
694318,whiff_rate,
694320,whiff_rate,0.0
694355,whiff_rate,0.0
694359,whiff_rate,0.013888888888888886
694362,whiff_rate,0.02184768093859003
694369,whiff_rate,0.0
694371,whiff_rate,0.0
694374,whiff_rate,0.01253624784391924
694376,whiff_rate,0.027103244879218905
694377,whiff_rate,0.004222929526748971
694378,whiff_rate,0.0
694384,whiff_rate,0.01712782531939906
694385,whiff_rate,0.0
694388,whiff_rate,0.08428664597079516
694410,whiff_rate,0.04166666666666667
694425,whiff_rate,0.0
694444,whiff_rate,
694497,whiff_rate,0.07084323215801437
694514,whiff_rate,0.0
694580,whiff_rate,0.0
694661,whiff_rate,0.06666666666666667
694671,whiff_rate,0.0713777842650747
694673,whiff_rate,0.0
694689,whiff_rate,0.02222222222222222
694728,whiff_rate,0.04764645617462205
694742,whiff_rate,
694749,whiff_rate,0.0
694754,whiff_rate,0.0
694806,whiff_rate,0.0
694815,whiff_rate,0.04453892668178382
694829,whiff_rate,0.0
694834,whiff_rate,0.0
694838,whiff_rate,0.19999999999999998
694848,whiff_rate,0.05
694876,whiff_rate,0.16041666666666668
694930,whiff_rate,0.0
694953,whiff_rate,0.5
694974,whiff_rate,0.1111111111111111
694977,whiff_rate,0.05000000000000001
695020,whiff_rate,0.1511574074074074
695023,whiff_rate,0.5
695031,whiff_rate,0.0
695238,whiff_rate,0.009777981269315407
695257,whiff_rate,0.178
695299,whiff_rate,0.0
695336,whiff_rate,0.011025701176452943
695342,whiff_rate,0.25000000000000006
695391,whiff_rate,0.10199929587360339
695462,whiff_rate,0.0
695467,whiff_rate,
695481,whiff_rate,0.0
695490,whiff_rate,0.028472222222222218
695491,whiff_rate,0.0
695501,whiff_rate,0.0
695506,whiff_rate,0.017820219052947325
695521,whiff_rate,0.12762188208616781
695524,whiff_rate,0.25000000000000006
695538,whiff_rate,
695578,whiff_rate,0.010758842824660421
695600,whiff_rate,0.010844556677890013
695603,whiff_rate,0.22321428571428573
695604,whiff_rate,
695612,whiff_rate,0.25000000000000006
695657,whiff_rate,0.008456633125919997
695670,whiff_rate,0.02605010258071482
695681,whiff_rate,0.03121480789363623
695692,whiff_rate,0.0
695720,whiff_rate,
695734,whiff_rate,0.0028204375831037934
695735,whiff_rate,0.027777777777777776
695930,whiff_rate,0.0
696030,whiff_rate,0.0032956916235304507
696100,whiff_rate,0.0176908590585053
696135,whiff_rate,0.0
696140,whiff_rate,
696141,whiff_rate,0.0
696142,whiff_rate,
696160,whiff_rate,
696264,whiff_rate,
696285,whiff_rate,0.008592535220423064
696286,whiff_rate,
696501,whiff_rate,0.5
696513,whiff_rate,
696521,whiff_rate,
698929,whiff_rate,0.0
698933,whiff_rate,0.04166666666666667
699013,whiff_rate,0.2
699014,whiff_rate,
699024,whiff_rate,0.0
699027,whiff_rate,
699073,whiff_rate,0.0
699114,whiff_rate,0.0
699127,whiff_rate,0.14285714285714288
699130,whiff_rate,0.0
699144,whiff_rate,
699157,whiff_rate,
699166,whiff_rate,0.0
699228,whiff_rate,0.0
699229,whiff_rate,0.0
699232,whiff_rate,0.0
699302,whiff_rate,0.0
699305,whiff_rate,
699475,whiff_rate,0.5
699615,whiff_rate,0.0
699625,whiff_rate,0.049000255102040806
699912,whiff_rate,0.0
700032,whiff_rate,
700081,whiff_rate,0.0
700164,whiff_rate,
700242,whiff_rate,0.02150575939224991
700243,whiff_rate,
700246,whiff_rate,0.046463716680151035
700250,whiff_rate,0.006308739970336846
700283,whiff_rate,0.0
700321,whiff_rate,
700337,whiff_rate,0.008406875595076118
700652,whiff_rate,0.0
700658,whiff_rate,0.0
700681,whiff_rate,0.018518518518518517
700720,whiff_rate,0.0
700731,whiff_rate,0.0
700845,whiff_rate,
700932,whiff_rate,0.01188381023106416
700936,whiff_rate,0.0
701158,whiff_rate,0.0
701162,whiff_rate,0.05000000000000001
701177,whiff_rate,0.0
701305,whiff_rate,0.018693356194574136
701327,whiff_rate,
701350,whiff_rate,0.02781942577561312
701358,whiff_rate,0.008634117311814115
701392,whiff_rate,0.0
701398,whiff_rate,0.017806455953529563
701481,whiff_rate,0.0
701496,whiff_rate,
701538,whiff_rate,0.07422061152441488
701548,whiff_rate,0.20000000000000004
701587,whiff_rate,0.25000000000000006
701649,whiff_rate,
701675,whiff_rate,0.02503429355281207
701678,whiff_rate,0.026666666666666665
701682,whiff_rate,0.5
701689,whiff_rate,0.33333333333333337
701696,whiff_rate,0.0
701701,whiff_rate,
701762,whiff_rate,0.07655033929795689
701784,whiff_rate,
701805,whiff_rate,0.125
701831,whiff_rate,0.25000000000000006
701860,whiff_rate,0.0
702068,whiff_rate,0.0
702112,whiff_rate,0.25555555555555554
702140,whiff_rate,0.20000000000000004
702176,whiff_rate,0.017348591489280803
702222,whiff_rate,
702258,whiff_rate,0.2678571428571429
702284,whiff_rate,0.005614527869404615
702302,whiff_rate,0.04166666666666667
702315,whiff_rate,0.14285714285714288
702328,whiff_rate,0.075
702331,whiff_rate,0.33333333333333337
702332,whiff_rate,0.028310171929309087
702333,whiff_rate,
702358,whiff_rate,0.16666666666666669
702391,whiff_rate,0.0
702461,whiff_rate,
702463,whiff_rate,0.5
702467,whiff_rate,
702472,whiff_rate,0.037037037037037035
702488,whiff_rate,0.0
702550,whiff_rate,0.0
702556,whiff_rate,
702574,whiff_rate,0.07692307692307693
702616,whiff_rate,0.007466871144721291
702679,whiff_rate,0.16666666666666669
702685,whiff_rate,0.08333333333333334
702690,whiff_rate,0.25
702693,whiff_rate,0.04861111111111112
702708,whiff_rate,
702726,whiff_rate,
702906,whiff_rate,0.0
702920,whiff_rate,0.0
702977,whiff_rate,
703151,whiff_rate,0.0
703154,whiff_rate,0.0
703155,whiff_rate,0.0
703159,whiff_rate,
703177,whiff_rate,0.0
703194,whiff_rate,
703198,whiff_rate,
703202,whiff_rate,
703205,whiff_rate,
703430,whiff_rate,
703601,whiff_rate,0.0
703606,whiff_rate,
703607,whiff_rate,0.0
703639,whiff_rate,0.33333333333333337
703715,whiff_rate,0.0
703804,whiff_rate,0.0
800050,whiff_rate,0.12500000000000003
800051,whiff_rate,0.06250000000000001
800056,whiff_rate,0.04166666666666667
800106,whiff_rate,0.0
800176,whiff_rate,0.0
800194,whiff_rate,0.3
800195,whiff_rate,0.0
800198,whiff_rate,0.0
800203,whiff_rate,0.0
800253,whiff_rate,
800266,whiff_rate,0.5
800306,whiff_rate,0.0
800325,whiff_rate,0.013888888888888886
800345,whiff_rate,0.0
800356,whiff_rate,
800377,whiff_rate,
800406,whiff_rate,
800440,whiff_rate,0.0
800448,whiff_rate,0.22916666666666666
800478,whiff_rate,0.06250000000000001
800506,whiff_rate,
800508,whiff_rate,
800522,whiff_rate,0.0
800540,whiff_rate,
800617,whiff_rate,
800683,whiff_rate,
800724,whiff_rate,0.0
800765,whiff_rate,0.33333333333333337
800957,whiff_rate,0.0
800959,whiff_rate,0.0
801075,whiff_rate,0.0
801194,whiff_rate,0.2
801256,whiff_rate,
801276,whiff_rate,0.09090909090909091
801406,whiff_rate,0.0
801430,whiff_rate,0.25000000000000006
801442,whiff_rate,0.03125000000000001
801629,whiff_rate,0.0
801822,whiff_rate,0.22222222222222224
801881,whiff_rate,0.0
801938,whiff_rate,0.0
801978,whiff_rate,
802005,whiff_rate,0.0
802117,whiff_rate,0.16666666666666669
802353,whiff_rate,0.0
802355,whiff_rate,0.0
802415,whiff_rate,0.0721583432147855
802459,whiff_rate,
802504,whiff_rate,0.25000000000000006
802506,whiff_rate,0.0
802531,whiff_rate,0.0
802541,whiff_rate,
802544,whiff_rate,0.0
802959,whiff_rate,0.0
803011,whiff_rate,0.0
803015,whiff_rate,
803172,whiff_rate,0.0
803174,whiff_rate,
803175,whiff_rate,
803475,whiff_rate,0.0
803745,whiff_rate,0.0
804240,whiff_rate,
804241,whiff_rate,0.26666666666666666
804446,whiff_rate,0.16666666666666669
804606,whiff_rate,0.0
804645,whiff_rate,0.0
804668,whiff_rate,0.13839285714285715
804858,whiff_rate,0.0
805058,whiff_rate,
805075,whiff_rate,0.20000000000000004
805126,whiff_rate,0.0
805234,whiff_rate,0.0
805249,whiff_rate,0.04264465562660239
805268,whiff_rate,0.0
805300,whiff_rate,0.003372523689941435
805319,whiff_rate,0.24166666666666664
805347,whiff_rate,0.0
805366,whiff_rate,
805367,whiff_rate,0.0047001384853839956
805373,whiff_rate,0.01692240192057195
805672,whiff_rate,0.33333333333333337
805704,whiff_rate,0.04166666666666667
805779,whiff_rate,0.0017997314701385177
805795,whiff_rate,0.0
805796,whiff_rate,0.25000000000000006
805804,whiff_rate,0.0
805808,whiff_rate,0.0
805811,whiff_rate,0.10773282942806753
805865,whiff_rate,0.14285714285714288
805904,whiff_rate,0.040021947027078
805951,whiff_rate,0.0
806005,whiff_rate,0.027777777777777776
806077,whiff_rate,0.25000000000000006
806146,whiff_rate,0.0
806152,whiff_rate,
806191,whiff_rate,0.0
806198,whiff_rate,0.0
806210,whiff_rate,0.0
806212,whiff_rate,0.0
806230,whiff_rate,0.0
806252,whiff_rate,0.0
806263,whiff_rate,0.06250000000000001
806367,whiff_rate,0.0
806368,whiff_rate,0.06250000000000001
806394,whiff_rate,0.0
806534,whiff_rate,0.0
806611,whiff_rate,
806921,whiff_rate,
806953,whiff_rate,
806956,whiff_rate,0.0
806957,whiff_rate,0.19999999999999998
806963,whiff_rate,
806965,whiff_rate,0.0
806983,whiff_rate,0.03571428571428572
806988,whiff_rate,0.0
806993,whiff_rate,
806995,whiff_rate,
807257,whiff_rate,
807267,whiff_rate,0.0
807276,whiff_rate,0.0
807643,whiff_rate,0.0
807712,whiff_rate,0.007655453249127147
807713,whiff_rate,0.0068740838951973
807714,whiff_rate,
807727,whiff_rate,0.33333333333333337
807728,whiff_rate,0.0
807742,whiff_rate,0.0
807746,whiff_rate,
807747,whiff_rate,0.0
807759,whiff_rate,0.2
807799,whiff_rate,0.009804617417238357
807957,whiff_rate,0.0
808083,whiff_rate,0.20000000000000004
808129,whiff_rate,
808236,whiff_rate,0.14285714285714288
808265,whiff_rate,
808267,whiff_rate,0.0
808279,whiff_rate,
808288,whiff_rate,
808291,whiff_rate,0.0
808326,whiff_rate,0.33333333333333337
808516,whiff_rate,0.092
808767,whiff_rate,0.05000000000000001
808768,whiff_rate,0.0
808864,whiff_rate,0.0
808975,whiff_rate,0.032909521570473804
808982,whiff_rate,0.003565195237606418
809244,whiff_rate,0.0
809331,whiff_rate,
810053,whiff_rate,
810891,whiff_rate,0.0
810938,whiff_rate,0.0033770936873924033
811287,whiff_rate,0.0
811289,whiff_rate,0.0
811965,whiff_rate,
812470,whiff_rate,0.0
813844,whiff_rate,
813852,whiff_rate,0.0
813860,whiff_rate,
813894,whiff_rate,0.0
813896,whiff_rate,0.0
813922,whiff_rate,
814091,whiff_rate,0.0
814154,whiff_rate,
814172,whiff_rate,0.0
814188,whiff_rate,
814194,whiff_rate,0.0
814299,whiff_rate,0.0
814307,whiff_rate,0.06250000000000001
814409,whiff_rate,0.018518518518518517
814413,whiff_rate,0.0
814431,whiff_rate,0.0
814439,whiff_rate,0.03125
814440,whiff_rate,0.0
814442,whiff_rate,
814445,whiff_rate,
814451,whiff_rate,0.0
814458,whiff_rate,0.0
814528,whiff_rate,0.0
814791,whiff_rate,0.1706349206349206
814806,whiff_rate,0.0
815039,whiff_rate,0.00892857142857143
815067,whiff_rate,0.0
815089,whiff_rate,0.20000000000000004
815150,whiff_rate,
815154,whiff_rate,0.03571428571428572
815299,whiff_rate,
815304,whiff_rate,
815306,whiff_rate,
815464,whiff_rate,0.0
815589,whiff_rate,0.0
815653,whiff_rate,0.0
815694,whiff_rate,
815697,whiff_rate,0.0
815734,whiff_rate,0.33333333333333337
815793,whiff_rate,0.16296296296296298
815874,whiff_rate,0.2
815888,whiff_rate,0.0
815904,whiff_rate,
815908,whiff_rate,
815915,whiff_rate,
821171,whiff_rate,
821262,whiff_rate,0.0
821270,whiff_rate,0.0
821657,whiff_rate,0.0
822578,whiff_rate,
823703,whiff_rate,0.0
824028,whiff_rate,0.0
824615,whiff_rate,0.0
825334,whiff_rate,
825761,whiff_rate,
825924,whiff_rate,
827628,whiff_rate,0.25000000000000006
827665,whiff_rate,0.125
828319,whiff_rate,
828335,whiff_rate,
828599,whiff_rate,
829272,whiff_rate,0.0
