year,role,mlbam,player_name,perf,pct,war_est,AAV_mid,AAV_low,AAV_high,years_guess,player_id,name,years,aav
2015,bat,648717,"De La Rosa, Rubby",1.7042676245695105,0.9035156819839533,5.0,11.351561495662548,9.081249196530038,14.189451869578185,5,648717,"De La Rosa, Rubby",5,11.351561495662548
2015,bat,648717,"Fiers, Mike",2.9459688091833924,0.9683442742523706,5.0,11.351561495662548,9.081249196530038,14.189451869578185,5,648717,"Fiers, Mike",5,11.351561495662548
2015,bat,425567,"Simon, Alfredo",2.030939286534131,0.9282275711159738,5.0,11.351561495662548,9.081249196530038,14.189451869578185,5,425567,"Simon, Alfredo",5,11.351561495662548
2015,bat,425567,"Ramírez, JC",1.7209228177861702,0.9051008995866764,5.0,11.351561495662548,9.081249196530038,14.189451869578185,5,425567,"Ramírez, JC",5,11.351561495662548
2015,bat,425567,"Ramirez, José",4.101319496145539,0.982533430585947,5.0,11.351561495662548,9.081249196530038,14.189451869578185,5,425567,"Ramirez, José",5,11.351561495662548
2015,bat,630111,"Giles, Ken",7.232733058745345,0.9950984682713347,5.0,11.351561495662548,9.081249196530038,14.189451869578185,5,630111,"Giles, Ken",5,11.351561495662548
2015,bat,592743,"Cishek, Steve",2.2751667192561866,0.9428835399951374,5.0,11.351561495662548,9.081249196530038,14.189451869578185,5,592743,"Cishek, Steve",5,11.351561495662548
2015,bat,120074,"Karns, Nate",4.352033419409518,0.9841575492341357,5.0,11.351561495662548,9.081249196530038,14.189451869578185,5,120074,"Karns, Nate",5,11.351561495662548
2015,bat,630111,"García, Jaime",1.859430040267742,0.9162849501580355,5.0,11.351561495662548,9.081249196530038,14.189451869578185,5,630111,"García, Jaime",5,11.351561495662548
2015,bat,630111,"Nicasio, Juan",5.022316552290958,0.9884220763433017,5.0,11.351561495662548,9.081249196530038,14.189451869578185,5,630111,"Nicasio, Juan",5,11.351561495662548
2015,bat,425567,"Pelfrey, Mike",2.3505963626515145,0.9460491125699003,5.0,11.351561495662548,9.081249196530038,14.189451869578185,5,425567,"Pelfrey, Mike",5,11.351561495662548
2015,bat,425567,"Johnson, Steve",2.6949490824997495,0.9593678580111841,5.0,11.351561495662548,9.081249196530038,14.189451869578185,5,425567,"Johnson, Steve",5,11.351561495662548
2015,bat,630111,"Bergman, Christian",2.3669941112157162,0.9467833698030634,5.0,11.351561495662548,9.081249196530038,14.189451869578185,5,630111,"Bergman, Christian",5,11.351561495662548
2015,bat,648717,"Hand, Brad",2.1243074324655313,0.9346511062484805,5.0,11.351561495662548,9.081249196530038,14.189451869578185,5,648717,"Hand, Brad",5,11.351561495662548
2015,bat,648717,"Grilli, Jason",7.947674896144538,0.9969219547775346,5.0,11.351561495662548,9.081249196530038,14.189451869578185,5,648717,"Grilli, Jason",5,11.351561495662548
2015,bat,630111,"Barrett, Aaron",1.802663431553256,0.9115001215657671,5.0,11.351561495662548,9.081249196530038,14.189451869578185,5,630111,"Barrett, Aaron",5,11.351561495662548
2015,bat,628356,"Williams, Jerome",1.8529670228821606,0.9159737417943107,5.0,11.351561495662548,9.081249196530038,14.189451869578185,5,628356,"Williams, Jerome",5,11.351561495662548
2015,bat,425560,"Young, Chris",2.2948440175332285,0.9437296377340141,5.0,11.351561495662548,9.081249196530038,14.189451869578185,5,425560,"Young, Chris",5,11.351561495662548
2015,bat,116338,"Leake, Mike",2.1390654061733128,0.9353415998054948,5.0,11.351561495662548,9.081249196530038,14.189451869578185,5,116338,"Leake, Mike",5,11.351561495662548
2015,bat,116338,"Knebel, Corey",3.277042172586314,0.9740627279358133,5.0,11.351561495662548,9.081249196530038,14.189451869578185,5,116338,"Knebel, Corey",5,11.351561495662548
2015,bat,116338,"Hoover, J.J.",1.8149194138222395,0.9124094335035254,5.0,11.351561495662548,9.081249196530038,14.189451869578185,5,116338,"Hoover, J.J.",5,11.351561495662548
2015,bat,592885,"Casilla, Santiago",2.1702211284452964,0.9371650863116946,5.0,11.351561495662548,9.081249196530038,14.189451869578185,5,592885,"Casilla, Santiago",5,11.351561495662548
2015,bat,592885,"Cain, Matt",2.165505135958232,0.936883053732069,5.0,11.351561495662548,9.081249196530038,14.189451869578185,5,592885,"Cain, Matt",5,11.351561495662548
2015,bat,120074,"González, Miguel",1.7350611567199319,0.9062387551665451,5.0,11.351561495662548,9.081249196530038,14.189451869578185,5,120074,"González, Miguel",5,11.351561495662548
2015,bat,120074,"Tillman, Chris",2.1828209551139617,0.9377291514709458,5.0,11.351561495662548,9.081249196530038,14.189451869578185,5,120074,"Tillman, Chris",5,11.351561495662548
2015,bat,120074,"Rogers, Esmil",2.984662276278557,0.9691417456844152,5.0,11.351561495662548,9.081249196530038,14.189451869578185,5,120074,"Rogers, Esmil",5,11.351561495662548
2015,bat,120074,"Roark, Tanner",3.124850154703466,0.9719717967420375,5.0,11.351561495662548,9.081249196530038,14.189451869578185,5,120074,"Roark, Tanner",5,11.351561495662548
2015,bat,592836,"Shields, James",2.242371222127783,0.9414490639435935,5.0,11.351561495662548,9.081249196530038,14.189451869578185,5,592836,"Shields, James",5,11.351561495662548
2015,bat,116338,"Chapman, Aroldis",1.8340415392811311,0.9143155847313397,5.0,11.351561495662548,9.081249196530038,14.189451869578185,5,116338,"Chapman, Aroldis",5,11.351561495662548
2015,bat,116338,"Carroll, Scott",1.8422661571612622,0.9150109409190372,5.0,11.351561495662548,9.081249196530038,14.189451869578185,5,116338,"Carroll, Scott",5,11.351561495662548
2015,bat,116338,"Rodríguez, Francisco",2.3388604940041158,0.9454412837345003,5.0,11.351561495662548,9.081249196530038,14.189451869578185,5,116338,"Rodríguez, Francisco",5,11.351561495662548
2015,bat,425560,"Fien, Casey",3.0356758026522908,0.9700413323608073,5.0,11.351561495662548,9.081249196530038,14.189451869578185,5,425560,"Fien, Casey",5,11.351561495662548
2015,bat,425766,"Lobstein, Kyle",1.8666053353551066,0.9167469000729395,5.0,11.351561495662548,9.081249196530038,14.189451869578185,5,425766,"Lobstein, Kyle",5,11.351561495662548
2015,bat,628356,"Schlitter, Brian",2.7179059304896325,0.9604181862387552,5.0,11.351561495662548,9.081249196530038,14.189451869578185,5,628356,"Schlitter, Brian",5,11.351561495662548
2015,bat,628356,"Rosenthal, Trevor",7.436065140941445,0.9956528081692195,5.0,11.351561495662548,9.081249196530038,14.189451869578185,5,628356,"Rosenthal, Trevor",5,11.351561495662548
2015,bat,628356,"Pressly, Ryan",1.91441625084375,0.9208801361536592,5.0,11.351561495662548,9.081249196530038,14.189451869578185,5,628356,"Pressly, Ryan",5,11.351561495662548
2015,bat,592696,"Smith, Joe",2.0390391399316825,0.9286749331388281,5.0,11.351561495662548,9.081249196530038,14.189451869578185,5,592696,"Smith, Joe",5,11.351561495662548
2015,bat,656941,"Wacha, Michael",4.00810293179607,0.9818234865061999,5.0,11.351561495662548,9.081249196530038,14.189451869578185,5,656941,"Wacha, Michael",5,11.351561495662548
2015,bat,656941,"Siegrist, Kevin",6.251890249953626,0.9925796255774374,5.0,11.351561495662548,9.081249196530038,14.189451869578185,5,656941,"Siegrist, Kevin",5,11.351561495662548
2015,bat,656941,"Rosenthal, Trevor",2.547369345421935,0.9538536348164357,5.0,11.351561495662548,9.081249196530038,14.189451869578185,5,656941,"Rosenthal, Trevor",5,11.351561495662548
2015,bat,656941,"Harvey, Matt",2.179569460419514,0.937515195720885,5.0,11.351561495662548,9.081249196530038,14.189451869578185,5,656941,"Harvey, Matt",5,11.351561495662548
2015,bat,121347,"Frieri, Ernesto",3.206762706649284,0.9730221249696086,5.0,11.351561495662548,9.081249196530038,14.189451869578185,5,121347,"Frieri, Ernesto",5,11.351561495662548
2015,bat,592885,"Kennedy, Ian",1.761390234844426,0.9079212253829322,5.0,11.351561495662548,9.081249196530038,14.189451869578185,5,592885,"Kennedy, Ian",5,11.351561495662548
2015,bat,592696,"Morton, Charlie",1.9598029910159516,0.9239679066374908,5.0,11.351561495662548,9.081249196530038,14.189451869578185,5,592696,"Morton, Charlie",5,11.351561495662548
2015,bat,628356,"Belisle, Matt",2.337478163800153,0.9453197179674204,5.0,11.351561495662548,9.081249196530038,14.189451869578185,5,628356,"Belisle, Matt",5,11.351561495662548
2015,bat,628356,"Niese, Jonathon",1.7404284862949064,0.9064818867007051,5.0,11.351561495662548,9.081249196530038,14.189451869578185,5,628356,"Niese, Jonathon",5,11.351561495662548
2015,bat,628356,"Lyons, Tyler",2.2915473054217017,0.9434962314612205,5.0,11.351561495662548,9.081249196530038,14.189451869578185,5,628356,"Lyons, Tyler",5,11.351561495662548
2015,bat,628356,"Kennedy, Ian",3.2445794628201687,0.9735375638220277,5.0,11.351561495662548,9.081249196530038,14.189451869578185,5,628356,"Kennedy, Ian",5,11.351561495662548
2015,bat,120074,"Archer, Chris",1.7696241032968731,0.9086311694626793,5.0,11.351561495662548,9.081249196530038,14.189451869578185,5,120074,"Archer, Chris",5,11.351561495662548
2015,bat,120074,"Andriese, Matt",3.204451849024348,0.9729637734014102,5.0,11.351561495662548,9.081249196530038,14.189451869578185,5,120074,"Andriese, Matt",5,11.351561495662548
2015,bat,120074,"Geltz, Steve",2.5900034916888592,0.9553805008509604,5.0,11.351561495662548,9.081249196530038,14.189451869578185,5,120074,"Geltz, Steve",5,11.351561495662548
2015,bat,592885,"Hammel, Jason",2.816820610750397,0.9647653780695357,5.0,11.351561495662548,9.081249196530038,14.189451869578185,5,592885,"Hammel, Jason",5,11.351561495662548
2015,bat,121347,"Castro, Miguel",2.639196737381464,0.9571553610503283,5.0,11.351561495662548,9.081249196530038,14.189451869578185,5,121347,"Castro, Miguel",5,11.351561495662548
2015,bat,121347,"Andriese, Matt",2.051874150532556,0.9295891077072697,5.0,11.351561495662548,9.081249196530038,14.189451869578185,5,121347,"Andriese, Matt",5,11.351561495662548
2015,bat,121347,"Norris, Daniel",4.373852937820505,0.9845854607342572,5.0,11.351561495662548,9.081249196530038,14.189451869578185,5,121347,"Norris, Daniel",5,11.351561495662548
2015,bat,121347,"Norris, Bud",5.136879647129042,0.9890299051787017,5.0,11.351561495662548,9.081249196530038,14.189451869578185,5,121347,"Norris, Bud",5,11.351561495662548
2015,bat,120074,"Estrada, Marco",3.9935482841507364,0.9817165086311694,5.0,11.351561495662548,9.081249196530038,14.189451869578185,5,120074,"Estrada, Marco",5,11.351561495662548
2015,bat,120074,"Colomé, Alex",2.2378268594090245,0.941191344517384,5.0,11.351561495662548,9.081249196530038,14.189451869578185,5,120074,"Colomé, Alex",5,11.351561495662548
2015,bat,425509,"Wood, Travis",2.806453772736321,0.9643666423535132,5.0,11.351561495662548,9.081249196530038,14.189451869578185,5,425509,"Wood, Travis",5,11.351561495662548
2015,bat,425772,"Scherzer, Max",1.6755839328613236,0.9010892292730367,5.0,11.351561495662548,9.081249196530038,14.189451869578185,5,425772,"Scherzer, Max",5,11.351561495662548
2015,bat,425509,"Sampson, Keyvius",4.546175849426944,0.9854801847799659,5.0,11.351561495662548,9.081249196530038,14.189451869578185,5,425509,"Sampson, Keyvius",5,11.351561495662548
2015,bat,120074,"Pelfrey, Mike",2.359545697498864,0.9463992219790907,5.0,11.351561495662548,9.081249196530038,14.189451869578185,5,120074,"Pelfrey, Mike",5,11.351561495662548
2015,bat,425783,"Farmer, Buck",7.337678649556235,0.9954826160953075,5.0,11.351561495662548,9.081249196530038,14.189451869578185,5,425783,"Farmer, Buck",5,11.351561495662548
2015,bat,425783,"Doubront, Felix",1.8119155268914326,0.912083637247751,5.0,11.351561495662548,9.081249196530038,14.189451869578185,5,425783,"Doubront, Felix",5,11.351561495662548
2015,bat,425783,"Cashner, Andrew",3.096693922322691,0.9715195720884999,5.0,11.351561495662548,9.081249196530038,14.189451869578185,5,425783,"Cashner, Andrew",5,11.351561495662548
2015,bat,425509,"Worley, Vance",1.669312238963102,0.9006953561876976,5.0,11.351561495662548,9.081249196530038,14.189451869578185,5,425509,"Worley, Vance",5,11.351561495662548
2015,bat,624585,"Pérez, Oliver",2.8687652172802878,0.9660491125699003,5.0,11.351561495662548,9.081249196530038,14.189451869578185,5,624585,"Pérez, Oliver",5,11.351561495662548
2015,bat,624585,"Morris, Bryan",1.7602774143402542,0.907819110138585,5.0,11.351561495662548,9.081249196530038,14.189451869578185,5,624585,"Morris, Bryan",5,11.351561495662548
2015,bat,624585,"Watson, Tony",2.2358121227021024,0.9410746413809871,5.0,11.351561495662548,9.081249196530038,14.189451869578185,5,624585,"Watson, Tony",5,11.351561495662548
2015,bat,425783,"Gott, Trevor",2.5867239419760186,0.9551325066861172,5.0,11.351561495662548,9.081249196530038,14.189451869578185,5,425783,"Gott, Trevor",5,11.351561495662548
2015,bat,425783,"Feliz, Michael",2.394612839122401,0.9478628738147338,5.0,11.351561495662548,9.081249196530038,14.189451869578185,5,425783,"Feliz, Michael",5,11.351561495662548
2015,bat,133380,"Bailey, Homer",7.2852058541507905,0.9952783856066132,5.0,11.351561495662548,9.081249196530038,14.189451869578185,5,133380,"Bailey, Homer",5,11.351561495662548
2015,bat,133380,"Badenhop, Burke",1.9111367011309093,0.9205883783126672,5.0,11.351561495662548,9.081249196530038,14.189451869578185,5,133380,"Badenhop, Burke",5,11.351561495662548
2015,bat,121347,"deGrom, Jacob",2.535172700039882,0.9532798443958181,5.0,11.351561495662548,9.081249196530038,14.189451869578185,5,121347,"deGrom, Jacob",5,11.351561495662548
2015,bat,121347,"Varvaro, Anthony",2.140705181029733,0.9354583029418916,5.0,11.351561495662548,9.081249196530038,14.189451869578185,5,121347,"Varvaro, Anthony",5,11.351561495662548
2015,bat,121347,"Tazawa, Junichi",4.36638086612486,0.9844882081205932,5.0,11.351561495662548,9.081249196530038,14.189451869578185,5,121347,"Tazawa, Junichi",5,11.351561495662548
2015,bat,656941,"Cole, Gerrit",2.150874939435357,0.9361050328227571,5.0,11.351561495662548,9.081249196530038,14.189451869578185,5,656941,"Cole, Gerrit",5,11.351561495662548
2015,bat,592663,"Maurer, Brandon",2.2358121227021024,0.9410746413809871,5.0,11.351561495662548,9.081249196530038,14.189451869578185,5,592663,"Maurer, Brandon",5,11.351561495662548
2015,bat,592885,"Parra, Manny",1.888179853141027,0.9184147823972769,5.0,11.351561495662548,9.081249196530038,14.189451869578185,5,592885,"Parra, Manny",5,11.351561495662548
2015,bat,592885,"Papelbon, Jonathan",2.9015607144086912,0.9668125455871627,5.0,11.351561495662548,9.081249196530038,14.189451869578185,5,592885,"Papelbon, Jonathan",5,11.351561495662548
2015,bat,120074,"Hutchison, Drew",1.91330590520745,0.9208315098468272,5.0,11.351561495662548,9.081249196530038,14.189451869578185,5,120074,"Hutchison, Drew",5,11.351561495662548
2015,bat,120074,"Hughes, Phil",2.715599169914833,0.9602625820568927,5.0,11.351561495662548,9.081249196530038,14.189451869578185,5,120074,"Hughes, Phil",5,11.351561495662548
2015,bat,120074,"Hochevar, Luke",2.1964575261480186,0.9390809628008753,5.0,11.351561495662548,9.081249196530038,14.189451869578185,5,120074,"Hochevar, Luke",5,11.351561495662548
2015,bat,121347,"Barrett, Aaron",2.7670991761822368,0.9628543642110382,5.0,11.351561495662548,9.081249196530038,14.189451869578185,5,121347,"Barrett, Aaron",5,11.351561495662548
2015,bat,120074,"Young, Chris",3.4630444805745517,0.9764162411864818,5.0,11.351561495662548,9.081249196530038,14.189451869578185,5,120074,"Young, Chris",5,11.351561495662548
2015,bat,120074,"Roe, Chaz",4.754452334278291,0.9868319961098955,5.0,11.351561495662548,9.081249196530038,14.189451869578185,5,120074,"Roe, Chaz",5,11.351561495662548
2015,bat,425509,"Jungmann, Taylor",3.362785366303311,0.9752394845611476,5.0,11.351561495662548,9.081249196530038,14.189451869578185,5,425509,"Jungmann, Taylor",5,11.351561495662548
2015,bat,592696,"Capuano, Chris",2.7736582756079176,0.9632287867736445,5.0,11.351561495662548,9.081249196530038,14.189451869578185,5,592696,"Capuano, Chris",5,11.351561495662548
2015,bat,592696,"Brach, Brad",1.6651704726678842,0.9002236810114271,5.0,11.351561495662548,9.081249196530038,14.189451869578185,5,592696,"Brach, Brad",5,11.351561495662548
2015,bat,592696,"Beimel, Joe",2.065275537634405,0.930619985412108,5.0,11.351561495662548,9.081249196530038,14.189451869578185,5,592696,"Beimel, Joe",5,11.351561495662548
2015,bat,592885,"Villarreal, Pedro",2.0193618416546406,0.9274884512521274,5.0,11.351561495662548,9.081249196530038,14.189451869578185,5,592885,"Villarreal, Pedro",5,11.351561495662548
2015,bat,425509,"Jeffress, Jeremy",2.4883374505908087,0.9511062484804279,5.0,11.351561495662548,9.081249196530038,14.189451869578185,5,425509,"Jeffress, Jeremy",5,11.351561495662548
2015,bat,121347,"Hardy, Blaine",2.160382479306775,0.9365280816921955,5.0,11.351561495662548,9.081249196530038,14.189451869578185,5,121347,"Hardy, Blaine",5,11.351561495662548
2015,bat,425783,"Leon, Arnold",2.4667629328048886,0.9502844638949671,5.0,11.351561495662548,9.081249196530038,14.189451869578185,5,425783,"Leon, Arnold",5,11.351561495662548
2015,bat,425783,"Kimbrel, Craig",1.8206916393753423,0.9127498176513493,5.0,11.351561495662548,9.081249196530038,14.189451869578185,5,425783,"Kimbrel, Craig",5,11.351561495662548
2015,bat,121347,"Krol, Ian",8.249393469725849,0.9982056892778993,5.0,11.351561495662548,9.081249196530038,14.189451869578185,5,121347,"Krol, Ian",5,11.351561495662548
2015,bat,622110,"Morris, Bryan",1.7668365137659348,0.9083588621444201,5.0,11.351561495662548,9.081249196530038,14.189451869578185,5,622110,"Morris, Bryan",5,11.351561495662548
2015,bat,624585,"Delgado, Randall",2.7179059304896325,0.9604181862387552,5.0,11.351561495662548,9.081249196530038,14.189451869578185,5,624585,"Delgado, Randall",5,11.351561495662548
2015,bat,624585,"Collmenter, Josh",4.029198859818204,0.9819304643812302,5.0,11.351561495662548,9.081249196530038,14.189451869578185,5,624585,"Collmenter, Josh",5,11.351561495662548
2015,bat,592663,"Ray, Robbie",4.391559645731908,0.9846729880865548,5.0,11.351561495662548,9.081249196530038,14.189451869578185,5,592663,"Ray, Robbie",5,11.351561495662548
2015,bat,628329,"McAllister, Zach",1.7438796657760525,0.9069243860928763,5.0,11.351561495662548,9.081249196530038,14.189451869578185,5,628329,"McAllister, Zach",5,11.351561495662548
2015,bat,624585,"deGrom, Jacob",3.5381981830039284,0.9773595915390226,5.0,11.351561495662548,9.081249196530038,14.189451869578185,5,624585,"deGrom, Jacob",5,11.351561495662548
2015,bat,624585,"Wainwright, Adam",4.806979097568926,0.9871966934111355,5.0,11.351561495662548,9.081249196530038,14.189451869578185,5,624585,"Wainwright, Adam",5,11.351561495662548
2015,bat,624585,"Wacha, Michael",1.951762069406773,0.9235108193532702,5.0,11.351561495662548,9.081249196530038,14.189451869578185,5,624585,"Wacha, Michael",5,11.351561495662548
2015,bat,624585,"García, Jaime",5.413784993785029,0.9902358375881352,5.0,11.351561495662548,9.081249196530038,14.189451869578185,5,624585,"García, Jaime",5,11.351561495662548
2015,bat,134181,"Chafin, Andrew",3.6140852186774217,0.9787405786530513,5.0,11.351561495662548,9.081249196530038,14.189451869578185,5,134181,"Chafin, Andrew",5,11.351561495662548
2015,bat,121347,"Oberholtzer, Brett",1.9324683141795755,0.9218380743982495,5.0,11.351561495662548,9.081249196530038,14.189451869578185,5,121347,"Oberholtzer, Brett",5,11.351561495662548
2015,bat,121347,"O'Sullivan, Sean",2.656058778902495,0.957879893022125,5.0,11.351561495662548,9.081249196530038,14.189451869578185,5,121347,"O'Sullivan, Sean",5,11.351561495662548
2015,bat,121347,"Papelbon, Jonathan",1.7733956131916155,0.9090736688548505,5.0,11.351561495662548,9.081249196530038,14.189451869578185,5,121347,"Papelbon, Jonathan",5,11.351561495662548
2015,bat,622110,"Bergman, Christian",1.8603036805818842,0.9163870654023827,5.0,11.351561495662548,9.081249196530038,14.189451869578185,5,622110,"Bergman, Christian",5,11.351561495662548
2015,bat,622110,"Flande, Yohan",3.547632007838237,0.977612448334549,5.0,11.351561495662548,9.081249196530038,14.189451869578185,5,622110,"Flande, Yohan",5,11.351561495662548
2015,bat,425509,"Grimm, Justin",1.9209753502694304,0.921269146608315,5.0,11.351561495662548,9.081249196530038,14.189451869578185,5,425509,"Grimm, Justin",5,11.351561495662548
2015,bat,424325,"Wacha, Michael",2.2065681598542017,0.9397422805737904,5.0,11.351561495662548,9.081249196530038,14.189451869578185,5,424325,"Wacha, Michael",5,11.351561495662548
2015,bat,133380,"Hughes, Jared",5.072622624308994,0.9887819110138585,5.0,11.351561495662548,9.081249196530038,14.189451869578185,5,133380,"Hughes, Jared",5,11.351561495662548
2015,bat,133380,"Hill, Taylor",1.8225888588842203,0.9129151470945782,5.0,11.351561495662548,9.081249196530038,14.189451869578185,5,133380,"Hill, Taylor",5,11.351561495662548
2015,bat,133380,"Giles, Ken",1.6684500223807248,0.9006029662047168,5.0,11.351561495662548,9.081249196530038,14.189451869578185,5,133380,"Giles, Ken",5,11.351561495662548
2015,bat,425784,"Givens, Mychal",1.9668890462491952,0.9245125212740093,5.0,11.351561495662548,9.081249196530038,14.189451869578185,5,425784,"Givens, Mychal",5,11.351561495662548
2015,bat,425783,"Weaver, Jered",2.1274153524100665,0.9348796498905908,5.0,11.351561495662548,9.081249196530038,14.189451869578185,5,425783,"Weaver, Jered",5,11.351561495662548
2015,bat,425783,"Walker, Taijuan",2.9697642726599596,0.9688499878434232,5.0,11.351561495662548,9.081249196530038,14.189451869578185,5,425783,"Walker, Taijuan",5,11.351561495662548
2015,bat,622110,"Chapman, Kevin",1.9209753502694304,0.921269146608315,5.0,11.351561495662548,9.081249196530038,14.189451869578185,5,622110,"Chapman, Kevin",5,11.351561495662548
2015,bat,624585,"Clippard, Tyler",2.068555087347246,0.9309603695599319,5.0,11.351561495662548,9.081249196530038,14.189451869578185,5,624585,"Clippard, Tyler",5,11.351561495662548
2015,bat,624424,"Young, Chris",7.97063174413442,0.9970678336980306,5.0,11.351561495662548,9.081249196530038,14.189451869578185,5,624424,"Young, Chris",5,11.351561495662548
2015,bat,624424,"Strop, Pedro",2.491617000303649,0.9513347921225382,5.0,11.351561495662548,9.081249196530038,14.189451869578185,5,624424,"Strop, Pedro",5,11.351561495662548
2015,bat,134181,"Leone, Dominic",1.888179853141027,0.9184147823972769,5.0,11.351561495662548,9.081249196530038,14.189451869578185,5,134181,"Leone, Dominic",5,11.351561495662548
2015,bat,134181,"Hudson, Daniel",2.776937825320758,0.9634913688305373,5.0,11.351561495662548,9.081249196530038,14.189451869578185,5,134181,"Hudson, Daniel",5,11.351561495662548
2015,bat,134181,"Hernández, Félix",1.9574551931361892,0.9238512035010941,5.0,11.351561495662548,9.081249196530038,14.189451869578185,5,134181,"Hernández, Félix",5,11.351561495662548
2015,bat,592663,"Villarreal, Pedro",3.895264277399313,0.9809822513980063,5.0,11.351561495662548,9.081249196530038,14.189451869578185,5,592663,"Villarreal, Pedro",5,11.351561495662548
2015,bat,621035,"Sanchez, Aaron",2.729384354484573,0.960826647216144,5.0,11.351561495662548,9.081249196530038,14.189451869578185,5,621035,"Sanchez, Aaron",5,11.351561495662548
2015,bat,621035,"Rodriguez Jr., Fernando",2.517853398006372,0.9525553124240214,5.0,11.351561495662548,9.081249196530038,14.189451869578185,5,621035,"Rodriguez Jr., Fernando",5,11.351561495662548
2015,bat,424325,"Schugel, A.J.",5.253499063448172,0.9894967177242888,5.0,11.351561495662548,9.081249196530038,14.189451869578185,5,424325,"Schugel, A.J.",5,11.351561495662548
2015,bat,424325,"Delgado, Randall",2.2358121227021024,0.9410746413809871,5.0,11.351561495662548,9.081249196530038,14.189451869578185,5,424325,"Delgado, Randall",5,11.351561495662548
2015,bat,133380,"Meyer, Alex",7.078594222241849,0.9946754194018964,5.0,11.351561495662548,9.081249196530038,14.189451869578185,5,133380,"Meyer, Alex",5,11.351561495662548
2015,bat,424825,"Morin, Mike",2.154882238321334,0.9362314612205203,5.0,11.351561495662548,9.081249196530038,14.189451869578185,5,424825,"Morin, Mike",5,11.351561495662548
2015,bat,592663,"Contreras, Carlos",2.0390391399316825,0.9286749331388281,5.0,11.351561495662548,9.081249196530038,14.189451869578185,5,592663,"Contreras, Carlos",5,11.351561495662548
2015,bat,592663,"Collmenter, Josh",2.1218900993350682,0.9344274252370532,5.0,11.351561495662548,9.081249196530038,14.189451869578185,5,592663,"Collmenter, Josh",5,11.351561495662548
2015,bat,624424,"Hendricks, Kyle",1.9772772663644533,0.9251057622173596,5.0,11.351561495662548,9.081249196530038,14.189451869578185,5,624424,"Hendricks, Kyle",5,11.351561495662548
2015,bat,624424,"Duffy, Danny",6.0947293083897485,0.9922392414296134,5.0,11.351561495662548,9.081249196530038,14.189451869578185,5,624424,"Duffy, Danny",5,11.351561495662548
2015,bat,624424,"Davis, Wade",1.899632533537938,0.919683929005592,5.0,11.351561495662548,9.081249196530038,14.189451869578185,5,624424,"Davis, Wade",5,11.351561495662548
2015,bat,592626,"Vázquez, Felipe",2.412907807195481,0.9485193289569657,5.0,11.351561495662548,9.081249196530038,14.189451869578185,5,592626,"Vázquez, Felipe",5,11.351561495662548
2015,bat,621035,"Cecil, Brett",1.8750616542896656,0.917490882567469,5.0,11.351561495662548,9.081249196530038,14.189451869578185,5,621035,"Cecil, Brett",5,11.351561495662548
2015,bat,424325,"Bracho, Silvino",1.9052232142085848,0.9201361536591296,5.0,11.351561495662548,9.081249196530038,14.189451869578185,5,424325,"Bracho, Silvino",5,11.351561495662548
2015,bat,136860,"Dunn, Mike",3.644879929299987,0.9789739849258449,5.0,11.351561495662548,9.081249196530038,14.189451869578185,5,136860,"Dunn, Mike",5,11.351561495662548
2015,bat,608700,"Jiménez, Ubaldo",1.750710749769395,0.9073863360077802,5.0,11.351561495662548,9.081249196530038,14.189451869578185,5,608700,"Jiménez, Ubaldo",5,11.351561495662548
2015,bat,425796,"Janssen, Casey",2.6555944859456653,0.9577777777777777,5.0,11.351561495662548,9.081249196530038,14.189451869578185,5,425796,"Janssen, Casey",5,11.351561495662548
2015,bat,425796,"Burawa, Danny",2.2532687297065443,0.9419012885971311,5.0,11.351561495662548,9.081249196530038,14.189451869578185,5,425796,"Burawa, Danny",5,11.351561495662548
2015,bat,408314,"Hudson, Tim",2.385005891038308,0.9473863360077802,5.0,11.351561495662548,9.081249196530038,14.189451869578185,5,408314,"Hudson, Tim",5,11.351561495662548
2015,bat,408307,"Burgos, Enrique",2.468660152313767,0.9504206175540968,5.0,11.351561495662548,9.081249196530038,14.189451869578185,5,408307,"Burgos, Enrique",5,11.351561495662548
2015,bat,408307,"Shields, James",1.9992065157936776,0.9263894967177243,5.0,11.351561495662548,9.081249196530038,14.189451869578185,5,408307,"Shields, James",5,11.351561495662548
2015,bat,408307,"Rea, Colin",2.6736320093662873,0.9586968149769025,5.0,11.351561495662548,9.081249196530038,14.189451869578185,5,408307,"Rea, Colin",5,11.351561495662548
2015,bat,136860,"Simon, Alfredo",4.7519772130158895,0.986822270848529,5.0,11.351561495662548,9.081249196530038,14.189451869578185,5,136860,"Simon, Alfredo",5,11.351561495662548
2015,bat,136860,"Oberholtzer, Brett",2.182824437991741,0.9380792608801362,5.0,11.351561495662548,9.081249196530038,14.189451869578185,5,136860,"Oberholtzer, Brett",5,11.351561495662548
2015,bat,136860,"Thornton, Matt",2.6064012402530605,0.9561439338682227,5.0,11.351561495662548,9.081249196530038,14.189451869578185,5,136860,"Thornton, Matt",5,11.351561495662548
2015,bat,592626,"Fister, Doug",1.7722729140065865,0.9089229273036713,5.0,11.351561495662548,9.081249196530038,14.189451869578185,5,592626,"Fister, Doug",5,11.351561495662548
2015,bat,592626,"Smith, Will",3.371064512220414,0.9753367371748116,5.0,11.351561495662548,9.081249196530038,14.189451869578185,5,592626,"Smith, Will",5,11.351561495662548
2015,bat,593428,"Moore, Matt",2.326194970669211,0.944775103330902,5.0,11.351561495662548,9.081249196530038,14.189451869578185,5,593428,"Moore, Matt",5,11.351561495662548
2015,bat,134181,"Scribner, Evan",4.721710805035078,0.9865645514223195,5.0,11.351561495662548,9.081249196530038,14.189451869578185,5,134181,"Scribner, Evan",5,11.351561495662548
2015,bat,136860,"Gomes, Brandon",2.030896704521805,0.9282178458546073,5.0,11.351561495662548,9.081249196530038,14.189451869578185,5,136860,"Gomes, Brandon",5,11.351561495662548
2015,bat,136860,"Alburquerque, Al",1.8611106962110793,0.9164211038171651,5.0,11.351561495662548,9.081249196530038,14.189451869578185,5,136860,"Alburquerque, Al",5,11.351561495662548
2015,bat,592518,"Zimmermann, Jordan",3.125913880585927,0.9720009725261366,5.0,11.351561495662548,9.081249196530038,14.189451869578185,5,592518,"Zimmermann, Jordan",5,11.351561495662548
2015,bat,592518,"Váldez, José A.",8.600305288999765,0.9995720884998784,5.0,11.351561495662548,9.081249196530038,14.189451869578185,5,592518,"Váldez, José A.",5,11.351561495662548
2015,bat,593428,"Wilson, Justin",2.7015081819254303,0.9597325553124241,5.0,11.351561495662548,9.081249196530038,14.189451869578185,5,593428,"Wilson, Justin",5,11.351561495662548
2015,bat,136860,"Smith, Joe",2.9048402641215314,0.9671480671043035,5.0,11.351561495662548,9.081249196530038,14.189451869578185,5,136860,"Smith, Joe",5,11.351561495662548
2015,bat,150212,"Hernandez, David",2.4752192517394476,0.9507026501337223,5.0,11.351561495662548,9.081249196530038,14.189451869578185,5,150212,"Hernandez, David",5,11.351561495662548
2015,bat,408307,"Benoit, Joaquín",2.0193618416546406,0.9274884512521274,5.0,11.351561495662548,9.081249196530038,14.189451869578185,5,408307,"Benoit, Joaquín",5,11.351561495662548
2015,bat,608700,"Cotts, Neal",4.710759329571125,0.9864186725018235,5.0,11.351561495662548,9.081249196530038,14.189451869578185,5,608700,"Cotts, Neal",5,11.351561495662548
2015,bat,408307,"Hudson, Tim",3.421734484200477,0.9759008023340627,5.0,11.351561495662548,9.081249196530038,14.189451869578185,5,408307,"Hudson, Tim",5,11.351561495662548
2015,bat,408307,"De La Rosa, Rubby",4.428692310668827,0.9848285922684172,5.0,11.351561495662548,9.081249196530038,14.189451869578185,5,408307,"De La Rosa, Rubby",5,11.351561495662548
2015,bat,593428,"Schultz, Bo",2.1964575261480186,0.9390809628008753,5.0,11.351561495662548,9.081249196530038,14.189451869578185,5,593428,"Schultz, Bo",5,11.351561495662548
2015,bat,593428,"Redmond, Todd",5.997956848262928,0.9918356430829078,5.0,11.351561495662548,9.081249196530038,14.189451869578185,5,593428,"Redmond, Todd",5,11.351561495662548
2015,bat,592626,"Jordan, Taylor",2.4079627390281906,0.9483053732069049,5.0,11.351561495662548,9.081249196530038,14.189451869578185,5,592626,"Jordan, Taylor",5,11.351561495662548
2015,bat,622110,"Hatcher, Chris",1.7996320108943378,0.9112521274009239,5.0,11.351561495662548,9.081249196530038,14.189451869578185,5,622110,"Hatcher, Chris",5,11.351561495662548
2015,bat,592626,"Frasor, Jason",5.442098915534521,0.9903476780938488,5.0,11.351561495662548,9.081249196530038,14.189451869578185,5,592626,"Frasor, Jason",5,11.351561495662548
2015,bat,150212,"Pérez, Oliver",3.036022252635145,0.9701288597131048,5.0,11.351561495662548,9.081249196530038,14.189451869578185,5,150212,"Pérez, Oliver",5,11.351561495662548
2015,bat,150212,"Aardsma, David",2.89172206527017,0.9665548261609531,5.0,11.351561495662548,9.081249196530038,14.189451869578185,5,150212,"Aardsma, David",5,11.351561495662548
2015,bat,136860,"Velasquez, Vince",2.2568332066832375,0.9420374422562606,5.0,11.351561495662548,9.081249196530038,14.189451869578185,5,136860,"Velasquez, Vince",5,11.351561495662548
2015,bat,136860,"Ureña, José",2.2181495611319826,0.9402966204716752,5.0,11.351561495662548,9.081249196530038,14.189451869578185,5,136860,"Ureña, José",5,11.351561495662548
2015,bat,608365,"Peralta, Wily",4.4986474566767445,0.985285679552638,5.0,11.351561495662548,9.081249196530038,14.189451869578185,5,608365,"Peralta, Wily",5,11.351561495662548
2015,bat,425834,"Nicasio, Juan",2.5867239419760186,0.9551325066861172,5.0,11.351561495662548,9.081249196530038,14.189451869578185,5,425834,"Nicasio, Juan",5,11.351561495662548
2015,bat,425834,"Jeffress, Jeremy",2.1144687833270104,0.9338439095550692,5.0,11.351561495662548,9.081249196530038,14.189451869578185,5,425834,"Jeffress, Jeremy",5,11.351561495662548
2015,bat,425834,"Hamels, Cole",2.3669941112157162,0.9467833698030634,5.0,11.351561495662548,9.081249196530038,14.189451869578185,5,425834,"Hamels, Cole",5,11.351561495662548
2015,bat,408299,"Kluber, Corey",6.573543566464437,0.9935764648674933,5.0,11.351561495662548,9.081249196530038,14.189451869578185,5,408299,"Kluber, Corey",5,11.351561495662548
2015,bat,621043,"Ventura, Yordano",2.692748907290618,0.9591344517383905,5.0,11.351561495662548,9.081249196530038,14.189451869578185,5,621043,"Ventura, Yordano",5,11.351561495662548
2015,bat,621043,"Stites, Matt",2.2030166255736994,0.9393775832725505,5.0,11.351561495662548,9.081249196530038,14.189451869578185,5,621043,"Stites, Matt",5,11.351561495662548
2015,bat,621043,"Madson, Ryan",3.113397474306555,0.971718939946511,5.0,11.351561495662548,9.081249196530038,14.189451869578185,5,621043,"Madson, Ryan",5,11.351561495662548
2015,bat,621043,"Hudson, Daniel",2.6523149362328255,0.9575346462436178,5.0,11.351561495662548,9.081249196530038,14.189451869578185,5,621043,"Hudson, Daniel",5,11.351561495662548
2015,bat,593934,"Blanton, Joe",2.173500678158136,0.9374033552151714,5.0,11.351561495662548,9.081249196530038,14.189451869578185,5,593934,"Blanton, Joe",5,11.351561495662548
2015,bat,593934,"Beimel, Joe",2.058716438208725,0.9301483102358375,5.0,11.351561495662548,9.081249196530038,14.189451869578185,5,593934,"Beimel, Joe",5,11.351561495662548
2015,bat,592626,"Billingsley, Chad",3.583707054679481,0.9781570629710673,5.0,11.351561495662548,9.081249196530038,14.189451869578185,5,592626,"Billingsley, Chad",5,11.351561495662548
2015,bat,425844,"Locke, Jeff",1.9390128736900523,0.922411864818867,5.0,11.351561495662548,9.081249196530038,14.189451869578185,5,425844,"Locke, Jeff",5,11.351561495662548
2015,bat,425834,"Ziegler, Brad",1.7274819172118507,0.9056406515925115,5.0,11.351561495662548,9.081249196530038,14.189451869578185,5,425834,"Ziegler, Brad",5,11.351561495662548
2015,bat,425834,"Rusin, Chris",2.2915926872565002,0.9435740335521517,5.0,11.351561495662548,9.081249196530038,14.189451869578185,5,425834,"Rusin, Chris",5,11.351561495662548
2015,bat,425834,"Romo, Sergio",2.7605400767565564,0.9626112326768782,5.0,11.351561495662548,9.081249196530038,14.189451869578185,5,425834,"Romo, Sergio",5,11.351561495662548
2015,bat,608365,"Ureña, José",1.7375337370817063,0.9063894967177243,5.0,11.351561495662548,9.081249196530038,14.189451869578185,5,608365,"Ureña, José",5,11.351561495662548
2015,bat,608365,"Thayer, Dale",6.0258587644201,0.9919523462193046,5.0,11.351561495662548,9.081249196530038,14.189451869578185,5,608365,"Thayer, Dale",5,11.351561495662548
2015,bat,408252,"Rodríguez, Francisco",2.5342511465705733,0.9531825917821541,5.0,11.351561495662548,9.081249196530038,14.189451869578185,5,408252,"Rodríguez, Francisco",5,11.351561495662548
2015,bat,592518,"Geltz, Steve",2.058716438208725,0.9301483102358375,5.0,11.351561495662548,9.081249196530038,14.189451869578185,5,592518,"Geltz, Steve",5,11.351561495662548
2015,bat,592518,"Putnam, Zach",4.324885289781396,0.9839970824215901,5.0,11.351561495662548,9.081249196530038,14.189451869578185,5,592518,"Putnam, Zach",5,11.351561495662548
2015,bat,592518,"Price, David",2.896298667167065,0.9666472161439339,5.0,11.351561495662548,9.081249196530038,14.189451869578185,5,592518,"Price, David",5,11.351561495662548
2015,bat,136860,"Smyly, Drew",2.4164931603279833,0.9486311694626793,5.0,11.351561495662548,9.081249196530038,14.189451869578185,5,136860,"Smyly, Drew",5,11.351561495662548
2015,bat,408252,"Harris, Mitch",1.7733956131916155,0.9090736688548505,5.0,11.351561495662548,9.081249196530038,14.189451869578185,5,408252,"Harris, Mitch",5,11.351561495662548
2015,pit,518875,"Kelley, Shawn",3.5905450477448944,0.9784099197665937,5.0,11.351561495662548,9.081249196530038,14.189451869578185,5,518875,"Kelley, Shawn",5,11.351561495662548
2015,pit,518886,"Kimbrel, Craig",2.447752996880033,0.949477267201556,5.0,11.351561495662548,9.081249196530038,14.189451869578185,5,518886,"Kimbrel, Craig",5,11.351561495662548
2015,pit,518774,"Harvey, Matt",1.793141163875384,0.9105567712132263,5.0,11.351561495662548,9.081249196530038,14.189451869578185,5,518774,"Harvey, Matt",5,11.351561495662548
2015,pit,518813,"Holland, Greg",1.9860664780086275,0.9255823000243132,5.0,11.351561495662548,9.081249196530038,14.189451869578185,5,518813,"Holland, Greg",5,11.351561495662548
2015,pit,518886,"Kimbrel, Craig",2.9477986478438556,0.9684026258205689,5.0,11.351561495662548,9.081249196530038,14.189451869578185,5,518886,"Kimbrel, Craig",5,11.351561495662548
2015,pit,514669,"Martín, Rafael",2.9668944682514113,0.9688305373206905,5.0,11.351561495662548,9.081249196530038,14.189451869578185,5,514669,"Martín, Rafael",5,11.351561495662548
2015,pit,430630,"Frasor, Jason",1.90247438289751,0.919902747386336,5.0,11.351561495662548,9.081249196530038,14.189451869578185,5,430630,"Frasor, Jason",5,11.351561495662548
2015,pit,502462,"Kelly, Ryan",1.7563948133940015,0.9076197422805737,5.0,11.351561495662548,9.081249196530038,14.189451869578185,5,502462,"Kelly, Ryan",5,11.351561495662548
2015,pit,434665,"Masset, Nick",2.3314444904217497,0.9449063943593484,5.0,11.351561495662548,9.081249196530038,14.189451869578185,5,434665,"Masset, Nick",5,11.351561495662548
2015,pit,501822,"Hatcher, Chris",1.8372049088878806,0.9146608315098468,5.0,11.351561495662548,9.081249196530038,14.189451869578185,5,501822,"Hatcher, Chris",5,11.351561495662548
2015,pit,518715,"Gearrin, Cory",3.3708029625076774,0.9753172866520787,5.0,11.351561495662548,9.081249196530038,14.189451869578185,5,518715,"Gearrin, Cory",5,11.351561495662548
2015,pit,407845,"Rodney, Fernando",1.90969344702697,0.9203695599319232,5.0,11.351561495662548,9.081249196530038,14.189451869578185,5,407845,"Rodney, Fernando",5,11.351561495662548
2015,pit,623395,"Ellington, Brian",1.8957263067744046,0.9195720884998785,5.0,11.351561495662548,9.081249196530038,14.189451869578185,5,623395,"Ellington, Brian",5,11.351561495662548
2015,pit,623430,"Dull, Ryan",2.0897585530588243,0.932059324094335,5.0,11.351561495662548,9.081249196530038,14.189451869578185,5,623430,"Dull, Ryan",5,11.351561495662548
2015,pit,451584,"Davis, Wade",2.840331008061945,0.9654364211038171,5.0,11.351561495662548,9.081249196530038,14.189451869578185,5,451584,"Davis, Wade",5,11.351561495662548
2015,pit,276351,"Grilli, Jason",2.404726223180587,0.9482032579625578,5.0,11.351561495662548,9.081249196530038,14.189451869578185,5,276351,"Grilli, Jason",5,11.351561495662548
2015,pit,503285,"O'Day, Darren",3.5616465418084804,0.9778264040846097,5.0,11.351561495662548,9.081249196530038,14.189451869578185,5,503285,"O'Day, Darren",5,11.351561495662548
2015,pit,455374,"Bastardo, Antonio",2.0976389357929035,0.9325650376853878,5.0,11.351561495662548,9.081249196530038,14.189451869578185,5,455374,"Bastardo, Antonio",5,11.351561495662548
2015,pit,542866,"Adams, Austin",1.8708059181711985,0.9172283005105762,5.0,11.351561495662548,9.081249196530038,14.189451869578185,5,542866,"Adams, Austin",5,11.351561495662548
2015,pit,519240,"Rzepczynski, Marc",1.8724194176671771,0.917345003646973,5.0,11.351561495662548,9.081249196530038,14.189451869578185,5,519240,"Rzepczynski, Marc",5,11.351561495662548
2015,pit,519242,"Sale, Chris",3.728643600473044,0.9798103574033552,5.0,11.351561495662548,9.081249196530038,14.189451869578185,5,519242,"Sale, Chris",5,11.351561495662548
2015,pit,519326,"Strickland, Hunter",3.166249979632632,0.9725844882081206,5.0,11.351561495662548,9.081249196530038,14.189451869578185,5,519326,"Strickland, Hunter",5,11.351561495662548
2015,pit,519381,"Venditte, Pat",1.7543275088697217,0.9075127644055434,5.0,11.351561495662548,9.081249196530038,14.189451869578185,5,519381,"Venditte, Pat",5,11.351561495662548
2015,pit,520980,"Báez, Pedro",4.021211938931453,0.9818915633357647,5.0,11.351561495662548,9.081249196530038,14.189451869578185,5,520980,"Báez, Pedro",5,11.351561495662548
2015,pit,458584,"Cedeño, Xavier",4.922596728123209,0.9877558959397034,5.0,11.351561495662548,9.081249196530038,14.189451869578185,5,458584,"Cedeño, Xavier",5,11.351561495662548
2015,pit,532077,"Osuna, Roberto",3.1629947146398494,0.9725358619012886,5.0,11.351561495662548,9.081249196530038,14.189451869578185,5,532077,"Osuna, Roberto",5,11.351561495662548
2015,pit,451584,"Davis, Wade",1.85520305844293,0.9161293459761731,5.0,11.351561495662548,9.081249196530038,14.189451869578185,5,451584,"Davis, Wade",5,11.351561495662548
2015,pit,451661,"Fields, Josh",4.362627290829015,0.984459032336494,5.0,11.351561495662548,9.081249196530038,14.189451869578185,5,451661,"Fields, Josh",5,11.351561495662548
2015,pit,502522,"Miller, Justin",1.7913334544512771,0.9104108922927304,5.0,11.351561495662548,9.081249196530038,14.189451869578185,5,502522,"Miller, Justin",5,11.351561495662548
2015,pit,445170,"Redmond, Todd",1.7250688770082685,0.9054412837345004,5.0,11.351561495662548,9.081249196530038,14.189451869578185,5,445170,"Redmond, Todd",5,11.351561495662548
2015,pit,541652,"Rondón, Bruce",2.0114160923760913,0.9269632871383419,5.0,11.351561495662548,9.081249196530038,14.189451869578185,5,541652,"Rondón, Bruce",5,11.351561495662548
2015,pit,448614,"Torres, Carlos",5.691136454061177,0.9911500121565767,5.0,11.351561495662548,9.081249196530038,14.189451869578185,5,448614,"Torres, Carlos",5,11.351561495662548
2015,pit,450275,"Lowe, Mark",2.2800898703828563,0.9430974957451982,5.0,11.351561495662548,9.081249196530038,14.189451869578185,5,450275,"Lowe, Mark",5,11.351561495662548
2015,pit,451584,"Davis, Wade",2.1096467063841287,0.9335181132992949,5.0,11.351561495662548,9.081249196530038,14.189451869578185,5,451584,"Davis, Wade",5,11.351561495662548
2015,pit,451775,"Rodriguez Jr., Fernando",2.9159620026078583,0.9674981765134938,5.0,11.351561495662548,9.081249196530038,14.189451869578185,5,451775,"Rodriguez Jr., Fernando",5,11.351561495662548
2015,pit,456496,"Mateo, Marcos",3.549813436551466,0.9776902504254802,5.0,11.351561495662548,9.081249196530038,14.189451869578185,5,456496,"Mateo, Marcos",5,11.351561495662548
2015,pit,457732,"Bailey, Andrew",5.027040488984554,0.9885436421103817,5.0,11.351561495662548,9.081249196530038,14.189451869578185,5,457732,"Bailey, Andrew",5,11.351561495662548
2015,pit,457754,"Edwards, Jon",6.69231824189659,0.9938536348164357,5.0,11.351561495662548,9.081249196530038,14.189451869578185,5,457754,"Edwards, Jon",5,11.351561495662548
2015,pit,457918,"Happ, J.A.",1.7636622552085166,0.9080671043034282,5.0,11.351561495662548,9.081249196530038,14.189451869578185,5,457918,"Happ, J.A.",5,11.351561495662548
2015,pit,448306,"Shields, James",1.6851710788781895,0.9018623875516655,5.0,11.351561495662548,9.081249196530038,14.189451869578185,5,448306,"Shields, James",5,11.351561495662548
2015,pit,450282,"Perkins, Glen",1.6994278605366955,0.9030877704838317,5.0,11.351561495662548,9.081249196530038,14.189451869578185,5,450282,"Perkins, Glen",5,11.351561495662548
2015,pit,520980,"Báez, Pedro",2.8839291363915747,0.9663311451495259,5.0,11.351561495662548,9.081249196530038,14.189451869578185,5,520980,"Báez, Pedro",5,11.351561495662548
2015,pit,532077,"Osuna, Roberto",2.064202785888424,0.930522732798444,5.0,11.351561495662548,9.081249196530038,14.189451869578185,5,532077,"Osuna, Roberto",5,11.351561495662548
2015,pit,476454,"Betances, Dellin",1.9310451420912995,0.9217602723073183,5.0,11.351561495662548,9.081249196530038,14.189451869578185,5,476454,"Betances, Dellin",5,11.351561495662548
2015,pit,477132,"Kershaw, Clayton",1.9061368324908485,0.9202042304886944,5.0,11.351561495662548,9.081249196530038,14.189451869578185,5,477132,"Kershaw, Clayton",5,11.351561495662548
2015,pit,475054,"Roe, Chaz",2.064994128616185,0.9305324580598103,5.0,11.351561495662548,9.081249196530038,14.189451869578185,5,475054,"Roe, Chaz",5,11.351561495662548
2015,pit,475115,"Ross, Tyson",1.7515517784308368,0.9074252370532458,5.0,11.351561495662548,9.081249196530038,14.189451869578185,5,475115,"Ross, Tyson",5,11.351561495662548
2015,pit,462515,"Socolovich, Miguel",1.9487807511943547,0.922898127887187,5.0,11.351561495662548,9.081249196530038,14.189451869578185,5,462515,"Socolovich, Miguel",5,11.351561495662548
2015,pit,489265,"Romo, Sergio",1.7236370880627436,0.9053245805981036,5.0,11.351561495662548,9.081249196530038,14.189451869578185,5,489265,"Romo, Sergio",5,11.351561495662548
2015,pit,459987,"Ramos, Cesár",2.373482219516994,0.9469876002917579,5.0,11.351561495662548,9.081249196530038,14.189451869578185,5,459987,"Ramos, Cesár",5,11.351561495662548
2015,pit,461325,"Clippard, Tyler",1.8693117449209062,0.9171213226355458,5.0,11.351561495662548,9.081249196530038,14.189451869578185,5,461325,"Clippard, Tyler",5,11.351561495662548
2015,pit,465629,"Mujica, Edward",5.58529443838455,0.9909166058837832,5.0,11.351561495662548,9.081249196530038,14.189451869578185,5,465629,"Mujica, Edward",5,11.351561495662548
2015,pit,472551,"Abad, Fernando",2.1102820706608854,0.9335278385606613,5.0,11.351561495662548,9.081249196530038,14.189451869578185,5,472551,"Abad, Fernando",5,11.351561495662548
2015,pit,573109,"Ramos, AJ",1.7312432604863637,0.9059275468028203,5.0,11.351561495662548,9.081249196530038,14.189451869578185,5,573109,"Ramos, AJ",5,11.351561495662548
2015,pit,455374,"Bastardo, Antonio",2.2734333677069802,0.9427960126428397,5.0,11.351561495662548,9.081249196530038,14.189451869578185,5,455374,"Bastardo, Antonio",5,11.351561495662548
2015,pit,595307,"Maness, Seth",3.432278156716506,0.9760466812545587,5.0,11.351561495662548,9.081249196530038,14.189451869578185,5,595307,"Maness, Seth",5,11.351561495662548
2015,pit,605218,"Edwards Jr., Carl",5.263911329505772,0.9895161682470216,5.0,11.351561495662548,9.081249196530038,14.189451869578185,5,605218,"Edwards Jr., Carl",5,11.351561495662548
2015,pit,453192,"Miller, Andrew",2.959738395751688,0.9686846584001945,5.0,11.351561495662548,9.081249196530038,14.189451869578185,5,453192,"Miller, Andrew",5,11.351561495662548
2015,pit,545338,"Franklin, Nick",2.5006689412904524,0.9519280330658887,5.0,11.351561495662548,9.081249196530038,14.189451869578185,5,545338,"Franklin, Nick",5,11.351561495662548
2015,pit,547973,"Chapman, Aroldis",3.090838970544139,0.9714660831509847,5.0,11.351561495662548,9.081249196530038,14.189451869578185,5,547973,"Chapman, Aroldis",5,11.351561495662548
2015,pit,553878,"Vázquez, Felipe",1.844483458640024,0.9151568198395332,5.0,11.351561495662548,9.081249196530038,14.189451869578185,5,553878,"Vázquez, Felipe",5,11.351561495662548
2015,pit,554340,"García, Yimi",2.8035561510770535,0.9642304886943837,5.0,11.351561495662548,9.081249196530038,14.189451869578185,5,554340,"García, Yimi",5,11.351561495662548
2015,pit,445197,"Dunn, Mike",6.992208685369918,0.9944566010211524,5.0,11.351561495662548,9.081249196530038,14.189451869578185,5,445197,"Dunn, Mike",5,11.351561495662548
2015,pit,445276,"Jansen, Kenley",3.9941734804714795,0.9817262338925359,5.0,11.351561495662548,9.081249196530038,14.189451869578185,5,445276,"Jansen, Kenley",5,11.351561495662548
2015,pit,446399,"Cecil, Brett",2.0807263720522027,0.9316119620714807,5.0,11.351561495662548,9.081249196530038,14.189451869578185,5,446399,"Cecil, Brett",5,11.351561495662548
2015,pit,448159,"Parra, Manny",2.661980317544292,0.9580646729880865,5.0,11.351561495662548,9.081249196530038,14.189451869578185,5,448159,"Parra, Manny",5,11.351561495662548
2015,pit,448281,"Doolittle, Sean",9.58587031243252,0.9999902747386336,5.0,11.351561495662548,9.081249196530038,14.189451869578185,5,448281,"Doolittle, Sean",5,11.351561495662548
2015,pit,457768,"Morris, Bryan",2.2139389277278814,0.9401507415511792,5.0,11.351561495662548,9.081249196530038,14.189451869578185,5,457768,"Morris, Bryan",5,11.351561495662548
2015,pit,459429,"McGee, Jake",2.3000021501822396,0.9439922197909069,5.0,11.351561495662548,9.081249196530038,14.189451869578185,5,459429,"McGee, Jake",5,11.351561495662548
2015,pit,594792,"Cunniff, Brandon",2.755447710206442,0.9623535132506686,5.0,11.351561495662548,9.081249196530038,14.189451869578185,5,594792,"Cunniff, Brandon",5,11.351561495662548
2015,pit,467008,"Strop, Pedro",1.8127998270923906,0.9123073182591782,5.0,11.351561495662548,9.081249196530038,14.189451869578185,5,467008,"Strop, Pedro",5,11.351561495662548
2015,pit,593423,"Montas, Frankie",2.1593708022713045,0.936396790663749,5.0,11.351561495662548,9.081249196530038,14.189451869578185,5,593423,"Montas, Frankie",5,11.351561495662548
2015,pit,593576,"Neris, Héctor",2.455294074114802,0.9498273766107465,5.0,11.351561495662548,9.081249196530038,14.189451869578185,5,593576,"Neris, Héctor",5,11.351561495662548
2015,pit,594840,"Grace, Matt",2.9356904269245256,0.967916362752249,5.0,11.351561495662548,9.081249196530038,14.189451869578185,5,594840,"Grace, Matt",5,11.351561495662548
2015,pit,477132,"Kershaw, Clayton",1.7338452838064915,0.9061220520301483,5.0,11.351561495662548,9.081249196530038,14.189451869578185,5,477132,"Kershaw, Clayton",5,11.351561495662548
2015,pit,489265,"Romo, Sergio",1.9040054753602673,0.9199708242159008,5.0,11.351561495662548,9.081249196530038,14.189451869578185,5,489265,"Romo, Sergio",5,11.351561495662548
2015,pit,471822,"Díaz, Jumbo",1.965049297536883,0.9243958181376124,5.0,11.351561495662548,9.081249196530038,14.189451869578185,5,471822,"Díaz, Jumbo",5,11.351561495662548
2015,pit,592340,"Goeddel, Erik",1.685676215147377,0.9018721128130318,5.0,11.351561495662548,9.081249196530038,14.189451869578185,5,592340,"Goeddel, Erik",5,11.351561495662548
2015,pit,592454,"Kahnle, Tommy",1.8903370709726044,0.9186579139314369,5.0,11.351561495662548,9.081249196530038,14.189451869578185,5,592454,"Kahnle, Tommy",5,11.351561495662548
2015,pit,592705,"Rumbelow, Nick",8.09656258818546,0.9975492341356674,5.0,11.351561495662548,9.081249196530038,14.189451869578185,5,592705,"Rumbelow, Nick",5,11.351561495662548
2015,pit,434378,"Verlander, Justin",1.697333215899611,0.9027571115973742,5.0,11.351561495662548,9.081249196530038,14.189451869578185,5,434378,"Verlander, Justin",5,11.351561495662548
2015,pit,434442,"Howell, J.P.",2.3119542836745035,0.9443326039387309,5.0,11.351561495662548,9.081249196530038,14.189451869578185,5,434442,"Howell, J.P.",5,11.351561495662548
2015,pit,434538,"Liriano, Francisco",1.9627638240320995,0.9242110381716508,5.0,11.351561495662548,9.081249196530038,14.189451869578185,5,434538,"Liriano, Francisco",5,11.351561495662548
2015,pit,605169,"Capps, Carter",4.249121261180216,0.9834573304157549,5.0,11.351561495662548,9.081249196530038,14.189451869578185,5,605169,"Capps, Carter",5,11.351561495662548
2015,pit,424144,"Pérez, Oliver",2.151333928686424,0.9361147580841235,5.0,11.351561495662548,9.081249196530038,14.189451869578185,5,424144,"Pérez, Oliver",5,11.351561495662548
2015,pit,276351,"Grilli, Jason",2.3484917260242675,0.9458594699732555,5.0,11.351561495662548,9.081249196530038,14.189451869578185,5,276351,"Grilli, Jason",5,11.351561495662548
2015,pit,458584,"Cedeño, Xavier",2.570318883245572,0.9545635788961828,5.0,11.351561495662548,9.081249196530038,14.189451869578185,5,458584,"Cedeño, Xavier",5,11.351561495662548
2015,pit,458584,"Cedeño, Xavier",2.5239820462896323,0.9528519328956966,5.0,11.351561495662548,9.081249196530038,14.189451869578185,5,458584,"Cedeño, Xavier",5,11.351561495662548
2015,pit,456776,"Torres, Alex",2.1931738542656016,0.93890590809628,5.0,11.351561495662548,9.081249196530038,14.189451869578185,5,456776,"Torres, Alex",5,11.351561495662548
2015,pit,450275,"Lowe, Mark",1.6783185003016976,0.9012399708242159,5.0,11.351561495662548,9.081249196530038,14.189451869578185,5,450275,"Lowe, Mark",5,11.351561495662548
2015,pit,425532,"Williams, Jerome",1.9213875454658444,0.9213518113299295,5.0,11.351561495662548,9.081249196530038,14.189451869578185,5,425532,"Williams, Jerome",5,11.351561495662548
2015,pit,429400,"Loewen, Adam",1.9544322156901874,0.923676148796499,5.0,11.351561495662548,9.081249196530038,14.189451869578185,5,429400,"Loewen, Adam",5,11.351561495662548
2015,pit,429719,"Jackson, Edwin",2.1904767405711256,0.9387794796985169,5.0,11.351561495662548,9.081249196530038,14.189451869578185,5,429719,"Jackson, Edwin",5,11.351561495662548
2015,pit,429780,"Narveson, Chris",8.292515562979801,0.9983661560904449,5.0,11.351561495662548,9.081249196530038,14.189451869578185,5,429780,"Narveson, Chris",5,11.351561495662548
2015,pit,430599,"Blanton, Joe",4.038526621080524,0.9820179917335279,5.0,11.351561495662548,9.081249196530038,14.189451869578185,5,430599,"Blanton, Joe",5,11.351561495662548
2015,pit,465657,"Soria, Joakim",5.0117896871621355,0.9882227084852906,5.0,11.351561495662548,9.081249196530038,14.189451869578185,5,465657,"Soria, Joakim",5,11.351561495662548
2015,pit,466948,"Machi, Jean",2.482255507839294,0.9509166058837831,5.0,11.351561495662548,9.081249196530038,14.189451869578185,5,466948,"Machi, Jean",5,11.351561495662548
2015,pit,467094,"Doubront, Felix",2.764891553011016,0.9627619742280574,5.0,11.351561495662548,9.081249196530038,14.189451869578185,5,467094,"Doubront, Felix",5,11.351561495662548
2015,pit,474284,"Rasmus, Cory",1.761203327649174,0.9079115001215657,5.0,11.351561495662548,9.081249196530038,14.189451869578185,5,474284,"Rasmus, Cory",5,11.351561495662548
2015,pit,445170,"Redmond, Todd",6.92708068176686,0.9943398978847556,5.0,11.351561495662548,9.081249196530038,14.189451869578185,5,445170,"Redmond, Todd",5,11.351561495662548
2015,pit,445197,"Dunn, Mike",3.3027891951385677,0.9743642110381716,5.0,11.351561495662548,9.081249196530038,14.189451869578185,5,445197,"Dunn, Mike",5,11.351561495662548
2015,pit,445276,"Jansen, Kenley",2.925398261799461,0.9677996596158521,5.0,11.351561495662548,9.081249196530038,14.189451869578185,5,445276,"Jansen, Kenley",5,11.351561495662548
2015,pit,453343,"Melancon, Mark",2.114126071265712,0.9337320690493557,5.0,11.351561495662548,9.081249196530038,14.189451869578185,5,453343,"Melancon, Mark",5,11.351561495662548
2015,pit,455374,"Bastardo, Antonio",3.6030040823773524,0.9786433260393873,5.0,11.351561495662548,9.081249196530038,14.189451869578185,5,455374,"Bastardo, Antonio",5,11.351561495662548
2015,pit,594857,"Hessler, Keith",2.7436134909683427,0.9615657670799903,5.0,11.351561495662548,9.081249196530038,14.189451869578185,5,594857,"Hessler, Keith",5,11.351561495662548
2015,pit,594951,"O'Rourke, Ryan",4.499303151783515,0.9853051300753708,5.0,11.351561495662548,9.081249196530038,14.189451869578185,5,594951,"O'Rourke, Ryan",5,11.351561495662548
2015,pit,444436,"Webb, Ryan",1.6937912206854648,0.9024264527109166,5.0,11.351561495662548,9.081249196530038,14.189451869578185,5,444436,"Webb, Ryan",5,11.351561495662548
2015,pit,424144,"Pérez, Oliver",3.373709860155299,0.9753659129589107,5.0,11.351561495662548,9.081249196530038,14.189451869578185,5,424144,"Pérez, Oliver",5,11.351561495662548
2015,pit,407908,"Peralta, Joel",2.6918905562076434,0.9591247264770241,5.0,11.351561495662548,9.081249196530038,14.189451869578185,5,407908,"Peralta, Joel",5,11.351561495662548
2015,pit,445276,"Jansen, Kenley",3.703806937835505,0.9795185995623632,5.0,11.351561495662548,9.081249196530038,14.189451869578185,5,445276,"Jansen, Kenley",5,11.351561495662548
2015,pit,453222,"Carroll, Scott",2.8507419435911614,0.9656212010697788,5.0,11.351561495662548,9.081249196530038,14.189451869578185,5,453222,"Carroll, Scott",5,11.351561495662548
2015,pit,429783,"Betancourt, Rafael",1.8025446157706968,0.9114903963044007,5.0,11.351561495662548,9.081249196530038,14.189451869578185,5,429783,"Betancourt, Rafael",5,11.351561495662548
2015,pit,450275,"Lowe, Mark",1.8105004870005994,0.9120252856795527,5.0,11.351561495662548,9.081249196530038,14.189451869578185,5,450275,"Lowe, Mark",5,11.351561495662548
2015,pit,346798,"Lohse, Kyle",1.937723421688133,0.9223340627279358,5.0,11.351561495662548,9.081249196530038,14.189451869578185,5,346798,"Lohse, Kyle",5,11.351561495662548
2015,pit,458678,"Broadway, Mike",7.4262260989370485,0.9955847313396547,5.0,11.351561495662548,9.081249196530038,14.189451869578185,5,458678,"Broadway, Mike",5,11.351561495662548
2015,pit,430911,"Aardsma, David",1.7555198226347093,0.907551665451009,5.0,11.351561495662548,9.081249196530038,14.189451869578185,5,430911,"Aardsma, David",5,11.351561495662548
2015,pit,425492,"Madson, Ryan",2.182060525864014,0.9377097009482129,5.0,11.351561495662548,9.081249196530038,14.189451869578185,5,425492,"Madson, Ryan",5,11.351561495662548
2015,pit,457429,"Logan, Boone",2.46217046842089,0.9502261123267688,5.0,11.351561495662548,9.081249196530038,14.189451869578185,5,457429,"Logan, Boone",5,11.351561495662548
2015,pit,607359,"Patton, Spencer",2.405609209348357,0.9482129832239241,5.0,11.351561495662548,9.081249196530038,14.189451869578185,5,607359,"Patton, Spencer",5,11.351561495662548
2015,pit,605169,"Capps, Carter",2.4526235762515176,0.9497884755652808,5.0,11.351561495662548,9.081249196530038,14.189451869578185,5,605169,"Capps, Carter",5,11.351561495662548
2015,pit,605333,"Leathersich, Jack",1.9477449594753016,0.9228592268417214,5.0,11.351561495662548,9.081249196530038,14.189451869578185,5,605333,"Leathersich, Jack",5,11.351561495662548
2015,pit,474284,"Rasmus, Cory",7.193812427629014,0.9950109409190372,5.0,11.351561495662548,9.081249196530038,14.189451869578185,5,474284,"Rasmus, Cory",5,11.351561495662548
2015,pit,648737,"Hinojosa, Dalier",2.6635327592098537,0.958074398249453,5.0,11.351561495662548,9.081249196530038,14.189451869578185,5,648737,"Hinojosa, Dalier",5,11.351561495662548
2015,pit,476454,"Betances, Dellin",2.814656659075287,0.9645611475808412,5.0,11.351561495662548,9.081249196530038,14.189451869578185,5,476454,"Betances, Dellin",5,11.351561495662548
2015,pit,476454,"Betances, Dellin",2.2783137638193165,0.943019693654267,5.0,11.351561495662548,9.081249196530038,14.189451869578185,5,476454,"Betances, Dellin",5,11.351561495662548
2015,pit,621962,"Thomas, Ian",1.8302760574833232,0.9136299538050086,5.0,11.351561495662548,9.081249196530038,14.189451869578185,5,621962,"Thomas, Ian",5,11.351561495662548
2015,pit,489265,"Romo, Sergio",4.226587754334029,0.9831752978361293,5.0,11.351561495662548,9.081249196530038,14.189451869578185,5,489265,"Romo, Sergio",5,11.351561495662548
2015,pit,488786,"Coleman, Louis",5.416630760268927,0.9902552881108679,5.0,11.351561495662548,9.081249196530038,14.189451869578185,5,488786,"Coleman, Louis",5,11.351561495662548
2015,pit,489039,"LaFromboise, Bobby",5.8455603841109545,0.9916654510089958,5.0,11.351561495662548,9.081249196530038,14.189451869578185,5,489039,"LaFromboise, Bobby",5,11.351561495662548
2015,pit,489265,"Romo, Sergio",2.6734157529251825,0.9586870897155361,5.0,11.351561495662548,9.081249196530038,14.189451869578185,5,489265,"Romo, Sergio",5,11.351561495662548
2015,pit,489446,"Yates, Kirby",1.7743089224092257,0.9091952346219304,5.0,11.351561495662548,9.081249196530038,14.189451869578185,5,489446,"Yates, Kirby",5,11.351561495662548
2015,pit,491159,"Thatcher, Joe",2.493782953725151,0.9514709457816679,5.0,11.351561495662548,9.081249196530038,14.189451869578185,5,491159,"Thatcher, Joe",5,11.351561495662548
2015,pit,502083,"McAllister, Zach",2.77889672037215,0.9635788961828349,5.0,11.351561495662548,9.081249196530038,14.189451869578185,5,502083,"McAllister, Zach",5,11.351561495662548
2015,pit,605894,"González, Severino",2.150854509184161,0.9360953075613907,5.0,11.351561495662548,9.081249196530038,14.189451869578185,5,605894,"González, Severino",5,11.351561495662548
2015,pit,593140,"Feliz, Michael",4.290533605534342,0.9838171650863117,5.0,11.351561495662548,9.081249196530038,14.189451869578185,5,593140,"Feliz, Michael",5,11.351561495662548
2015,pit,607457,"Barraclough, Kyle",1.8326850652276006,0.9142037442256261,5.0,11.351561495662548,9.081249196530038,14.189451869578185,5,607457,"Barraclough, Kyle",5,11.351561495662548
2015,pit,611093,"Bracho, Silvino",2.6304850671501616,0.9568684658400195,5.0,11.351561495662548,9.081249196530038,14.189451869578185,5,611093,"Bracho, Silvino",5,11.351561495662548
2015,pit,592329,"García, Jason",2.4337951046052533,0.9490493557014344,5.0,11.351561495662548,9.081249196530038,14.189451869578185,5,592329,"García, Jason",5,11.351561495662548
2015,pit,518526,"Carpenter, David",2.087378140410197,0.9319717967420375,5.0,11.351561495662548,9.081249196530038,14.189451869578185,5,518526,"Carpenter, David",5,11.351561495662548
2015,pit,592181,"Burawa, Danny",3.6023030336366864,0.9786336007780209,5.0,11.351561495662548,9.081249196530038,14.189451869578185,5,592181,"Burawa, Danny",5,11.351561495662548
2015,pit,592390,"Hembree, Heath",2.9827077111226186,0.969112569900316,5.0,11.351561495662548,9.081249196530038,14.189451869578185,5,592390,"Hembree, Heath",5,11.351561495662548
2015,pit,476454,"Betances, Dellin",2.872307962632133,0.9661074641380987,5.0,11.351561495662548,9.081249196530038,14.189451869578185,5,476454,"Betances, Dellin",5,11.351561495662548
2015,pit,462136,"Estrada, Marco",2.3984016010254616,0.948037928519329,5.0,11.351561495662548,9.081249196530038,14.189451869578185,5,462136,"Estrada, Marco",5,11.351561495662548
2015,pit,592398,"Hill, Taylor",4.054781365363525,0.9821152443471919,5.0,11.351561495662548,9.081249196530038,14.189451869578185,5,592398,"Hill, Taylor",5,11.351561495662548
2015,pit,502522,"Miller, Justin",3.4237053709528045,0.9759105275954292,5.0,11.351561495662548,9.081249196530038,14.189451869578185,5,502522,"Miller, Justin",5,11.351561495662548
2015,pit,501593,"Avilán, Luis",3.1890174095768273,0.9727595429127158,5.0,11.351561495662548,9.081249196530038,14.189451869578185,5,501593,"Avilán, Luis",5,11.351561495662548
2015,pit,501625,"Alvarez, Jose",2.6795834421952853,0.9588426938973985,5.0,11.351561495662548,9.081249196530038,14.189451869578185,5,501625,"Alvarez, Jose",5,11.351561495662548
2015,pit,518886,"Kimbrel, Craig",2.19337360706848,0.9389448091417457,5.0,11.351561495662548,9.081249196530038,14.189451869578185,5,518886,"Kimbrel, Craig",5,11.351561495662548
2015,pit,502085,"Robertson, David",1.741157461775028,0.9067152929734986,5.0,11.351561495662548,9.081249196530038,14.189451869578185,5,502085,"Robertson, David",5,11.351561495662548
2015,pit,547973,"Chapman, Aroldis",2.329712307323866,0.9448772185752492,5.0,11.351561495662548,9.081249196530038,14.189451869578185,5,547973,"Chapman, Aroldis",5,11.351561495662548
2015,pit,542609,"Burgos, Enrique",2.1881094765335654,0.9386725018234865,5.0,11.351561495662548,9.081249196530038,14.189451869578185,5,542609,"Burgos, Enrique",5,11.351561495662548
2015,pit,489265,"Romo, Sergio",1.8734997651609906,0.917393629953805,5.0,11.351561495662548,9.081249196530038,14.189451869578185,5,489265,"Romo, Sergio",5,11.351561495662548
2015,pit,491159,"Thatcher, Joe",3.4120983578352138,0.9758132749817652,5.0,11.351561495662548,9.081249196530038,14.189451869578185,5,491159,"Thatcher, Joe",5,11.351561495662548
2015,pit,491708,"Caminero, Arquimedes",2.008766388533741,0.9267493313882811,5.0,11.351561495662548,9.081249196530038,14.189451869578185,5,491708,"Caminero, Arquimedes",5,11.351561495662548
2015,pit,471822,"Díaz, Jumbo",2.0344448442598146,0.9284220763433018,5.0,11.351561495662548,9.081249196530038,14.189451869578185,5,471822,"Díaz, Jumbo",5,11.351561495662548
2015,pit,453192,"Miller, Andrew",4.083797428549713,0.9823681011427182,5.0,11.351561495662548,9.081249196530038,14.189451869578185,5,453192,"Miller, Andrew",5,11.351561495662548
2015,pit,448609,"Sipp, Tony",1.7964850876325638,0.9110235837588135,5.0,11.351561495662548,9.081249196530038,14.189451869578185,5,448609,"Sipp, Tony",5,11.351561495662548
2015,pit,519301,"Solís, Sammy",3.047735920352267,0.9704157549234136,5.0,11.351561495662548,9.081249196530038,14.189451869578185,5,519301,"Solís, Sammy",5,11.351561495662548
2015,pit,519326,"Strickland, Hunter",1.9065693993505897,0.9202625820568928,5.0,11.351561495662548,9.081249196530038,14.189451869578185,5,519326,"Strickland, Hunter",5,11.351561495662548
2015,pit,571479,"Bellatti, Andrew",2.467467035184209,0.9503330902017991,5.0,11.351561495662548,9.081249196530038,14.189451869578185,5,571479,"Bellatti, Andrew",5,11.351561495662548
2015,pit,543094,"Decker, Jaff",3.0329245780312366,0.9700072939460248,5.0,11.351561495662548,9.081249196530038,14.189451869578185,5,543094,"Decker, Jaff",5,11.351561495662548
2015,pit,502026,"Jeffress, Jeremy",4.528700726112622,0.9854121079504011,5.0,11.351561495662548,9.081249196530038,14.189451869578185,5,502026,"Jeffress, Jeremy",5,11.351561495662548
2015,pit,502083,"McAllister, Zach",2.856016849998677,0.9656892778993436,5.0,11.351561495662548,9.081249196530038,14.189451869578185,5,502083,"McAllister, Zach",5,11.351561495662548
2015,pit,547973,"Chapman, Aroldis",2.6606541306072935,0.9580452224653537,5.0,11.351561495662548,9.081249196530038,14.189451869578185,5,547973,"Chapman, Aroldis",5,11.351561495662548
2015,pit,553878,"Vázquez, Felipe",2.8528687667316404,0.9656309263311451,5.0,11.351561495662548,9.081249196530038,14.189451869578185,5,553878,"Vázquez, Felipe",5,11.351561495662548
2015,pit,554340,"García, Yimi",1.8179357773336215,0.912618526622903,5.0,11.351561495662548,9.081249196530038,14.189451869578185,5,554340,"García, Yimi",5,11.351561495662548
2015,pit,570663,"Robles, Hansel",2.6814225079190264,0.9588718696814977,5.0,11.351561495662548,9.081249196530038,14.189451869578185,5,570663,"Robles, Hansel",5,11.351561495662548
2015,pit,501822,"Hatcher, Chris",1.872212880348673,0.9173255531242402,5.0,11.351561495662548,9.081249196530038,14.189451869578185,5,501822,"Hatcher, Chris",5,11.351561495662548
2015,pit,429780,"Narveson, Chris",2.2223013094718715,0.9404424993921712,5.0,11.351561495662548,9.081249196530038,14.189451869578185,5,429780,"Narveson, Chris",5,11.351561495662548
2015,pit,445060,"Nolasco, Ricky",3.064835108163144,0.9708922927303671,5.0,11.351561495662548,9.081249196530038,14.189451869578185,5,445060,"Nolasco, Ricky",5,11.351561495662548
2015,pit,445197,"Dunn, Mike",2.8690531984524643,0.9660782883539996,5.0,11.351561495662548,9.081249196530038,14.189451869578185,5,445197,"Dunn, Mike",5,11.351561495662548
2015,pit,446099,"Axford, John",1.8017153665507317,0.9114612205203014,5.0,11.351561495662548,9.081249196530038,14.189451869578185,5,446099,"Axford, John",5,11.351561495662548
2015,pit,448179,"Hill, Rich",2.5114442891045563,0.9521614393386822,5.0,11.351561495662548,9.081249196530038,14.189451869578185,5,448179,"Hill, Rich",5,11.351561495662548
2015,pit,544931,"Strasburg, Stephen",2.671567132186812,0.9584439581813762,5.0,11.351561495662548,9.081249196530038,14.189451869578185,5,544931,"Strasburg, Stephen",5,11.351561495662548
2015,pit,554340,"García, Yimi",2.69937130136586,0.9596498905908096,5.0,11.351561495662548,9.081249196530038,14.189451869578185,5,554340,"García, Yimi",5,11.351561495662548
2015,pit,571710,"Givens, Mychal",3.255738978681311,0.9736542669584245,5.0,11.351561495662548,9.081249196530038,14.189451869578185,5,571710,"Givens, Mychal",5,11.351561495662548
2015,pit,571927,"Matz, Steven",1.9681978916343412,0.9245903233649404,5.0,11.351561495662548,9.081249196530038,14.189451869578185,5,571927,"Matz, Steven",5,11.351561495662548
2015,pit,592454,"Kahnle, Tommy",1.85098359492287,0.9156236323851203,5.0,11.351561495662548,9.081249196530038,14.189451869578185,5,592454,"Kahnle, Tommy",5,11.351561495662548
2015,pit,592665,"Reed, Addison",2.650387658788117,0.9574228057379042,5.0,11.351561495662548,9.081249196530038,14.189451869578185,5,592665,"Reed, Addison",5,11.351561495662548
2015,pit,572102,"Sampson, Keyvius",3.477849057828971,0.9765718453683443,5.0,11.351561495662548,9.081249196530038,14.189451869578185,5,572102,"Sampson, Keyvius",5,11.351561495662548
2015,pit,502381,"Gregerson, Luke",2.0509075398958676,0.9295307561390712,5.0,11.351561495662548,9.081249196530038,14.189451869578185,5,502381,"Gregerson, Luke",5,11.351561495662548
2015,pit,514669,"Martín, Rafael",4.163675038055005,0.9827960126428398,5.0,11.351561495662548,9.081249196530038,14.189451869578185,5,514669,"Martín, Rafael",5,11.351561495662548
2015,pit,515052,"Guaipe, Mayckol",1.6704065567168498,0.9007926088013616,5.0,11.351561495662548,9.081249196530038,14.189451869578185,5,515052,"Guaipe, Mayckol",5,11.351561495662548
2015,pit,516969,"Herrera, Kelvin",1.783411900755657,0.9097787503039144,5.0,11.351561495662548,9.081249196530038,14.189451869578185,5,516969,"Herrera, Kelvin",5,11.351561495662548
2015,pit,502085,"Robertson, David",3.4817128646903397,0.9766107464138098,5.0,11.351561495662548,9.081249196530038,14.189451869578185,5,502085,"Robertson, David",5,11.351561495662548
2015,pit,502087,"Chapman, Kevin",2.9605362363483656,0.9686943836615609,5.0,11.351561495662548,9.081249196530038,14.189451869578185,5,502087,"Chapman, Kevin",5,11.351561495662548
2015,pit,433586,"Casilla, Santiago",2.079837441057412,0.9315633357646487,5.0,11.351561495662548,9.081249196530038,14.189451869578185,5,433586,"Casilla, Santiago",5,11.351561495662548
2015,pit,520980,"Báez, Pedro",3.5583704770183635,0.9777972283005105,5.0,11.351561495662548,9.081249196530038,14.189451869578185,5,520980,"Báez, Pedro",5,11.351561495662548
2015,pit,608349,"Knebel, Corey",3.0386988929083203,0.9702115244347191,5.0,11.351561495662548,9.081249196530038,14.189451869578185,5,608349,"Knebel, Corey",5,11.351561495662548
2015,pit,605169,"Capps, Carter",2.8393042109999045,0.9653975200583516,5.0,11.351561495662548,9.081249196530038,14.189451869578185,5,605169,"Capps, Carter",5,11.351561495662548
2015,pit,542266,"Contreras, Carlos",2.019448615066385,0.9275565280816922,5.0,11.351561495662548,9.081249196530038,14.189451869578185,5,542266,"Contreras, Carlos",5,11.351561495662548
2015,pit,519242,"Sale, Chris",1.9049680766308115,0.9201167031363968,5.0,11.351561495662548,9.081249196530038,14.189451869578185,5,519242,"Sale, Chris",5,11.351561495662548
2015,pit,519267,"Scribner, Evan",3.1650544765296287,0.9725553124240214,5.0,11.351561495662548,9.081249196530038,14.189451869578185,5,519267,"Scribner, Evan",5,11.351561495662548
2015,pit,516969,"Herrera, Kelvin",2.0357101598123224,0.9284512521274009,5.0,11.351561495662548,9.081249196530038,14.189451869578185,5,516969,"Herrera, Kelvin",5,11.351561495662548
2015,pit,519322,"Storen, Drew",2.145703525564784,0.9357646486749331,5.0,11.351561495662548,9.081249196530038,14.189451869578185,5,519322,"Storen, Drew",5,11.351561495662548
2015,pit,519326,"Strickland, Hunter",2.2941030837672445,0.9436421103817165,5.0,11.351561495662548,9.081249196530038,14.189451869578185,5,519326,"Strickland, Hunter",5,11.351561495662548
2015,pit,518875,"Kelley, Shawn",6.172622360250125,0.9924629224410406,5.0,11.351561495662548,9.081249196530038,14.189451869578185,5,518875,"Kelley, Shawn",5,11.351561495662548
2015,pit,518886,"Kimbrel, Craig",8.227717177261152,0.9981424750790178,5.0,11.351561495662548,9.081249196530038,14.189451869578185,5,518886,"Kimbrel, Craig",5,11.351561495662548
2015,pit,572403,"VerHagen, Drew",2.0543361197442094,0.9296960855823,5.0,11.351561495662548,9.081249196530038,14.189451869578185,5,572403,"VerHagen, Drew",5,11.351561495662548
2015,pit,573109,"Ramos, AJ",3.530089947392129,0.977320690493557,5.0,11.351561495662548,9.081249196530038,14.189451869578185,5,573109,"Ramos, AJ",5,11.351561495662548
