player_id,player_name,team,pos
408234,"Gausman, Kevin",,
443558,"Suter, Brent",,
444482,"Jameson, Drey",,
446334,"Grove, Michael",,
453568,"Martinez, Nick",,
455117,"Cease, Dylan",,
456781,"Fried, Max",,
457705,"Greene, Hunter",,
457759,"Bautista, Félix",,
458015,"Burnes, Corbin",,
462101,"Javier, Cristian",,
467793,"Rodriguez, Eduardo",,
474832,"Flaherty, Jack",,
493329,"Williams, Trevor",,
500743,"Anderson, Tyler",,
500871,"Garrett, Braxton",,
501303,"Manning, Matt",,
502054,"Valdez, Framber",,
502110,"Bumgarner, Madison",,
502671,"Manoah, Alek",,
506702,"Assad, Javier",,
514917,"Kuhl, Chad",,
516416,"Peterson, David",,
516472,"Zabala, Aneurys",,
516782,"Alcantara, Sandy",,
518542,"Baragar, Caleb",,
518586,"Perdomo, Angel",,
518595,"Corbin, Patrick",,
518626,"Maeda, Kenta",,
518692,"Jameson, Drey",,
518735,"Valdez, Framber",,
518792,"Hughes, Gabriel",,
518934,"Francis, Bowden",,
519058,"Wacha, Michael",,
519203,"Webb, Logan",,
519303,"Kikuchi, Yusei",,
519317,"Wells, Tyler",,
521692,"Eovaldi, Nathan",,
527038,"Cole, Gerrit",,
534606,"Fried, Max",,
541645,"Helsley, Ryan",,
541650,"Hill, Rich",,
542194,"Shreve, Chasen",,
542208,"Junis, Jakob",,
542303,"Maeda, Kenta",,
542364,"Nola, Aaron",,
542583,"Ohtani, Shohei",,
542932,"Leahy, Kyle",,
542963,"Gardea, Dario",,
543063,"Kaprielian, James",,
543068,"Martinez, Nick",,
543228,"Clevinger, Mike",,
543257,"Singer, Brady",,
543281,"Kikuchi, Yusei",,
543305,"Maeda, Kenta",,
543308,"Bradish, Kyle",,
543309,"Gore, MacKenzie",,
543333,"Strzelecki, Peter",,
543482,"Peralta, Wandy",,
543510,"Marte, Yunior",,
543543,"Nola, Aaron",,
543592,"Márquez, Germán",,
543685,"Syndergaard, Noah",,
543760,"Nola, Aaron",,
543807,"Mikolas, Miles",,
543877,"Cole, Gerrit",,
543939,"Bieber, Shane",,
544725,"Overton, Connor",,
545121,"Luzardo, Jesús",,
545350,"Muller, Kyle",,
545358,"Webb, Logan",,
545361,"Kershaw, Clayton",,
546994,"Williams, Trevor",,
547172,"Keller, Mitch",,
547379,"Syndergaard, Noah",,
547982,"Lambert, Jimmy",,
547989,"Giolito, Lucas",,
553869,"Detmers, Reid",,
553882,"Castano, Daniel",,
553988,"Yacabonis, Jimmy",,
553993,"Civale, Aaron",,
570481,"Overton, Connor",,
570482,"Pepiot, Ryan",,
570560,"Ober, Bailey",,
570731,"Gausman, Kevin",,
571431,"Flaherty, Jack",,
571448,"Gausman, Kevin",,
571466,"Woodruff, Brandon",,
571657,"Fried, Max",,
571679,"Hughes, Gabriel",,
571740,"Guerra, Javy",,
571771,"Gibson, Kyle",,
571875,"Oller, Adam",,
571912,"Gallen, Zac",,
571970,"Gallen, Zac",,
571976,"Keller, Mitch",,
571980,"Honeywell, Brent",,
572008,"Skirrow, Noah",,
572039,"Syndergaard, Noah",,
572041,"Snell, Blake",,
572138,"Estévez, Carlos",,
572191,"Fleming, Josh",,
572204,"Bumgarner, Madison",,
572228,"Steele, Justin",,
572233,"Greene, Hunter",,
572287,"Castillo, Luis",,
572761,"Ureña, José",,
572816,"Flaherty, Jack",,
573131,"Castano, Daniel",,
573262,"Cole, Gerrit",,
575929,"Rogers, Trevor",,
578428,"Williams, Trevor",,
578570,"Megill, Tylor",,
588751,"Arias, Skylar",,
592144,"Mahle, Tyler",,
592178,"Peralta, Freddy",,
592192,"Hudson, Dakota",,
592200,"Gallen, Zac",,
592205,"Springs, Jeffrey",,
592206,"Bassitt, Chris",,
592261,"Wilson, Steven",,
592273,"Ureña, José",,
592325,"Gray, Sonny",,
592348,"Oviedo, Johan",,
592450,"Nola, Aaron",,
592518,"Freeland, Kyle",,
592567,"Del Rosario, Joelvis",,
592626,"Cole, Gerrit",,
592656,"Freeland, Kyle",,
592660,"Gomber, Austin",,
592663,"Wentz, Joey",,
592669,"Fujinami, Shintaro",,
592696,"Gray, Josiah",,
592885,"Steele, Justin",,
593160,"Brubaker, JT",,
593428,"Márquez, Germán",,
593528,"Biddle, Jesse",,
593643,"Overton, Connor",,
593993,"Suarez, José",,
594694,"López, Pablo",,
594777,"Plesac, Zach",,
594807,"Kremer, Dean",,
594953,"Ortiz, Luis F.",,
595281,"Brito, Jhony",,
595284,"Norwood, James",,
595453,"Graterol, Brusdar",,
595751,"Cobb, Trey",,
595879,"Contreras, Roansy",,
595909,"Eovaldi, Nathan",,
595943,"Quantrill, Cal",,
595956,"Gilbert, Logan",,
595978,"Greene, Hunter",,
596019,"Luzardo, Jesús",,
596059,"Canning, Griffin",,
596103,"Kirby, George",,
596117,"Hernandez, Adrian",,
596129,"Patiño, Luis",,
596146,"Hill, Rich",,
596451,"Gallen, Zac",,
596847,"Gausman, Kevin",,
598265,"Weathers, Ryan",,
600301,"Megill, Tylor",,
600303,"Plesac, Zach",,
600474,"Johnson, Pierce",,
600869,"Fried, Max",,
600902,"Chargois, JT",,
602074,"Wacha, Michael",,
602104,"Sale, Chris",,
605113,"Quantrill, Cal",,
605119,"Steele, Justin",,
605131,"Bumgarner, Madison",,
605137,"Castillo, Luis",,
605141,"Gallen, Zac",,
605170,"Hollowell, Gavin",,
605204,"Syndergaard, Noah",,
605244,"Manoah, Alek",,
605353,"Poche, Colin",,
605361,"Mears, Nick",,
605421,"Stratton, Chris",,
605512,"Koch, Matt",,
605548,"Greinke, Zack",,
605612,"Snell, Blake",,
606115,"Manning, Matt",,
606132,"Bautista, Félix",,
606192,"Gaddis, Hunter",,
606299,"Valdez, Framber",,
606466,"May, Dustin",,
606988,"Pearson, Nate",,
606992,"Liberatore, Matthew",,
606993,"Blach, Ty",,
607043,"Luzardo, Jesús",,
607054,"Stripling, Ross",,
607208,"Bassitt, Chris",,
607461,"Feltner, Ryan",,
607680,"Houck, Tanner",,
607732,"Scherzer, Max",,
608070,"Castillo, Luis",,
608324,"Flaherty, Jack",,
608336,"Fleming, Josh",,
608348,"Ureña, José",,
608369,"Nola, Aaron",,
608385,"Stroman, Marcus",,
608577,"Velasquez, Vince",,
608596,"Plesac, Zach",,
608671,"Harrison, Josh",,
608700,"Crick, Kyle",,
608701,"Shuster, Jared",,
608703,"Freeland, Kyle",,
608841,"Cortes, Nestor",,
609274,"Barria, Jaime",,
609280,"Sanchez, Aaron",,
613546,"Navarro, Edgar",,
613564,"Keller, Mitch",,
614173,"Cole, Gerrit",,
614177,"Márquez, Germán",,
620439,"Zabala, Aneurys",,
620442,"Jackson, Jay",,
620443,"Bush, Matt",,
621002,"Schmidt, Clarke",,
621005,"Ashcraft, Graham",,
621008,"Brigham, Jeff",,
621011,"Rogers, Josh",,
621020,"Woodruff, Brandon",,
621028,"Freeland, Kyle",,
621035,"Detmers, Reid",,
621043,"Greinke, Zack",,
621311,"Márquez, Germán",,
621433,"Webb, Logan",,
621439,"Kikuchi, Yusei",,
621450,"Ragans, Cole",,
621453,"Seabold, Connor",,
621458,"Woodruff, Brandon",,
621466,"Kelly, Kevin",,
621493,"Syndergaard, Noah",,
621512,"Luzardo, Jesús",,
621529,"Cisnero, José",,
621532,"Berríos, José",,
621545,"Overton, Connor",,
621550,"Burnes, Corbin",,
621563,"Matz, Steven",,
621566,"Corbin, Patrick",,
622046,"Bigge, Hunter",,
622100,"Lodolo, Nick",,
622110,"Pérez, Martín",,
622168,"Quantrill, Cal",,
622534,"Kluber, Corey",,
622569,"Rogers, Taylor",,
622682,"McKenzie, Triston",,
622700,"Verlander, Justin",,
622761,"Sale, Chris",,
623168,"Skirrow, Noah",,
623205,"Hendrix, Ryan",,
623507,"Mahle, Tyler",,
623520,"Plesac, Zach",,
623912,"Rodriguez, Eduardo",,
623993,"Sale, Chris",,
624413,"Alcantara, Sandy",,
624414,"Gibson, Kyle",,
624415,"Falter, Bailey",,
624417,"Koch, Matt",,
624424,"Kaprielian, James",,
624428,"Kluber, Corey",,
624431,"Webb, Logan",,
624503,"Fleming, Josh",,
624512,"Gibson, Kyle",,
624513,"Brooks, Aaron",,
624585,"Megill, Tylor",,
624641,"Manoah, Alek",,
628451,"Liberatore, Matthew",,
630105,"Márquez, Germán",,
640449,"Martinez, Nick",,
640457,"Germán, Domingo",,
640458,"Megill, Tylor",,
640459,"Fujinami, Shintaro",,
640460,"Brasier, Ryan",,
640461,"Burnes, Corbin",,
640492,"Freeland, Kyle",,
640902,"Aleman, Franco",,
641313,"Javier, Cristian",,
641323,"Raeth, Stefan",,
641343,"Nola, Aaron",,
641355,"Woodruff, Brandon",,
641385,"Ferguson, Tyler",,
641432,"Maeda, Kenta",,
641468,"Thielbar, Caleb",,
641470,"Gallen, Zac",,
641487,"Karinchak, James",,
641505,"Cleavinger, Garrett",,
641511,"Hall, DL",,
641512,"Kaprielian, James",,
641521,"Barger, Alec",,
641525,"deGrom, Jacob",,
641531,"Henry, Tommy",,
641552,"Barber, Albertus",,
641553,"Steele, Justin",,
641569,"Houser, Adrian",,
641584,"Keller, Mitch",,
641598,"Martinez, Nick",,
641645,"Patiño, Luis",,
641658,"Carrasco, Carlos",,
641680,"Lyles, Jordan",,
641684,"Krehbiel, Joey",,
641779,"Verlander, Justin",,
641786,"Urías, Julio",,
641796,"Valdez, Framber",,
641820,"Burnes, Corbin",,
641856,"Manning, Matt",,
641857,"Wacha, Michael",,
641924,"Bush, Matt",,
641933,"Rogers, Trevor",,
641938,"Winckowski, Josh",,
641945,"Scott, Tayler",,
642002,"Adcock, Ty",,
642020,"Mears, Nick",,
642021,"Brigham, Jeff",,
642082,"Bristo, Braden",,
642086,"Alcantara, Sandy",,
642133,"Stroman, Marcus",,
642134,"Biddle, Jesse",,
642136,"Webb, Logan",,
642137,"Castillo, Luis",,
642165,"Detmers, Reid",,
642180,"Rogers, Taylor",,
642197,"Adams, Mike",,
642201,"Springs, Jeffrey",,
642215,"Turnbull, Spencer",,
642221,"Plesac, Zach",,
642336,"Scherzer, Max",,
642350,"Schmidt, Clarke",,
642423,"Manning, Matt",,
642451,"Abad, Fernando",,
642456,"Sborz, Josh",,
642708,"Castillo, Luis",,
642715,"Steele, Justin",,
642727,"Martin, Davis",,
642731,"Kaprielian, James",,
642851,"Steckenrider, Drew",,
643217,"Javier, Cristian",,
643265,"Megill, Tylor",,
643271,"Chirinos, Yonny",,
643289,"Cease, Dylan",,
643348,"Holderman, Colin",,
643376,"Mahle, Tyler",,
643393,"Sandoval, Patrick",,
643396,"Gore, MacKenzie",,
643446,"Alcantara, Sandy",,
643549,"Bigge, Hunter",,
643565,"Kaprielian, James",,
643603,"Kikuchi, Yusei",,
644374,"McSteen, Jake",,
645277,"Houck, Tanner",,
645302,"Flaherty, Jack",,
645305,"Knight, Dusten",,
645444,"Estévez, Carlos",,
645801,"Diehl, Phillip",,
646240,"Gibson, Kyle",,
647255,"Hernández, Jonathan",,
647304,"Castillo, Luis",,
647351,"Fujinami, Shintaro",,
649557,"Stripling, Ross",,
649810,"Castano, Daniel",,
649955,"Cleavinger, Garrett",,
649966,"Feltner, Ryan",,
650333,"Woodford, Jake",,
650339,"Liberatore, Matthew",,
650391,"Javier, Cristian",,
650402,"Cobb, Alex",,
650489,"Keller, Mitch",,
650490,"Rodriguez, Eduardo",,
650506,"Gibaut, Ian",,
650528,"Miller, Shelby",,
650559,"Megill, Tylor",,
650619,"Gallen, Zac",,
650859,"Oller, Adam",,
650907,"Winckowski, Josh",,
650968,"Festa, Matt",,
655316,"Lopez, José",,
656180,"Flaherty, Jack",,
656185,"Holderman, Colin",,
656305,"Soto, Gregory",,
656308,"Rodriguez, Eduardo",,
656364,"Stock, Robert",,
656378,"Bain, Jeff",,
656388,"Jansen, Kenley",,
656413,"Hill, Rich",,
656448,"Hoeing, Bryan",,
656484,"Kluber, Corey",,
656495,"Bassitt, Chris",,
656509,"Festa, Matt",,
656514,"Taillon, Jameson",,
656541,"Ober, Bailey",,
656555,"Bassitt, Chris",,
656568,"Megill, Tylor",,
656582,"Lodolo, Nick",,
656627,"Ramirez, Nick",,
656666,"De La Rosa, Luis",,
656669,"Springs, Jeffrey",,
656695,"Garrett, Braxton",,
656716,"Clevinger, Mike",,
656734,"Farmer, Buck",,
656766,"Rogers, Taylor",,
656775,"Kluber, Corey",,
656811,"Velasquez, Vince",,
656821,"Lodolo, Nick",,
656883,"Feltner, Ryan",,
656896,"Tepera, Ryan",,
656941,"Bassitt, Chris",,
656967,"Snider, Collin",,
656976,"Grove, Michael",,
657010,"Mayza, Tim",,
657027,"Miller, Tyson",,
657029,"Neely, Jack",,
657041,"Luzardo, Jesús",,
657061,"Acosta, Aldry",,
657077,"Gibson, Kyle",,
657088,"Manning, Matt",,
657129,"Perdomo, Angel",,
657136,"Gillaspie, Logan",,
657144,"Doval, Camilo",,
657193,"Urías, Julio",,
657212,"Duran, Jhoan",,
657247,"Hjelle, Sean",,
657510,"Bristo, Braden",,
657562,"Moronta, Reyes",,
657656,"Stripling, Ross",,
657709,"Lopez, Jacob",,
657757,"Javier, Cristian",,
657780,"Neely, Jack",,
658069,"Maeda, Kenta",,
658652,"Maldonado, Anthony",,
658668,"Feltner, Ryan",,
658677,"Schultz, Andrew",,
660162,"Abreu, Bryan",,
660271,"Pepiot, Ryan",,
660294,"Assad, Javier",,
660613,"Hernandez, Jakob",,
660620,"Valdez, Framber",,
660634,"Greinke, Zack",,
660636,"Ureña, José",,
660644,"Gray, Sonny",,
660650,"Castillo, Luis",,
660670,"Gray, Josiah",,
660688,"Luzardo, Jesús",,
660707,"Wacha, Michael",,
660710,"Uceta, Edwin",,
660757,"Gilbert, Logan",,
660758,"Tapia, Domingo",,
660766,"Rogers, Trevor",,
660821,"Carrasco, Carlos",,
660829,"Sanchez, Aaron",,
660844,"Bivens, Spencer",,
661388,"Stroman, Marcus",,
661411,"Valdez, Framber",,
661531,"Detmers, Reid",,
661733,"Doxakis, John",,
662139,"Flaherty, Jack",,
663330,"Hjelle, Sean",,
663368,"Detmers, Reid",,
663369,"Weiss, Ryan",,
663411,"Lyles, Jordan",,
663457,"Manoah, Alek",,
663478,"Danish, Tyler",,
663503,"Barger, Alec",,
663536,"O'Brien, Riley",,
663538,"Woodruff, Brandon",,
663544,"Hill, Garrett",,
663550,"Elías, Roenis",,
663586,"Gray, Josiah",,
663600,"Armstrong, Ivan",,
663604,"Watkins, Spenser",,
663605,"Neely, Jack",,
663609,"Megill, Tylor",,
663611,"Bachman, Sam",,
663616,"Greinke, Zack",,
663618,"Weiss, Ryan",,
663624,"Kluber, Corey",,
663628,"De los Santos, Yerry",,
663630,"Velasquez, Vince",,
663647,"Lodolo, Nick",,
663656,"Lynn, Lance",,
663660,"Faucher, Calvin",,
663662,"Cole, Gerrit",,
663682,"Clase, Emmanuel",,
663697,"Hill, Rich",,
663698,"Waldichuk, Ken",,
663728,"Bieber, Shane",,
663731,"Armstrong, Ivan",,
663743,"Megill, Tylor",,
663757,"Lamet, Dinelson",,
663760,"Marinaccio, Ron",,
663796,"Nelson, Ryne",,
663799,"Schultz, Andrew",,
663837,"McClanahan, Shane",,
663845,"Flexen, Chris",,
663853,"Overton, Connor",,
663886,"Keller, Mitch",,
663891,"Pfaadt, Brandon",,
663897,"Jameson, Drey",,
663911,"Jiménez, Dany",,
663944,"Santos, Lisandro",,
663967,"Strider, Spencer",,
663968,"Nogosek, Stephen",,
663979,"De Los Santos, Enyel",,
663993,"Wheeler, Zack",,
664023,"Woodruff, Brandon",,
664029,"Guerrero, Luis",,
664034,"Bieber, Shane",,
664040,"Barger, Alec",,
664041,"Rodríguez, Wilking",,
664051,"Manning, Matt",,
664057,"Bristo, Braden",,
664058,"Ureña, José",,
664059,"Williamson, Brandon",,
664068,"Brubaker, JT",,
664104,"Houser, Adrian",,
664119,"Woodford, Jake",,
664120,"Pivetta, Nick",,
664247,"Fleming, Josh",,
664314,"Nola, Aaron",,
664332,"Verlander, Justin",,
664334,"McClure, Kade",,
664670,"Jackson, Zach",,
664702,"Castillo, Luis",,
664728,"Pérez, Martín",,
664731,"Greinke, Zack",,
664753,"Garrett, Braxton",,
664761,"Kikuchi, Yusei",,
664762,"Reindl, Jake",,
664770,"Garnett, Tristan",,
664774,"Cole, Gerrit",,
664848,"Cobb, Trey",,
664850,"Fujinami, Shintaro",,
664874,"Urquidy, José",,
664901,"Hudson, Dakota",,
664913,"Stripling, Ross",,
664926,"Richards, Trevor",,
664954,"Ashcraft, Graham",,
664966,"McAllister, Zach",,
664983,"May, Dustin",,
665019,"Kikuchi, Yusei",,
665120,"Hand, Brad",,
665138,"Crowe, Wil",,
665154,"Syndergaard, Noah",,
665155,"Criswell, Cooper",,
665161,"Cease, Dylan",,
665173,"Harris, Hobie",,
665180,"Ryan, Joe",,
665487,"Seabold, Connor",,
665489,"Flaherty, Jack",,
665506,"Ragans, Cole",,
665648,"Kriske, Brooks",,
665651,"Suárez, Andrew",,
665742,"Márquez, Germán",,
665776,"Sewald, Paul",,
665782,"Baumann, Mike",,
665804,"Kopech, Michael",,
665828,"Nola, Aaron",,
665833,"Lodolo, Nick",,
665834,"Mears, Nick",,
665839,"Chirinos, Yonny",,
665846,"Bellatti, Andrew",,
665856,"Gillaspie, Logan",,
665861,"Barlow, Scott",,
665862,"Williams, Trevor",,
665908,"Heller, Ben",,
665914,"Hernandez, Aaron",,
665923,"Sandoval, Patrick",,
665926,"Bumgarner, Madison",,
665940,"Smyly, Drew",,
665953,"Bellatti, Andrew",,
665966,"Francis, Bowden",,
665975,"Sands, Cole",,
665987,"Zabala, Aneurys",,
665989,"Biddle, Jesse",,
665998,"May, Trevor",,
666018,"Kluber, Corey",,
666023,"Henry, Tommy",,
666124,"Strider, Spencer",,
666134,"Keller, Brad",,
666139,"Alexander, Tyler",,
666140,"Thompson, Mason",,
666143,"Pallante, Andre",,
666149,"May, Trevor",,
666150,"Moore, Matt",,
666152,"Chirinos, Yonny",,
666160,"Ureña, José",,
666161,"Johnson, Pierce",,
666164,"Martinez, Seth",,
666165,"Davidson, Tucker",,
666176,"Davies, Zach",,
666177,"Kopech, Michael",,
666179,"Ureña, José",,
666181,"Gallen, Zac",,
666182,"Mikolas, Miles",,
666185,"Cortes, Nestor",,
666197,"Senga, Kodai",,
666397,"Cole, Gerrit",,
666464,"Brigham, Jeff",,
666624,"Lyles, Jordan",,
666712,"McHugh, Collin",,
666783,"Herrin, Tim",,
666801,"Patiño, Luis",,
666915,"Irvin, Cole",,
666969,"Bubic, Kris",,
666971,"May, Dustin",,
667240,"Hollowell, Gavin",,
667351,"Johnson, Pierce",,
667442,"Rogers, Josh",,
667452,"Ruiz, José",,
667472,"VanWey, Logan",,
667493,"Martin, Davis",,
667663,"Morillo, Juan",,
667670,"Wood, Alex",,
667690,"Gore, MacKenzie",,
668227,"Rodriguez, Eduardo",,
668472,"Feltner, Ryan",,
668577,"Nelson, Jimmy",,
668663,"Peterson, David",,
668664,"Kopech, Michael",,
668670,"Gausman, Kevin",,
668698,"Betances, Jose",,
668709,"Rooney, John",,
668715,"Hill, Rich",,
668721,"Latz, Jacob",,
668731,"Kuhl, Chad",,
668751,"Schmidt, Clarke",,
668752,"Eovaldi, Nathan",,
668756,"Bivens, Spencer",,
668787,"Warner, Austin",,
668791,"De Jong, Chase",,
668800,"Gray, Josiah",,
668804,"Patiño, Luis",,
668824,"Leiter Jr., Mark",,
668832,"King, John",,
668833,"Gray, Jon",,
668843,"Ohtani, Shohei",,
668845,"Sousa, Bennett",,
668853,"Ryan, Joe",,
668882,"De los Santos, Yerry",,
668888,"Winckowski, Josh",,
668901,"Hudson, Dakota",,
668929,"Bird, Jake",,
668930,"Feltner, Ryan",,
668939,"Kelly, Zack",,
668942,"Greinke, Zack",,
668952,"McClanahan, Shane",,
668974,"Nordlin, Seth",,
668993,"Pennington, Walter",,
669002,"Evans, Demarcus",,
669003,"Stroman, Marcus",,
669004,"Gray, Sonny",,
669015,"Coleman, Dylan",,
669016,"Bassitt, Chris",,
669023,"Alcantara, Sandy",,
669065,"Berríos, José",,
669069,"Kikuchi, Yusei",,
669087,"Kriske, Brooks",,
669127,"Wood, Alex",,
669134,"Ureña, José",,
669200,"Cyr, Tyler",,
669208,"Jones, Jordan",,
669221,"Maeda, Kenta",,
669222,"Abney, Alaska",,
669234,"Krook, Matt",,
669236,"Almonte, Yency",,
669242,"Gausman, Kevin",,
669245,"Cleavinger, Garrett",,
669257,"Jameson, Drey",,
669261,"Gausman, Kevin",,
669288,"Joyce, Ben",,
669289,"Brito, Jhony",,
669304,"Cole, Gerrit",,
669309,"Naughton, Packy",,
669352,"Sisk, Evan",,
669357,"Rogers, Trevor",,
669360,"Norwood, James",,
669369,"Kopech, Michael",,
669374,"Gilbert, Logan",,
669377,"Acevedo, Domingo",,
669384,"Kauffmann, Karl",,
669386,"Cox, Austin",,
669392,"Familia, Jeurys",,
669394,"Peralta, Freddy",,
669397,"Ragans, Cole",,
669398,"Misiewicz, Anthony",,
669413,"Cox, Austin",,
669450,"Del Rosario, Joelvis",,
669471,"Jameson, Drey",,
669477,"Davidson, Tucker",,
669699,"Maeda, Kenta",,
669701,"Wheeler, Zack",,
669702,"Moreta, Dauri",,
669717,"Jiménez, Dany",,
669720,"Sale, Chris",,
669722,"Middendorf, Ryan",,
669742,"Bassitt, Chris",,
669743,"Alcantara, Sandy",,
669899,"Garcia, Rico",,
669911,"Bieber, Shane",,
669945,"Skirrow, Noah",,
670032,"Gray, Sonny",,
670042,"Scherzer, Max",,
670092,"Ragans, Cole",,
670097,"Falter, Bailey",,
670113,"Pivetta, Nick",,
670128,"Ashcraft, Graham",,
670148,"Bigge, Hunter",,
670156,"Burnes, Corbin",,
670190,"Megill, Trevor",,
670192,"Reindl, Jake",,
670223,"Bubic, Kris",,
670224,"De los Santos, Yerry",,
670231,"Dunning, Dane",,
670237,"Martin, Davis",,
670242,"Hernandez, Jose E.",,
670276,"Castillo, Luis",,
670281,"Hill, Garrett",,
670298,"Megill, Tylor",,
670427,"Anderson, Tyler",,
670541,"Giolito, Lucas",,
670623,"Rodriguez, Eduardo",,
670712,"Feltner, Ryan",,
670764,"Alexander, Tyler",,
670770,"Keller, Mitch",,
670868,"Sherriff, Ryan",,
670869,"Webb, Logan",,
670870,"Gomez, Michael",,
671056,"McFarland, T.J.",,
671083,"Mikolajchak, Nick",,
671088,"Domínguez, Seranthony",,
671113,"Lee, Dylan",,
671117,"Conn, Devin",,
671213,"Gibson, Kyle",,
671218,"Keller, Brad",,
671250,"Church, Marc",,
671271,"Faedo, Alex",,
671272,"Martinez, Nick",,
671277,"Strider, Spencer",,
671284,"Coleman, Dylan",,
671286,"Eveld, Tommy",,
671287,"De los Santos, Yerry",,
671289,"Gallen, Zac",,
671495,"Boxberger, Brad",,
671732,"Castillo, Diego",,
671739,"Corbin, Patrick",,
671976,"Zamora, Daniel",,
672012,"Saalfrank, Andrew",,
672016,"Robinson, Cam",,
672018,"Skirrow, Noah",,
672275,"Lovelady, Richard",,
672279,"Castro, Miguel",,
672284,"Plesac, Zach",,
672356,"Castillo, Luis",,
672359,"O'Brien, Riley",,
672361,"Buttrey, Ty",,
672386,"Falter, Bailey",,
672457,"Karinchak, James",,
672463,"Kimbrel, Craig",,
672478,"Castillo, Luis",,
672479,"Alvarado, José",,
672515,"Anderson, Tyler",,
672537,"Hicks, Jordan",,
672566,"Yacabonis, Jimmy",,
672569,"Honeywell, Brent",,
672580,"Henry, Tommy",,
672596,"López, Reynaldo",,
672613,"Cleavinger, Garrett",,
672635,"Horn, Bailey",,
672640,"Mahle, Tyler",,
672642,"O'Reilly, John",,
672656,"Alcala, Jorge",,
672695,"Quantrill, Cal",,
672701,"Verlander, Justin",,
672724,"Matz, Steven",,
672733,"Blach, Ty",,
672775,"Staumont, Josh",,
672779,"Strahm, Matt",,
672823,"Uelmen, Erich",,
672850,"Espino, Paolo",,
672905,"Quezada, Johan",,
673036,"Sousa, Bennett",,
673045,"De La Rosa, Rubby",,
673237,"Giolito, Lucas",,
673357,"Valdez, Framber",,
673476,"Verlander, Justin",,
673490,"Canning, Griffin",,
673516,"Verlander, Justin",,
673893,"Bowden, Ben",,
673962,"Bellatti, Andrew",,
673995,"Miller, Tyson",,
674646,"Johnson, Pierce",,
674671,"Henry, Tommy",,
674913,"Romano, Jordan",,
674951,"Hill, Garrett",,
675448,"Zamora, Daniel",,
675455,"McGough, Scott",,
675649,"Verlander, Justin",,
675656,"Llovera, Mauricio",,
675662,"Miller, Tyson",,
675910,"McSteen, Jake",,
675915,"Alldred, Cam",,
675925,"Kimbrel, Craig",,
675961,"Wisler, Matt",,
675980,"Thompson, Mason",,
675986,"Greene, Hunter",,
675994,"Martinez, Jordi",,
676002,"Sulser, Cole",,
676004,"Leasure, Jordan",,
676021,"Heller, Ben",,
676024,"Marinaccio, Ron",,
676059,"Berríos, José",,
676113,"Hjelle, Sean",,
676116,"Stripling, Ross",,
676198,"Brieske, Beau",,
676203,"Horn, Bailey",,
676205,"Alexander, Tyler",,
676280,"Killgore, Keylan",,
676288,"Romano, Jordan",,
676309,"Falter, Bailey",,
676356,"Wood, Alex",,
676369,"Plesac, Zach",,
676391,"Bellatti, Andrew",,
676419,"Garcia, Pedro",,
676423,"Martinez, Jordi",,
676439,"Koch, Matt",,
676473,"Bird, Jake",,
676475,"Gray, Josiah",,
676480,"Gallen, Zac",,
676572,"Cooke, Connor",,
676595,"Cease, Dylan",,
676609,"Plesac, Zach",,
676625,"Garrett, Braxton",,
676628,"Keller, Mitch",,
676632,"Cabrera, Edward",,
676667,"Loutos, Ryan",,
676678,"Bowden, Ben",,
676679,"Kopech, Michael",,
676694,"Lynn, Lance",,
676701,"Bieber, Shane",,
676733,"Faucher, Calvin",,
676759,"Rogers, Josh",,
676761,"Bautista, Félix",,
676801,"Flaherty, Jack",,
676803,"Ginkel, Kevin",,
676847,"Acevedo, Domingo",,
676914,"De los Santos, Yerry",,
676939,"Sharpe, Davis",,
676946,"Gomber, Austin",,
677008,"Mahle, Tyler",,
677060,"Elliott, Jake",,
677068,"Hernández, Carlos",,
677319,"Garcia, Bryan",,
677356,"McKay, Tyler",,
677551,"Walker, Taijuan",,
677570,"Martinez, Justin",,
677578,"Bard, Daniel",,
677583,"Flynn, Michael",,
677587,"Gallen, Zac",,
677588,"Kauffmann, Karl",,
677594,"Bieber, Shane",,
677595,"Thompson, Mason",,
677599,"Lindow, Ethan",,
677605,"Herrin, Tim",,
677649,"Singer, Brady",,
677690,"Miller, Tyson",,
677800,"Faucher, Calvin",,
677870,"Irvin, Cole",,
677928,"Garcia, Pedro",,
677941,"Davies, Zach",,
677950,"May, Dustin",,
677951,"López, Pablo",,
677954,"Davis, Austin",,
677956,"Abney, Alaska",,
678006,"Killgore, Keylan",,
678009,"Kuhl, Chad",,
678225,"Skirrow, Noah",,
678232,"Sweet, Devin",,
678246,"Anderson, Tyler",,
678285,"Clevinger, Mike",,
678323,"Abad, Fernando",,
678362,"McClanahan, Shane",,
678391,"Moore, Matt",,
678534,"Garrett, Reed",,
678636,"Lamet, Dinelson",,
678648,"Oller, Adam",,
678662,"Detmers, Reid",,
678689,"Labaut, Randy",,
678742,"Barber, Albertus",,
678760,"Estévez, Carlos",,
678803,"Alvarado, José",,
678837,"Armstrong, Ivan",,
678841,"Hofmann, Logan",,
678854,"Zabala, Aneurys",,
678882,"Chirinos, Yonny",,
678900,"Martin, Chris",,
678926,"Kikuchi, Yusei",,
678962,"Freeland, Kyle",,
679027,"Zarbnisky, Braden",,
679529,"Wheeler, Zack",,
679553,"Reindl, Jake",,
679631,"Velasquez, Vince",,
679663,"Lehman, Taylor",,
679734,"Bieber, Shane",,
679736,"Junis, Jakob",,
679741,"Baragar, Caleb",,
679754,"Hader, Josh",,
679821,"Leahy, Kyle",,
679822,"Lyles, Jordan",,
679845,"Weathers, Ryan",,
679881,"Barria, Jaime",,
679938,"Muller, Chris",,
679972,"Gomez, Rio",,
680118,"Henry, Tommy",,
680244,"Flaherty, Jack",,
680396,"Hendrix, Ryan",,
680418,"Allen, Logan",,
680421,"Bigge, Hunter",,
680438,"Perkins, Jack",,
680474,"Graveman, Kendall",,
680518,"Jones, Stephen",,
680552,"Guerrero, Luis",,
680571,"Ort, Kaleb",,
680574,"Freeland, Kyle",,
680577,"McSteen, Jake",,
680631,"Ramirez, Nick",,
680671,"Cruz, Steven",,
680672,"Grace, Regi",,
680683,"Vennaro, Zach",,
680690,"Nelson, Ryne",,
680693,"Armstrong, Ivan",,
680700,"Gallen, Zac",,
680709,"Barnes, Matt",,
680710,"Ryan, Joe",,
680711,"Armstrong, Ivan",,
680716,"Lyles, Jordan",,
680718,"Holmes, Clay",,
680719,"Lugo, Moises",,
680722,"Stratton, Chris",,
680728,"Mayers, Mike",,
680753,"Frías, Luis",,
680757,"Castillo, Luis",,
680769,"Mears, Nick",,
680776,"Oviedo, Johan",,
680777,"Oviedo, Johan",,
680799,"Hernandez, Jose E.",,
680814,"Garcia, Bryan",,
680837,"Lehman, Taylor",,
680846,"Kopech, Michael",,
680852,"García, Yimi",,
680869,"May, Dustin",,
680874,"Brigham, Jeff",,
680881,"Vasquez, Andrew",,
680890,"Varland, Gus",,
680910,"Mejía, J.C.",,
680911,"Feltner, Ryan",,
680918,"Stratton, Chris",,
680932,"Bello, Brayan",,
680938,"Blackwood, Nolan",,
680963,"Betances, Jose",,
680971,"Hader, Josh",,
680977,"Manoah, Alek",,
681047,"Dunning, Dane",,
681068,"Miller, Tyson",,
681082,"Bassitt, Chris",,
681123,"Biddle, Jesse",,
681132,"Kelly, Kevin",,
681134,"Knight, Dusten",,
681142,"Abney, Alaska",,
681143,"Gibaut, Ian",,
681146,"Castillo, Luis",,
681159,"Cimber, Adam",,
681184,"Knight, Dusten",,
681198,"Cisnero, José",,
681230,"Kopech, Michael",,
681259,"Leiter Jr., Mark",,
681297,"Cole, Gerrit",,
681323,"McClanahan, Shane",,
681326,"Kikuchi, Yusei",,
681351,"Davies, Zach",,
681370,"Nordlin, Seth",,
681371,"Diaz, Indigo",,
681377,"Tomioka, Shohei",,
681393,"Contreras, Roansy",,
681400,"Cobb, Trey",,
681466,"Tomioka, Shohei",,
681468,"Lehman, Taylor",,
681481,"Eflin, Zach",,
681488,"Strider, Spencer",,
681495,"Brasier, Ryan",,
681508,"Head, Louis",,
681526,"Shaw, Bryan",,
681546,"Jameson, Drey",,
681580,"Petit, RJ",,
681584,"Schmidt, Clarke",,
681623,"Santos, Gregory",,
681679,"Thompson, Mason",,
681715,"Duran, Jhoan",,
681807,"Kauffmann, Karl",,
681831,"Minaya, Juan",,
681862,"Chentouf, Yaya",,
681888,"Russell, Matt",,
681909,"Stewart, Brock",,
681962,"Mahle, Tyler",,
681987,"Henry, Tommy",,
682039,"Duffey, Tyler",,
682040,"Richards, Trevor",,
682073,"Lynn, Lance",,
682109,"Megill, Tylor",,
682119,"Brebbia, John",,
682182,"Misiewicz, Anthony",,
682183,"Estévez, Carlos",,
682187,"Kikuchi, Yusei",,
682192,"Thompson, Mason",,
682210,"Adcock, Ty",,
682265,"Jones, Stephen",,
682266,"Davidson, Tucker",,
682452,"Maldonado, Anthony",,
682515,"Allen, Logan",,
682618,"McSteen, Jake",,
682619,"Mahle, Tyler",,
682621,"Chafin, Andrew",,
682622,"Muller, Kyle",,
682626,"Brazobán, Huascar",,
682628,"Burdi, Nick",,
682630,"Tyranski, Mitchell",,
682631,"Acton, Garrett",,
682633,"Ragans, Cole",,
682634,"Kopech, Michael",,
682641,"Kopech, Michael",,
682648,"Hernandez, Aaron",,
682650,"Mayza, Tim",,
682656,"Norwood, James",,
682657,"Nelson, Ryne",,
682668,"Acevedo, Domingo",,
682674,"Bickford, Phil",,
682679,"Richardson, Lyon",,
682682,"Hand, Brad",,
682725,"Finnegan, Kyle",,
682796,"McClanahan, Shane",,
682877,"Stumpo, Mitchell",,
682927,"Bolton, Cody",,
682928,"Rodriguez, Eduardo",,
682942,"Hernandez, Cristian",,
682947,"Hjelle, Sean",,
682983,"Baker, Trent",,
682985,"Severino, Luis",,
682987,"Adams, Mike",,
682988,"Chafin, Andrew",,
682997,"Aleman, Franco",,
682998,"Quantrill, Cal",,
683001,"Herrin, Tim",,
683002,"Kluber, Corey",,
683011,"Matz, Steven",,
683013,"Alexander, Tyler",,
683031,"Lamet, Dinelson",,
683061,"Cisnero, José",,
683090,"McClanahan, Shane",,
683103,"Hill, Garrett",,
683146,"Buttrey, Ty",,
683169,"Herb, Tyler",,
683170,"Hembree, Heath",,
683172,"Nelson, Ryne",,
683341,"Elías, Roenis",,
683357,"Kopech, Michael",,
683399,"Flynn, Michael",,
683427,"Lopez, José",,
683447,"Plassmeyer, Michael",,
683454,"Gott, Trevor",,
683469,"Granillo, Andre",,
683481,"Abad, Fernando",,
683485,"Gott, Trevor",,
683493,"Maldonado, Anthony",,
683500,"Brink, Jordan",,
683504,"Boyle, Michael",,
683536,"Wallace, Jacob",,
683539,"Holton, Tyler",,
683610,"Romano, Jordan",,
683649,"Pallante, Andre",,
683734,"Urquidy, José",,
683735,"Moreta, Dauri",,
683737,"Clarke, Taylor",,
683748,"Javier, Cristian",,
683766,"Crouse, Hans",,
683770,"Mahle, Tyler",,
684093,"Hill, Garrett",,
684222,"Stumpo, Mitchell",,
684494,"Molina, Derek",,
684495,"Roach, Dalton",,
684543,"Snider, Collin",,
684576,"Crowe, Wil",,
684712,"Snider, Collin",,
684715,"Cox, Austin",,
684852,"Hartwig, Grant",,
684922,"Bednar, David",,
685084,"Wilcox, Kyle",,
685091,"Pfaadt, Brandon",,
685096,"Armstrong, Ivan",,
685121,"Brasier, Ryan",,
685127,"Mears, Nick",,
685133,"Kelly, Michael",,
685298,"De León, José",,
685300,"Faedo, Alex",,
685301,"Romano, Jordan",,
685313,"Faedo, Alex",,
685328,"Roach, Dalton",,
685332,"Riley, Trey",,
685341,"Raeth, Stefan",,
685382,"Schultz, Andrew",,
685474,"Torres, Eric",,
685580,"Graveman, Kendall",,
685744,"Garrett, Braxton",,
686217,"Fujinami, Shintaro",,
686445,"Evans, Demarcus",,
686469,"Gray, Sonny",,
686475,"Márquez, Germán",,
686482,"Ryan, Joe",,
686490,"Falter, Bailey",,
686523,"McGough, Scott",,
686527,"Grove, Michael",,
686531,"Germán, Domingo",,
686546,"Wisler, Matt",,
686551,"Leiter Jr., Mark",,
686554,"De los Santos, Yerry",,
686555,"Acton, Garrett",,
686601,"Sherriff, Ryan",,
686619,"Muller, Chris",,
686659,"Chafin, Andrew",,
686668,"Keller, Brad",,
686673,"Stumpo, Mitchell",,
686676,"Cabrera, Edward",,
686681,"Márquez, Germán",,
686759,"Mears, Nick",,
686765,"Hernandez, Jakob",,
686770,"McGough, Scott",,
686780,"Megill, Tylor",,
686781,"Chafin, Andrew",,
686797,"Keller, Mitch",,
686798,"Bard, Daniel",,
686808,"Coleman, Dylan",,
686823,"Castillo, Luis",,
686843,"Norwood, James",,
686894,"Fujinami, Shintaro",,
686948,"Jax, Griffin",,
686956,"Schultz, Andrew",,
686958,"Mears, Nick",,
686977,"Dunning, Dane",,
686982,"Chargois, JT",,
687005,"Snider, Collin",,
687013,"Robinson, Cam",,
687019,"Faucher, Calvin",,
687020,"Alcala, Jorge",,
687036,"Finnegan, Kyle",,
687044,"Bleier, Richard",,
687066,"Miley, Wade",,
687071,"Gray, Sonny",,
687093,"Vasquez, Andrew",,
687136,"Cooke, Connor",,
687144,"Bard, Luke",,
687201,"Lange, Alex",,
687206,"Faucher, Calvin",,
687210,"Cuas, Jose",,
687221,"Garcia, Rico",,
687248,"López, Pablo",,
687263,"Vesia, Alex",,
687279,"Rucker, Michael",,
687282,"Hill, Garrett",,
687285,"De los Santos, Yerry",,
687347,"De los Santos, Yerry",,
687349,"Hernández, Jonathan",,
687363,"Barnes, Matt",,
687426,"Gardea, Dario",,
687462,"Mahle, Tyler",,
687470,"Barnes, Matt",,
687478,"Lopez, José",,
687521,"Webb, Jacob",,
687529,"Rosenberg, Kenny",,
687554,"Smyly, Drew",,
687567,"Lee, Dylan",,
687588,"Gallen, Zac",,
687597,"Brown, Zack",,
687608,"Graveman, Kendall",,
687614,"Gray, Jon",,
687625,"Middendorf, Ryan",,
687637,"Nordlin, Seth",,
687714,"Yacabonis, Jimmy",,
687724,"Perdomo, Angel",,
687833,"Russell, Matt",,
687859,"Verlander, Justin",,
687862,"Jax, Griffin",,
687867,"Feltner, Ryan",,
687930,"Suero, Wander",,
688002,"Wingenter, Trey",,
688226,"Ginkel, Kevin",,
688311,"Leahy, Kyle",,
688392,"Kerr, Ray",,
688394,"Alzolay, Adbert",,
688403,"Thompson, Zack",,
688449,"Marinaccio, Ron",,
688457,"Criswell, Jeff",,
688460,"Hill, Garrett",,
688500,"Brasier, Ryan",,
688507,"Tice, Ty",,
688658,"White, Brendan",,
688682,"Robinson, Cam",,
688714,"Holton, Tyler",,
688760,"Miller, Tyson",,
688815,"McGinness, Clayton",,
688832,"Topa, Justin",,
688869,"Senga, Kodai",,
688907,"Nelson, Ryne",,
689047,"Graveman, Kendall",,
689070,"Hader, Josh",,
689172,"Davidson, Tucker",,
689288,"Banda, Anthony",,
689302,"Kelly, Kevin",,
689374,"Johnson, Pierce",,
689456,"Brogdon, Connor",,
689651,"Molina, Anthony",,
689688,"Hembree, Heath",,
689750,"Kremer, Dean",,
689763,"Thompson, Mason",,
689880,"McClure, Kade",,
689931,"Hoffman, Nolan",,
690180,"Pfaadt, Brandon",,
690291,"Jackson, Jay",,
690448,"Politi, Andrew",,
690474,"Smith, Drew",,
690702,"Hand, Brad",,
690924,"Tapia, Domingo",,
690956,"Ginn, J.T.",,
690976,"Koch, Matt",,
690984,"Lodolo, Nick",,
690993,"Robberse, Sem",,
691001,"Bard, Daniel",,
691011,"Snider, Collin",,
691016,"Gibaut, Ian",,
691021,"Navarro, Edgar",,
691023,"Rogers, Trevor",,
691024,"Koch, Matt",,
691026,"Megill, Tylor",,
691176,"Minaya, Juan",,
691181,"Cole, Gerrit",,
691184,"Elliott, Jake",,
691185,"Lugo, Moises",,
691186,"Ginn, J.T.",,
691261,"Smith, Will",,
691267,"Valdez, Framber",,
691268,"McFarland, T.J.",,
691269,"Castro, Miguel",,
691277,"Clase, Emmanuel",,
691369,"Garrett, Reed",,
691370,"Heller, Ben",,
691373,"Heller, Ben",,
691403,"Aleman, Franco",,
691406,"Gray, Sonny",,
691407,"Strickland, Hunter",,
691408,"Richardson, Lyon",,
691409,"Farmer, Buck",,
691410,"Castro, Miguel",,
691411,"Castro, Miguel",,
691416,"Castro, Miguel",,
691419,"Blach, Ty",,
691442,"Hernández, Carlos",,
691449,"Moreta, Dauri",,
691458,"Poche, Colin",,
691503,"Sewald, Paul",,
691588,"Hicks, Jordan",,
691594,"Espino, Paolo",,
691616,"Lawrence, Justin",,
691620,"Kitchen, Austin",,
691623,"Acton, Garrett",,
691645,"Roach, Dalton",,
691718,"Kopech, Michael",,
691728,"Nelson, Ryne",,
691777,"Castillo, Diego",,
691783,"Labaut, Randy",,
691785,"Brewer, Colten",,
691797,"Thielbar, Caleb",,
691905,"Bash, Andrew",,
691919,"Jacques, Joe",,
691922,"Brink, Jordan",,
691938,"Ramirez, Nick",,
691949,"Kelly, Joe",,
691968,"Rogers, Taylor",,
692043,"Tomioka, Shohei",,
692046,"Hill, Tim",,
692222,"Stivors, Tristan",,
692348,"Clase, Emmanuel",,
692405,"Puk, A.J.",,
692422,"Ramirez, Nick",,
692497,"Garnett, Tristan",,
692568,"McClanahan, Shane",,
692585,"Claudio, Alex",,
692596,"Houser, Adrian",,
692657,"Smith-Shawver, AJ",,
693049,"Javier, Cristian",,
693304,"Mayza, Tim",,
693309,"Richardson, Lyon",,
693409,"Black, Grant",,
693486,"Clase, Emmanuel",,
693819,"Barria, Jaime",,
693850,"Lee, Dylan",,
694175,"Brigham, Jeff",,
694181,"Ortega, Oliver",,
694182,"Suárez, Andrew",,
694185,"Ort, Kaleb",,
694186,"Brink, Jordan",,
694187,"Leiter Jr., Mark",,
694191,"Stout, Eric",,
694192,"Feltner, Ryan",,
694194,"McClanahan, Shane",,
694199,"Bard, Daniel",,
694202,"Alcala, Jorge",,
694203,"Lamet, Dinelson",,
694206,"Ferguson, Tyler",,
694211,"Pérez, Andrew",,
694214,"Pennington, Walter",,
694217,"Buttrey, Ty",,
694224,"Espada, Jose",,
694230,"Kerr, Ray",,
694246,"Leahy, Kyle",,
694351,"Brigham, Jeff",,
694355,"Henry, Tommy",,
694359,"Chirinos, Yonny",,
694362,"Jiménez, Dany",,
694374,"Sewald, Paul",,
694376,"Hunter, Tommy",,
694377,"Oviedo, Johan",,
694484,"Nordlin, Seth",,
694514,"Pilarski, Jake",,
694661,"Marte, Yunior",,
694812,"Voth, Austin",,
695020,"Alcala, Jorge",,
695031,"Black, Grant",,
695238,"Naughton, Packy",,
695257,"Marinaccio, Ron",,
695299,"Smith, Will",,
695342,"Hjelle, Sean",,
695391,"Stock, Robert",,
695462,"Schreiber, John",,
695490,"Moll, Sam",,
695508,"Assad, Javier",,
695521,"Tyranski, Mitchell",,
695554,"Bard, Daniel",,
695578,"Hamilton, Ian",,
695596,"Barnes, Matt",,
695600,"Steele, Justin",,
695603,"Cox, Austin",,
695670,"Espada, Jose",,
695692,"Diaz, Indigo",,
695734,"Floro, Dylan",,
695758,"Colomé, Alex",,
695770,"Horn, Bailey",,
695930,"Contreras, Roansy",,
696100,"Morillo, Juan",,
696135,"Bielak, Brandon",,
696160,"Swarmer, Matt",,
696285,"Chargois, JT",,
696513,"Torres, Eric",,
696521,"Hill, Garrett",,
699061,"Weiss, Ryan",,
699082,"Baumann, Mike",,
699097,"Gardea, Dario",,
699126,"Lawrence, Justin",,
699130,"Jones, Stephen",,
699144,"Heller, Ben",,
699157,"Poche, Colin",,
699228,"Tyranski, Mitchell",,
699305,"Castano, Daniel",,
699625,"Barnes, Matt",,
699806,"Farmer, Buck",,
699816,"Colomé, Alex",,
700242,"Boyle, Michael",,
700246,"Gray, Sonny",,
700250,"Garrett, Reed",,
700337,"Davies, Zach",,
700358,"Smith, Drew",,
700652,"Anderson, Jack",,
700845,"Jansen, Kenley",,
700931,"Suárez, Andrew",,
700932,"Hoffman, Jeff",,
700936,"Marinaccio, Ron",,
701106,"Raeth, Stefan",,
701162,"Hoffman, Nolan",,
701305,"Brigham, Jeff",,
701327,"García, Deivi",,
701437,"Thompson, Ryan",,
701496,"Alvarado, José",,
701538,"Peguero, Elvis",,
701618,"Quijada, José",,
701634,"Eveld, Tommy",,
701675,"Arrighetti, Spencer",,
701678,"Romano, Jordan",,
701778,"Acton, Garrett",,
701800,"Scott, Tanner",,
702112,"Erceg, Lucas",,
702176,"Mahle, Tyler",,
702250,"Garrett, Reed",,
702258,"Karinchak, James",,
702283,"Lindow, Ethan",,
702284,"Hanhold, Eric",,
702292,"Thompson, Mason",,
702328,"Brigham, Jeff",,
702331,"Megill, Tylor",,
702332,"Cisnero, José",,
702333,"Bickford, Phil",,
702358,"Thompson, Zack",,
702416,"Strider, Spencer",,
702461,"Hand, Brad",,
702472,"Abney, Alaska",,
702476,"Mautz, Brycen",,
702616,"Contreras, Roansy",,
702726,"Saalfrank, Andrew",,
702789,"Curry, Xzavion",,
703070,"Fulmer, Michael",,
703143,"Betances, Jose",,
703152,"Rogers, Taylor",,
703154,"Jacques, Joe",,
703155,"Bachar, Lake",,
703197,"Sanchez, Jake",,
703245,"Domínguez, Seranthony",,
703607,"Graveman, Kendall",,
703715,"Valdez, Phillips",,
703920,"Leclerc, José",,
703939,"Krook, Matt",,
800029,"Navarro, Edgar",,
800145,"Bard, Daniel",,
800180,"Mosqueda, Oddanier",,
800185,"Farmer, Buck",,
800198,"Quantrill, Cal",,
800201,"Castro, Miguel",,
800305,"Leahy, Kyle",,
800325,"Kitchen, Austin",,
800329,"Ort, Kaleb",,
800385,"Hofmann, Logan",,
800506,"Yean, Eddy",,
800683,"Hanhold, Eric",,
801442,"Kennedy, Ian",,
801600,"Eovaldi, Nathan",,
802018,"Fulmer, Michael",,
802355,"Minaya, Juan",,
802407,"Richardson, Lyon",,
802415,"Diaz, Indigo",,
802506,"Jones, Stephen",,
802991,"López, Pablo",,
804596,"Riley, Trey",,
804622,"Bummer, Aaron",,
805268,"Uelmen, Erich",,
805300,"Abad, Fernando",,
805367,"De Avila, Luis",,
805373,"Ober, Bailey",,
805672,"Swarmer, Matt",,
805834,"Duffey, Tyler",,
805842,"Díaz, Alexis",,
805862,"McGinness, Clayton",,
805865,"Ginkel, Kevin",,
805904,"Hunter, Tommy",,
806005,"Hernandez, Cristian",,
806187,"Barria, Jaime",,
806534,"Horn, Bailey",,
807799,"Gibson, Kyle",,
