year,lgID,G,R,HR,BB,SO,R_per_G,HR_per_G,BB_per_G,SO_per_G,season,run_env
1876,NL,520,3066,40,336,589.0,5.8961538461538465,0.07692307692307693,0.6461538461538462,1.1326923076923077,1876,5.8961538461538465
1877,NL,360,2040,24,345,726.0,5.666666666666667,0.06666666666666667,0.9583333333333334,2.0166666666666666,1877,5.666666666666667
1878,NL,368,1904,23,364,1081.0,5.173913043478261,0.0625,0.9891304347826086,2.9375,1878,5.173913043478261
1879,NL,642,3409,58,508,1843.0,5.309968847352025,0.09034267912772585,0.7912772585669782,2.870716510903427,1879,5.309968847352025
1880,NL,680,3191,62,740,1993.0,4.692647058823529,0.09117647058823529,1.088235294117647,2.9308823529411763,1880,4.692647058823529
1881,NL,672,3425,76,1033,1784.0,5.096726190476191,0.1130952380952381,1.537202380952381,2.6547619047619047,1881,5.096726190476191
1882,AA,466,2435,52,632,1186.0,5.225321888412017,0.11158798283261803,1.3562231759656653,2.5450643776824036,1882,5.225321888412017
1882,NL,676,3657,126,960,2159.0,5.409763313609467,0.1863905325443787,1.4201183431952662,3.1937869822485205,1882,5.409763313609467
1883,AA,780,4465,114,1208,2417.0,5.7243589743589745,0.14615384615384616,1.5487179487179488,3.098717948717949,1883,5.7243589743589745
1883,NL,790,4565,124,1121,2877.0,5.7784810126582276,0.1569620253164557,1.418987341772152,3.641772151898734,1883,5.7784810126582276
1884,AA,1316,6889,243,1992,5672.0,5.234802431610942,0.18465045592705168,1.513677811550152,4.310030395136778,1884,5.234802431610942
1884,NL,912,5028,321,1821,4335.0,5.5131578947368425,0.3519736842105263,1.9967105263157894,4.753289473684211,1884,5.5131578947368425
1884,UA,846,4825,125,1134,4830.0,5.703309692671395,0.14775413711583923,1.3404255319148937,5.709219858156028,1884,5.703309692671395
1885,AA,890,4885,149,1685,3378.0,5.48876404494382,0.16741573033707866,1.8932584269662922,3.795505617977528,1885,5.48876404494382
1885,NL,890,4407,174,1845,3337.0,4.951685393258427,0.19550561797752808,2.0730337078651684,3.749438202247191,1885,4.951685393258427
1886,AA,1114,6327,164,3182,4730.0,5.6795332136445245,0.14721723518850988,2.8563734290843805,4.2459605026929985,1886,5.6795332136445245
1886,NL,984,5185,249,2372,4248.0,5.269308943089431,0.2530487804878049,2.410569105691057,4.317073170731708,1886,5.269308943089431
1887,AA,1096,7234,223,3320,3103.0,6.600364963503649,0.20346715328467152,3.0291970802919708,2.8312043795620436,1887,6.600364963503649
1887,NL,1016,6183,383,2733,2821.0,6.085629921259843,0.37696850393700787,2.6899606299212597,2.7765748031496065,1887,6.085629921259843
1888,AA,1096,5691,188,2634,4234.0,5.192518248175182,0.17153284671532848,2.403284671532847,3.863138686131387,1888,5.192518248175182
1888,NL,1084,4937,333,2093,3998.0,4.554428044280443,0.30719557195571956,1.9308118081180812,3.688191881918819,1888,4.554428044280443
1889,AA,1114,6783,296,3704,4177.0,6.08886894075404,0.26570915619389585,3.324955116696589,3.7495511669658885,1889,6.08886894075404
1889,NL,1062,6203,371,3612,3492.0,5.840866290018832,0.3493408662900188,3.401129943502825,3.288135593220339,1889,5.840866290018832
1890,AA,1076,6042,187,3746,4233.0,5.615241635687732,0.1737918215613383,3.4814126394052045,3.934014869888476,1890,5.615241635687732
1890,NL,1078,6010,257,3773,3581.0,5.575139146567718,0.23840445269016697,3.5,3.3218923933209648,1890,5.575139146567718
1890,PL,1064,7331,320,4204,3006.0,6.890037593984962,0.3007518796992481,3.9511278195488724,2.825187969924812,1890,6.890037593984962
1891,AA,1112,6521,291,4231,4015.0,5.864208633093525,0.26169064748201437,3.804856115107914,3.610611510791367,1891,5.864208633093525
1891,NL,1104,6114,294,3804,3641.0,5.538043478260869,0.266304347826087,3.4456521739130435,3.2980072463768115,1891,5.538043478260869
1892,NL,1836,9388,417,6178,5973.0,5.113289760348584,0.22712418300653595,3.3649237472766886,3.253267973856209,1892,5.113289760348584
1893,NL,1570,10315,460,6143,3342.0,6.570063694267516,0.2929936305732484,3.9127388535031846,2.128662420382166,1893,6.570063694267516
1894,NL,1596,11796,629,5870,3333.0,7.390977443609023,0.3941102756892231,3.6779448621553885,2.088345864661654,1894,7.390977443609023
1895,NL,1594,10514,488,5120,3623.0,6.5959849435382685,0.30614805520702637,3.2120451693851946,2.2728983688833124,1895,6.5959849435382685
1896,NL,1584,9560,404,4854,3523.0,6.0353535353535355,0.255050505050505,3.0643939393939394,2.2241161616161618,1896,6.0353535353535355
1897,NL,1614,9536,368,4726,3729.0,5.908302354399009,0.22800495662949194,2.9281288723667904,2.3104089219330857,1897,5.908302354399009
1898,NL,1840,9129,299,5092,4223.0,4.961413043478261,0.1625,2.767391304347826,2.295108695652174,1898,4.961413043478261
1899,NL,1842,9672,352,4979,3849.0,5.250814332247557,0.19109663409337677,2.703040173724213,2.08957654723127,1899,5.250814332247557
1900,NL,1136,5932,254,3034,2681.0,5.221830985915493,0.22359154929577466,2.670774647887324,2.3600352112676055,1900,5.221830985915493
1901,AL,1096,5873,228,2780,2730.0,5.358576642335766,0.20802919708029197,2.5364963503649633,2.490875912408759,1901,5.358576642335766
1901,NL,1122,5194,227,2685,4246.0,4.6292335115864525,0.20231729055258468,2.393048128342246,3.784313725490196,1901,4.6292335115864525
1902,AL,1104,5407,258,2815,2720.0,4.8976449275362315,0.23369565217391305,2.54981884057971,2.463768115942029,1902,4.8976449275362315
1902,NL,1126,4494,96,2627,3910.0,3.991119005328597,0.0852575488454707,2.3330373001776197,3.47246891651865,1902,3.991119005328597
1903,AL,1108,4543,184,2265,4188.0,4.100180505415162,0.16606498194945848,2.0442238267148016,3.779783393501805,1903,4.100180505415162
1903,NL,1120,5349,151,3102,3711.0,4.775892857142857,0.13482142857142856,2.7696428571428573,3.313392857142857,1903,4.775892857142857
1904,AL,1252,4433,156,2610,5025.0,3.54073482428115,0.12460063897763578,2.084664536741214,4.013578274760383,1904,3.54073482428115
1904,NL,1244,4872,175,2966,4274.0,3.9163987138263665,0.14067524115755628,2.3842443729903535,3.4356913183279745,1904,3.9163987138263665
1905,AL,1234,4547,156,2982,5093.0,3.684764991896272,0.12641815235008103,2.4165316045380876,4.127228525121556,1905,3.684764991896272
1905,NL,1240,5092,182,3207,4430.0,4.106451612903226,0.14677419354838708,2.5862903225806453,3.5725806451612905,1905,4.106451612903226
1906,AL,1226,4494,137,2800,4583.0,3.66557911908646,0.11174551386623165,2.2838499184339316,3.738172920065253,1906,3.66557911908646
1906,NL,1228,4387,124,3364,4527.0,3.5724755700325734,0.10097719869706841,2.739413680781759,3.686482084690554,1906,3.5724755700325734
1907,AL,1234,4514,104,2824,4616.0,3.658022690437601,0.08427876823338736,2.288492706645057,3.740680713128039,1907,3.658022690437601
1907,NL,1232,4189,140,3274,4220.0,3.4001623376623376,0.11363636363636363,2.6574675324675323,3.425324675324675,1907,3.4001623376623376
1908,AL,1244,4286,116,2803,4920.0,3.445337620578778,0.0932475884244373,2.2532154340836015,3.954983922829582,1908,3.445337620578778
1908,NL,1244,4136,151,3057,4158.0,3.32475884244373,0.12138263665594855,2.457395498392283,3.342443729903537,1908,3.32475884244373
1909,AL,1240,4267,109,2931,4910.0,3.4411290322580643,0.08790322580645162,2.363709677419355,3.9596774193548385,1909,3.4411290322580643
1909,NL,1242,4543,150,3573,4467.0,3.6578099838969402,0.12077294685990338,2.8768115942028984,3.5966183574879227,1909,3.6578099838969402
1910,AL,1256,4577,147,3395,5262.0,3.6441082802547773,0.11703821656050956,2.703025477707006,4.189490445859873,1910,3.6441082802547773
1910,NL,1242,5007,214,4024,4415.0,4.031400966183575,0.1723027375201288,3.239935587761675,3.5547504025764893,1910,4.031400966183575
1911,AL,1228,5658,198,3559,0.0,4.607491856677524,0.16123778501628663,2.8982084690553744,0.0,1911,4.607491856677524
1911,NL,1246,5506,316,4279,4798.0,4.418940609951846,0.2536115569823435,3.4341894060995184,3.850722311396469,1911,4.418940609951846
1912,AL,1238,5495,156,3794,0.0,4.438610662358643,0.1260096930533118,3.0646203554119547,0.0,1912,4.438610662358643
1912,NL,1226,5659,287,3889,4627.0,4.615823817292006,0.23409461663947798,3.1721044045677,3.7740619902120716,1912,4.615823817292006
1913,AL,1228,4823,159,3743,4670.0,3.9275244299674266,0.12947882736156352,3.048045602605863,3.8029315960912053,1913,3.9275244299674266
1913,NL,1240,5141,310,3530,4605.0,4.1459677419354835,0.25,2.846774193548387,3.713709677419355,1913,4.1459677419354835
1914,AL,1262,4610,148,3920,5111.0,3.652931854199683,0.11727416798732171,3.1061806656101427,4.049920760697306,1914,3.652931854199683
1914,FL,1248,5124,296,3623,5159.0,4.105769230769231,0.23717948717948717,2.903044871794872,4.133814102564102,1914,4.105769230769231
1914,NL,1250,4798,267,3600,4655.0,3.8384,0.2136,2.88,3.724,1914,3.8384
1915,AL,1242,4922,160,4217,4868.0,3.962962962962963,0.1288244766505636,3.395330112721417,3.919484702093398,1915,3.962962962962963
1915,FL,1238,4769,250,3637,4588.0,3.8521809369951536,0.20193861066235863,2.9378029079159935,3.7059773828756057,1915,3.8521809369951536
1915,NL,1248,4522,225,3266,4728.0,3.6233974358974357,0.18028846153846154,2.6169871794871793,3.7884615384615383,1915,3.6233974358974357
1916,AL,1250,4599,144,4062,4707.0,3.6792,0.1152,3.2496,3.7656,1916,3.6792
1916,NL,1244,4290,239,3015,4829.0,3.4485530546623795,0.19212218649517684,2.4236334405144695,3.8818327974276525,1916,3.4485530546623795
1917,AL,1244,4540,133,3856,4192.0,3.64951768488746,0.10691318327974277,3.09967845659164,3.369774919614148,1917,3.64951768488746
1917,NL,1250,4408,202,3054,4488.0,3.5264,0.1616,2.4432,3.5904,1917,3.5264
1918,AL,1016,3703,96,3207,3004.0,3.6446850393700787,0.09448818897637795,3.156496062992126,2.956692913385827,1918,3.6446850393700787
1918,NL,1016,3682,139,2541,2921.0,3.624015748031496,0.13681102362204725,2.500984251968504,2.875,1918,3.624015748031496
1919,AL,1120,4586,240,3367,3561.0,4.0946428571428575,0.21428571428571427,3.00625,3.179464285714286,1919,4.0946428571428575
1919,NL,1116,4071,207,2615,3288.0,3.6478494623655915,0.18548387096774194,2.3431899641577063,2.946236559139785,1919,3.6478494623655915
1920,AL,1234,5869,369,3809,3653.0,4.756077795786061,0.29902755267423015,3.086709886547812,2.960291734197731,1920,4.756077795786061
1920,NL,1234,4893,261,3016,3632.0,3.9651539708265804,0.21150729335494328,2.4440842787682335,2.9432739059967585,1920,3.9651539708265804
1921,AL,1232,6303,477,3965,3583.0,5.116071428571429,0.3871753246753247,3.218344155844156,2.908279220779221,1921,5.116071428571429
1921,NL,1226,5632,460,2906,3380.0,4.593800978792822,0.37520391517128876,2.3703099510603587,2.7569331158238173,1921,4.593800978792822
1922,AL,1236,5865,525,3797,3573.0,4.745145631067961,0.42475728155339804,3.072006472491909,2.8907766990291264,1922,4.745145631067961
1922,NL,1240,6194,530,3455,3380.0,4.995161290322581,0.4274193548387097,2.786290322580645,2.725806451612903,1922,4.995161290322581
1923,AL,1232,5887,442,4092,3611.0,4.778409090909091,0.3587662337662338,3.3214285714285716,2.9310064935064934,1923,4.778409090909091
1923,NL,1234,5987,538,3494,3408.0,4.851701782820097,0.4359805510534846,2.831442463533225,2.761750405186386,1923,4.851701782820097
1924,AL,1234,6141,397,4136,3249.0,4.976499189627228,0.3217179902755267,3.3517017828200975,2.6329011345218802,1924,4.976499189627228
1924,NL,1228,5581,499,3216,3408.0,4.5447882736156355,0.40635179153094464,2.6188925081433223,2.775244299674267,1924,4.5447882736156355
1925,AL,1232,6401,533,4289,3308.0,5.195616883116883,0.43262987012987014,3.481331168831169,2.685064935064935,1925,5.195616883116883
1925,NL,1224,6195,636,3460,3373.0,5.061274509803922,0.5196078431372549,2.826797385620915,2.755718954248366,1925,5.061274509803922
1926,AL,1232,5831,424,4232,3452.0,4.732954545454546,0.34415584415584416,3.435064935064935,2.801948051948052,1926,4.732954545454546
1926,NL,1236,5612,439,3473,3359.0,4.540453074433657,0.3551779935275081,2.809870550161812,2.7176375404530746,1926,4.540453074433657
1927,AL,1238,6094,439,4018,3341.0,4.922455573505654,0.3546042003231018,3.245557350565428,2.6987075928917608,1927,4.922455573505654
1927,NL,1234,5651,483,3413,3491.0,4.579416531604538,0.3914100486223663,2.76580226904376,2.8290113452188006,1927,4.579416531604538
1928,AL,1234,5876,483,3828,3719.0,4.761750405186386,0.3914100486223663,3.1021069692058347,3.0137763371150728,1928,4.761750405186386
1928,NL,1228,5769,610,3848,3410.0,4.697882736156352,0.496742671009772,3.1335504885993486,2.7768729641693812,1928,4.697882736156352
1929,AL,1226,6138,595,4054,3578.0,5.006525285481239,0.48531810766721045,3.306688417618271,2.9184339314845023,1929,5.006525285481239
1929,NL,1232,6609,754,3961,3465.0,5.3644480519480515,0.612012987012987,3.2150974025974026,2.8125,1929,5.3644480519480515
1930,AL,1232,6670,673,3975,4088.0,5.413961038961039,0.5462662337662337,3.226461038961039,3.3181818181818183,1930,5.413961038961039
1930,NL,1236,7025,892,3691,3848.0,5.683656957928803,0.7216828478964401,2.986245954692557,3.1132686084142396,1930,5.683656957928803
1931,AL,1236,6355,576,4168,4047.0,5.141585760517799,0.46601941747572817,3.372168284789644,3.2742718446601944,1931,5.141585760517799
1931,NL,1236,5537,493,3502,3862.0,4.479773462783172,0.3988673139158576,2.8333333333333335,3.1245954692556634,1931,4.479773462783172
1932,AL,1230,6436,707,4405,4029.0,5.232520325203252,0.5747967479674797,3.5813008130081303,3.2756097560975608,1932,5.232520325203252
1932,NL,1236,5680,651,3141,3857.0,4.5954692556634305,0.5266990291262136,2.54126213592233,3.120550161812298,1932,4.5954692556634305
1933,AL,1216,6080,607,4370,3904.0,5.0,0.49917763157894735,3.59375,3.210526315789474,1933,5.0
1933,NL,1236,4908,460,2979,3528.0,3.970873786407767,0.37216828478964403,2.4101941747572817,2.854368932038835,1933,3.970873786407767
1934,AL,1230,6305,688,4615,4279.0,5.126016260162602,0.5593495934959349,3.752032520325203,3.4788617886178863,1934,5.126016260162602
1934,NL,1216,5695,656,3247,4150.0,4.683388157894737,0.5394736842105263,2.6702302631578947,3.4128289473684212,1934,4.683388157894737
1935,AL,1222,6220,663,4544,3936.0,5.090016366612112,0.5425531914893617,3.718494271685761,3.220949263502455,1935,5.090016366612112
1935,NL,1234,5806,662,3284,4072.0,4.705024311183144,0.5364667747163695,2.6612641815235007,3.299837925445705,1935,4.705024311183144
1936,AL,1236,7009,758,4847,4023.0,5.6707119741100325,0.6132686084142395,3.9215210355987056,3.254854368932039,1936,5.6707119741100325
1936,NL,1240,5837,606,3565,4203.0,4.707258064516129,0.48870967741935484,2.875,3.389516129032258,1936,4.707258064516129
1937,AL,1244,6503,806,4773,4443.0,5.227491961414791,0.6479099678456591,3.8368167202572345,3.5715434083601285,1937,5.227491961414791
1937,NL,1234,5567,624,3667,4553.0,4.511345218800648,0.5056726094003241,2.971636952998379,3.6896272285251217,1937,4.511345218800648
1938,AL,1226,6581,864,4924,4251.0,5.367862969004894,0.7047308319738989,4.0163132137031,3.467373572593801,1938,5.367862969004894
1938,NL,1220,5388,611,3708,4093.0,4.416393442622951,0.5008196721311475,3.039344262295082,3.3549180327868853,1938,4.416393442622951
1939,AL,1230,6404,796,4657,4314.0,5.20650406504065,0.6471544715447154,3.786178861788618,3.5073170731707317,1939,5.20650406504065
1939,NL,1232,5472,649,3824,4195.0,4.441558441558442,0.5267857142857143,3.103896103896104,3.4050324675324677,1939,4.441558441558442
1940,AL,1238,6147,883,4497,4727.0,4.965266558966074,0.7132471728594507,3.632471728594507,3.8182552504038774,1940,4.965266558966074
1940,NL,1234,5421,688,3779,4329.0,4.393030794165316,0.5575364667747164,3.0623987034035656,3.5081037277147487,1940,4.393030794165316
1941,AL,1244,5902,734,4742,4425.0,4.744372990353698,0.590032154340836,3.811897106109325,3.557073954983923,1941,4.744372990353698
1941,NL,1244,5266,597,4149,4414.0,4.233118971061093,0.47990353697749194,3.335209003215434,3.5482315112540195,1941,4.233118971061093
1942,AL,1222,5211,533,4318,4144.0,4.2643207855973815,0.43617021276595747,3.5335515548281506,3.3911620294599016,1942,4.2643207855973815
1942,NL,1226,4784,538,4076,4189.0,3.902120717781403,0.43882544861337686,3.3246329526916805,3.4168026101141926,1942,3.902120717781403
1943,AL,1234,4796,473,4325,4498.0,3.886547811993517,0.3833063209076175,3.504862236628849,3.6450567260940034,1943,3.886547811993517
1943,NL,1242,4898,432,4048,4059.0,3.9436392914653786,0.34782608695652173,3.259259259259259,3.2681159420289854,1943,3.9436392914653786
1944,AL,1238,5058,459,3951,4244.0,4.08562197092084,0.37075928917609047,3.191437802907916,3.4281098546042004,1944,4.08562197092084
1944,NL,1246,5295,575,3984,3941.0,4.24959871589085,0.46147672552166935,3.197431781701445,3.162921348314607,1944,4.24959871589085
1945,AL,1224,4774,430,4145,4186.0,3.900326797385621,0.35130718954248363,3.386437908496732,3.4199346405228757,1945,3.900326797385621
1945,NL,1236,5512,577,4150,3864.0,4.459546925566343,0.46682847896440127,3.3576051779935274,3.1262135922330097,1945,4.459546925566343
1946,AL,1242,5037,653,4401,5228.0,4.055555555555555,0.5257648953301127,3.5434782608695654,4.209339774557166,1946,4.055555555555555
1946,NL,1242,4916,562,4399,4474.0,3.9581320450885666,0.4524959742351047,3.5418679549114334,3.602254428341385,1946,3.9581320450885666
1947,AL,1246,5161,679,4745,4633.0,4.142054574638844,0.5449438202247191,3.808186195826645,3.718298555377207,1947,4.142054574638844
1947,NL,1240,5666,886,4477,4529.0,4.569354838709677,0.714516129032258,3.610483870967742,3.6524193548387096,1947,4.569354838709677
1948,AL,1236,5841,710,5230,4304.0,4.725728155339806,0.5744336569579288,4.231391585760518,3.482200647249191,1948,4.725728155339806
1948,NL,1238,5487,845,4406,4729.0,4.4321486268174475,0.6825525040387722,3.5589660743134086,3.8198707592891763,1948,4.4321486268174475
1949,AL,1236,5776,769,5627,4369.0,4.673139158576052,0.622168284789644,4.552588996763754,3.534789644012945,1949,4.673139158576052
1949,NL,1244,5650,935,4405,4587.0,4.541800643086817,0.7516077170418006,3.5409967845659165,3.687299035369775,1949,4.541800643086817
1950,AL,1240,6253,973,5418,4558.0,5.042741935483871,0.7846774193548387,4.369354838709677,3.675806451612903,1950,5.042741935483871
1950,NL,1236,5760,1100,4537,5007.0,4.660194174757281,0.889967637540453,3.6707119741100325,4.050970873786408,1950,4.660194174757281
1951,AL,1234,5716,839,4889,4595.0,4.632090761750405,0.679902755267423,3.961912479740681,3.7236628849270663,1951,4.632090761750405
1951,NL,1244,5552,1024,4362,4746.0,4.463022508038585,0.8231511254019293,3.5064308681672025,3.815112540192926,1951,4.463022508038585
1952,AL,1242,5191,794,4631,5154.0,4.179549114331723,0.6392914653784219,3.7286634460547505,4.14975845410628,1952,4.179549114331723
1952,NL,1236,5158,907,4147,5240.0,4.173139158576052,0.7338187702265372,3.355177993527508,4.239482200647249,1952,4.173139158576052
1953,AL,1236,5512,879,4469,4911.0,4.459546925566343,0.7111650485436893,3.615695792880259,3.9733009708737863,1953,4.459546925566343
1953,NL,1244,5914,1197,4220,5307.0,4.754019292604502,0.9622186495176849,3.392282958199357,4.266077170418006,1953,4.754019292604502
1954,AL,1242,5203,823,4619,5129.0,4.189210950080516,0.6626409017713365,3.719001610305958,4.12962962962963,1954,4.189210950080516
1954,NL,1232,5624,1114,4414,5086.0,4.564935064935065,0.9042207792207793,3.582792207792208,4.128246753246753,1954,4.564935064935065
1955,AL,1236,5491,961,4808,5405.0,4.442556634304207,0.7775080906148867,3.8899676375404533,4.372977346278317,1955,4.442556634304207
1955,NL,1232,5578,1263,4240,5419.0,4.527597402597403,1.0251623376623376,3.4415584415584415,4.398538961038961,1955,4.527597402597403
1956,AL,1236,5756,1075,5019,5813.0,4.656957928802589,0.8697411003236246,4.060679611650485,4.703074433656958,1956,4.656957928802589
1956,NL,1242,5275,1219,3982,5694.0,4.247181964573269,0.9814814814814815,3.206119162640902,4.584541062801932,1956,4.247181964573269
1957,AL,1232,5210,1024,4309,5814.0,4.228896103896104,0.8311688311688312,3.497564935064935,4.7191558441558445,1957,4.228896103896104
1957,NL,1238,5426,1178,3866,6150.0,4.382875605815832,0.9515347334410339,3.122778675282714,4.967689822294022,1957,4.382875605815832
1958,AL,1238,5159,1057,4062,6037.0,4.167205169628433,0.8537964458804523,3.2810985460420032,4.876413570274637,1958,4.167205169628433
1958,NL,1232,5419,1183,4065,6192.0,4.398538961038961,0.9602272727272727,3.299512987012987,5.025974025974026,1958,4.398538961038961
1959,AL,1236,5391,1091,4210,6081.0,4.361650485436893,0.8826860841423948,3.4061488673139158,4.919902912621359,1959,4.361650485436893
1959,NL,1240,5462,1159,3974,6525.0,4.40483870967742,0.9346774193548387,3.2048387096774196,5.262096774193548,1959,4.40483870967742
1960,AL,1234,5414,1086,4447,5993.0,4.387358184764992,0.880064829821718,3.6037277147487843,4.856564019448946,1960,4.387358184764992
1960,NL,1238,5250,1042,3937,6824.0,4.240710823909532,0.8416801292407108,3.1801292407108237,5.512116316639742,1960,4.240710823909532
1961,AL,1622,7342,1534,5902,8330.0,4.526510480887793,0.9457459926017263,3.6387176325524044,5.135635018495685,1961,4.526510480887793
1961,NL,1238,5600,1196,3995,6622.0,4.523424878836834,0.9660743134087237,3.226978998384491,5.348949919224555,1961,4.523424878836834
1962,AL,1618,7183,1552,5671,8535.0,4.439431396786156,0.9592088998763906,3.504944375772559,5.275030902348578,1962,4.439431396786156
1962,NL,1624,7278,1449,5265,9032.0,4.481527093596059,0.8922413793103449,3.2419950738916254,5.561576354679803,1962,4.481527093596059
1963,AL,1616,6599,1489,5031,9228.0,4.083539603960396,0.9214108910891089,3.1132425742574257,5.71039603960396,1963,4.083539603960396
1963,NL,1622,6181,1215,4560,9545.0,3.810727496917386,0.749075215782984,2.81134401972873,5.884710234278669,1963,3.810727496917386
1964,AL,1628,6607,1551,5227,9956.0,4.058353808353808,0.9527027027027027,3.210687960687961,6.115479115479116,1964,4.058353808353808
1964,NL,1624,6517,1211,4394,9256.0,4.012931034482759,0.7456896551724138,2.705665024630542,5.699507389162561,1964,4.012931034482759
1965,AL,1620,6388,1370,5306,9634.0,3.94320987654321,0.845679012345679,3.275308641975309,5.946913580246914,1965,3.94320987654321
1965,NL,1626,6558,1318,4730,9649.0,4.033210332103321,0.8105781057810578,2.908979089790898,5.934194341943419,1965,4.033210332103321
1966,AL,1612,6276,1365,4927,9493.0,3.893300248138958,0.8467741935483871,3.056451612903226,5.888957816377172,1966,3.893300248138958
1966,NL,1618,6624,1378,4404,9312.0,4.093943139678616,0.8516687268232386,2.7218788627935724,5.7552533992583434,1966,4.093943139678616
1967,AL,1620,5992,1197,4993,9945.0,3.6987654320987655,0.7388888888888889,3.082098765432099,6.138888888888889,1967,3.6987654320987655
1967,NL,1620,6218,1102,4672,9468.0,3.8382716049382717,0.6802469135802469,2.8839506172839506,5.844444444444444,1967,3.8382716049382717
1968,AL,1624,5532,1104,4881,9641.0,3.4064039408866993,0.6798029556650246,3.0055418719211824,5.936576354679803,1968,3.4064039408866993
1968,NL,1626,5577,891,4275,9502.0,3.4298892988929888,0.5479704797047971,2.629151291512915,5.8437884378843785,1968,3.4298892988929888
1969,AL,1946,7960,1649,7032,10845.0,4.090441932168551,0.8473792394655704,3.6135662898252825,5.572970195272354,1969,4.090441932168551
1969,NL,1946,7890,1470,6397,11628.0,4.054470709146968,0.7553956834532374,3.287255909558068,5.9753340184994865,1969,4.054470709146968
1970,AL,1946,8109,1746,6808,10957.0,4.167009249743063,0.8972250770811921,3.498458376156218,5.630524152106886,1970,4.167009249743063
1970,NL,1942,8771,1683,6919,11417.0,4.516477857878476,0.8666323377960865,3.562821833161689,5.878990731204944,1970,4.516477857878476
1971,AL,1932,7472,1484,6477,10414.0,3.867494824016563,0.7681159420289855,3.3524844720496896,5.390269151138717,1971,3.867494824016563
1971,NL,1944,7601,1379,6059,10542.0,3.9099794238683128,0.7093621399176955,3.1167695473251027,5.422839506172839,1971,3.9099794238683128
1972,AL,1858,6441,1175,5742,10174.0,3.4666307857911733,0.6324004305705059,3.0904198062432724,5.475780409041981,1972,3.4666307857911733
1972,NL,1860,7265,1359,5985,10544.0,3.9059139784946235,0.7306451612903225,3.217741935483871,5.668817204301075,1972,3.9059139784946235
1973,AL,1944,8314,1552,6647,9851.0,4.276748971193416,0.7983539094650206,3.419238683127572,5.06738683127572,1973,4.276748971193416
1973,NL,1942,8062,1550,6453,10507.0,4.151390319258496,0.7981462409886715,3.322863027806385,5.410401647785788,1973,4.151390319258496
1974,AL,1946,7976,1369,6135,9524.0,4.098663926002056,0.7034943473792394,3.1526207605344294,4.894141829393628,1974,4.098663926002056
1974,NL,1944,8070,1280,6828,9971.0,4.151234567901234,0.6584362139917695,3.5123456790123457,5.129115226337449,1974,4.151234567901234
1975,AL,1926,8281,1465,6672,9487.0,4.299584631360332,0.7606438213914849,3.4641744548286604,4.925752855659398,1975,4.299584631360332
1975,NL,1942,8014,1233,6730,9793.0,4.126673532440782,0.6349124613800206,3.465499485066941,5.042739443872296,1975,4.126673532440782
1976,AL,1934,7753,1122,6128,9143.0,4.008790072388831,0.5801447776628749,3.168562564632885,4.727507755946226,1976,4.008790072388831
1976,NL,1944,7739,1113,6263,9602.0,3.9809670781893005,0.5725308641975309,3.221707818930041,4.939300411522634,1976,3.9809670781893005
1977,AL,2262,10247,2013,7270,11234.0,4.530061892130858,0.889920424403183,3.2139699381078692,4.966401414677277,1977,4.530061892130858
1977,NL,1944,8556,1631,6487,10488.0,4.401234567901234,0.8389917695473251,3.336934156378601,5.395061728395062,1977,4.401234567901234
1978,AL,2262,9509,1680,7287,10153.0,4.203801945181255,0.7427055702917772,3.2214854111405837,4.488505747126437,1978,4.203801945181255
1978,NL,1942,7742,1276,6279,9905.0,3.9866117404737382,0.6570545829042225,3.233264675592173,5.100411946446962,1978,3.9866117404737382
1979,AL,2254,10527,2006,7413,10115.0,4.67036379769299,0.8899733806566105,3.2888198757763973,4.487577639751553,1979,4.67036379769299
1979,NL,1942,8186,1427,6188,9920.0,4.21524201853759,0.7348094747682801,3.1864057672502573,5.108135942327498,1979,4.21524201853759
1980,AL,2264,10201,1844,7221,10363.0,4.505742049469965,0.8144876325088339,3.189487632508834,4.5772968197879855,1980,4.505742049469965
1980,NL,1946,7852,1243,5969,9849.0,4.034943473792395,0.6387461459403906,3.067317574511819,5.061151079136691,1980,4.034943473792395
1981,AL,1500,6112,1062,4761,6905.0,4.074666666666666,0.708,3.174,4.6033333333333335,1981,4.074666666666666
1981,NL,1288,5035,719,4107,6332.0,3.9091614906832297,0.5582298136645962,3.188664596273292,4.916149068322981,1981,3.9091614906832297
1982,AL,2270,10163,2080,7338,10921.0,4.477092511013216,0.9162995594713657,3.232599118942731,4.811013215859031,1982,4.477092511013216
1982,NL,1944,7947,1299,5964,10300.0,4.087962962962963,0.6682098765432098,3.067901234567901,5.29835390946502,1982,4.087962962962963
1983,AL,2270,10177,1903,7094,10967.0,4.483259911894273,0.8383259911894273,3.12511013215859,4.831277533039648,1983,4.483259911894273
1983,NL,1948,7993,1398,6424,10749.0,4.103182751540041,0.7176591375770021,3.297741273100616,5.517967145790554,1983,4.103182751540041
1984,AL,2268,10027,1980,7171,11571.0,4.421075837742505,0.873015873015873,3.1618165784832453,5.101851851851852,1984,4.421075837742505
1984,NL,1942,7894,1278,6149,10929.0,4.064881565396498,0.6580844490216272,3.166323377960865,5.627703398558188,1984,4.064881565396498
1985,AL,2264,10317,2178,7465,11777.0,4.556978798586573,0.9620141342756183,3.29726148409894,5.201855123674911,1985,4.556978798586573
1985,NL,1942,7899,1424,6373,10674.0,4.06745623069001,0.733264675592173,3.281668383110196,5.496395468589084,1985,4.06745623069001
1986,AL,2268,10449,2290,7667,13058.0,4.607142857142857,1.009700176366843,3.380511463844797,5.757495590828924,1986,4.607142857142857
1986,NL,1938,8096,1523,6560,11648.0,4.17750257997936,0.7858617131062952,3.384932920536636,6.01031991744066,1986,4.17750257997936
1987,AL,2268,11112,2634,7812,13442.0,4.8994708994708995,1.1613756613756614,3.4444444444444446,5.926807760141093,1987,4.8994708994708995
1987,NL,1942,8771,1824,6577,11657.0,4.516477857878476,0.9392378990731205,3.386714727085479,6.002574665293512,1987,4.516477857878476
1988,AL,2262,9858,1901,7191,12323.0,4.358090185676392,0.8404067197170646,3.179045092838196,5.447833775419983,1988,4.358090185676392
1988,NL,1938,7522,1279,5793,11032.0,3.8813209494324044,0.6599587203302374,2.9891640866873064,5.692466460268318,1988,3.8813209494324044
1989,AL,2266,9732,1718,7277,12296.0,4.294792586054722,0.7581641659311562,3.211385701676964,5.426301853486319,1989,4.294792586054722
1989,NL,1946,7673,1365,6251,11354.0,3.942959917780062,0.7014388489208633,3.212230215827338,5.83453237410072,1989,3.942959917780062
1990,AL,2266,9746,1796,7631,12689.0,4.300970873786408,0.7925860547219771,3.3676081200353045,5.59973521624007,1990,4.300970873786408
1990,NL,1944,8173,1521,6221,11164.0,4.204218106995885,0.7824074074074074,3.200102880658436,5.742798353909465,1990,4.204218106995885
1991,AL,2268,10172,1953,7730,12944.0,4.485008818342152,0.8611111111111112,3.4082892416225747,5.707231040564374,1991,4.485008818342152
1991,NL,1940,7955,1430,6254,11446.0,4.100515463917525,0.7371134020618557,3.2237113402061857,5.9,1991,4.100515463917525
1992,AL,2268,9802,1776,7704,12196.0,4.321869488536155,0.783068783068783,3.3968253968253967,5.37742504409171,1992,4.321869488536155
1992,NL,1944,7539,1262,5978,11342.0,3.878086419753086,0.6491769547325102,3.075102880658436,5.834362139917696,1992,3.878086419753086
1993,AL,2268,10674,2074,8006,12952.0,4.7063492063492065,0.9144620811287478,3.5299823633156966,5.710758377425044,1993,4.7063492063492065
1993,NL,2270,10190,1956,7104,13358.0,4.488986784140969,0.8616740088105727,3.1295154185022027,5.884581497797357,1993,4.488986784140969
1994,AL,1594,8330,1774,5938,9619.0,5.225846925972396,1.1129234629861982,3.725219573400251,6.034504391468005,1994,5.225846925972396
1994,NL,1606,7422,1532,5193,10147.0,4.621419676214197,0.9539227895392279,3.2334993773349936,6.318181818181818,1994,4.621419676214197
1995,AL,2020,10225,2164,7572,12116.0,5.061881188118812,1.0712871287128714,3.7485148514851487,5.998019801980198,1995,5.061881188118812
1995,NL,2014,9329,1917,6668,13309.0,4.632075471698113,0.951837140019861,3.310824230387289,6.60824230387289,1995,4.632075471698113
1996,AL,2266,12208,2742,8592,14056.0,5.387466902030009,1.2100617828773168,3.791703442188879,6.203000882612533,1996,5.387466902030009
1996,NL,2268,10623,2220,7501,15252.0,4.6838624338624335,0.9788359788359788,3.307319223985891,6.724867724867725,1996,4.6838624338624335
1997,AL,2264,11164,2477,7962,14617.0,4.931095406360424,1.0940812720848057,3.51678445229682,6.456272084805653,1997,4.931095406360424
1997,NL,2268,10440,2163,7704,15320.0,4.603174603174603,0.9537037037037037,3.3968253968253967,6.754850088183422,1997,4.603174603174603
1998,AL,2268,11365,2499,7737,14438.0,5.011022927689594,1.1018518518518519,3.4113756613756614,6.365961199294532,1998,5.011022927689594
1998,NL,2596,11932,2565,8710,17455.0,4.596302003081664,0.9880585516178737,3.3551617873651773,6.723805855161787,1998,4.596302003081664
1999,AL,2265,11725,2635,8289,13966.0,5.176600441501104,1.163355408388521,3.6596026490066227,6.166004415011037,1999,5.176600441501104
1999,NL,2591,12966,2893,9602,17153.0,5.004245465071401,1.116557313778464,3.7059050559629485,6.620223851794674,1999,5.004245465071401
2000,AL,2265,11995,2688,8502,14012.0,5.295805739514349,1.1867549668874173,3.75364238410596,6.186313465783664,2000,5.295805739514349
2000,NL,2593,12976,3005,9735,17344.0,5.00424219051292,1.158889317392981,3.7543386039336677,6.688777477824913,2000,5.00424219051292
2001,AL,2266,11013,2506,7239,14496.0,4.860105913503972,1.1059135039717565,3.1946160635481022,6.397175639894087,2001,4.860105913503972
2001,NL,2592,12186,2952,8567,17908.0,4.701388888888889,1.1388888888888888,3.3051697530864197,6.908950617283951,2001,4.701388888888889
2002,AL,2264,10892,2464,7325,14233.0,4.810954063604241,1.088339222614841,3.235424028268551,6.286660777385159,2002,4.810954063604241
2002,NL,2588,11516,2595,8921,17161.0,4.449768160741885,1.0027047913446676,3.447063369397218,6.6309891808346215,2002,4.449768160741885
2003,AL,2270,11033,2499,7223,13805.0,4.860352422907489,1.1008810572687224,3.1819383259911893,6.081497797356828,2003,4.860352422907489
2003,NL,2590,11945,2708,8666,16996.0,4.611969111969112,1.0455598455598456,3.345945945945946,6.562162162162162,2003,4.611969111969112
2004,AL,2266,11358,2605,7486,14529.0,5.012356575463372,1.149602824360106,3.3036187113857016,6.411738746690203,2004,5.012356575463372
2004,NL,2590,12018,2846,8736,17299.0,4.64015444015444,1.098841698841699,3.372972972972973,6.679150579150579,2004,4.64015444015444
2005,AL,2268,10790,2437,6811,13764.0,4.757495590828924,1.0745149911816578,3.003086419753086,6.068783068783069,2005,4.757495590828924
2005,NL,2594,11535,2580,8396,16880.0,4.4468003084040095,0.9946029298380878,3.2367000771010024,6.507324595219738,2005,4.4468003084040095
2006,AL,2268,11262,2546,7247,14229.0,4.965608465608466,1.1225749559082892,3.195326278659612,6.273809523809524,2006,4.965608465608466
2006,NL,2590,12337,2840,8600,17426.0,4.763320463320463,1.0965250965250966,3.3204633204633205,6.7281853281853286,2006,4.763320463320463
2007,AL,2268,11114,2252,7503,14740.0,4.900352733686067,0.9929453262786596,3.308201058201058,6.499118165784832,2007,4.900352733686067
2007,NL,2594,12208,2705,8576,17449.0,4.706245181187356,1.0427910562837317,3.3060909791827293,6.726676946800309,2007,4.706245181187356
2008,AL,2268,10844,2270,7521,14834.0,4.781305114638448,1.0008818342151675,3.316137566137566,6.540564373897707,2008,4.781305114638448
2008,NL,2588,11741,2608,8816,18050.0,4.536707882534776,1.007727975270479,3.4064914992272026,6.974497681607419,2008,4.536707882534776
2009,AL,2270,10938,2560,7694,15309.0,4.818502202643172,1.1277533039647578,3.3894273127753305,6.744052863436123,2009,4.818502202643172
2009,NL,2590,11481,2482,8926,18282.0,4.4328185328185326,0.9583011583011583,3.446332046332046,7.058687258687259,2009,4.4328185328185326
2010,AL,2268,10097,2209,7367,15214.0,4.451940035273369,0.9739858906525574,3.248236331569665,6.708112874779541,2010,4.451940035273369
2010,NL,2592,11211,2404,8411,19092.0,4.325231481481482,0.9274691358024691,3.2449845679012346,7.3657407407407405,2010,4.325231481481482
2011,AL,2268,10117,2271,6986,15588.0,4.460758377425044,1.0013227513227514,3.080246913580247,6.873015873015873,2011,4.460758377425044
2011,NL,2590,10691,2281,8032,18900.0,4.127799227799228,0.8806949806949806,3.1011583011583013,7.297297297297297,2011,4.127799227799228
2012,AL,2268,10088,2500,6896,16618.0,4.447971781305115,1.1022927689594357,3.0405643738977073,7.327160493827161,2012,4.447971781305115
2012,NL,2592,10929,2434,7813,19808.0,4.216435185185185,0.9390432098765432,3.0142746913580245,7.6419753086419755,2012,4.216435185185185
2013,AL,2432,10525,2504,7534,18336.0,4.3277138157894735,1.0296052631578947,3.0978618421052633,7.5394736842105265,2013,4.3277138157894735
2013,NL,2430,9730,2157,7106,18374.0,4.004115226337449,0.8876543209876543,2.9242798353909465,7.561316872427984,2013,4.004115226337449
2014,AL,2430,10161,2161,7091,18245.0,4.181481481481481,0.8893004115226337,2.9181069958847736,7.508230452674897,2014,4.181481481481481
2014,NL,2430,9600,2025,6929,19196.0,3.950617283950617,0.8333333333333334,2.851440329218107,7.8995884773662555,2014,3.950617283950617
2015,AL,2428,10651,2634,7047,18281.0,4.386738056013179,1.084843492586491,2.9023887973640856,7.529242174629324,2015,4.386738056013179
2015,NL,2430,9996,2275,7026,19165.0,4.11358024691358,0.9362139917695473,2.891358024691358,7.886831275720165,2015,4.11358024691358
2016,AL,2428,10970,2953,7365,19096.0,4.518121911037891,1.2162273476112027,3.0333607907743,7.864909390444811,2016,4.518121911037891
2016,NL,2428,10774,2657,7723,19886.0,4.437397034596375,1.0943163097199342,3.180807248764415,8.19028006589786,2016,4.437397034596375
2017,AL,2430,11443,3170,7785,19794.0,4.709053497942387,1.3045267489711934,3.2037037037037037,8.14567901234568,2017,4.709053497942387
2017,NL,2430,11139,2935,8044,20310.0,4.583950617283951,1.2078189300411524,3.3102880658436216,8.358024691358025,2017,4.583950617283951
2018,AL,2430,10999,2900,7637,20206.0,4.526337448559671,1.1934156378600822,3.142798353909465,8.315226337448559,2018,4.526337448559671
2018,NL,2432,10631,2685,8049,21001.0,4.371299342105263,1.104029605263158,3.309621710526316,8.635279605263158,2018,4.371299342105263
2019,AL,2428,11859,3478,7916,21415.0,4.884266886326194,1.4324546952224053,3.260296540362438,8.82001647446458,2019,4.884266886326194
2019,NL,2430,11608,3298,7979,21408.0,4.776954732510288,1.357201646090535,3.2835390946502057,8.809876543209876,2019,4.776954732510288
2020,AL,898,4117,1143,3014,7912.0,4.5846325167037865,1.2728285077951003,3.356347438752784,8.810690423162583,2020,4.5846325167037865
2020,NL,898,4227,1161,3078,7674.0,4.7071269487750556,1.2928730512249442,3.4276169265033407,8.5456570155902,2020,4.7071269487750556
2021,AL,2430,11178,3059,7686,20873.0,4.6,1.2588477366255144,3.162962962962963,8.589711934156378,2021,4.6
2021,NL,2428,10832,2885,8108,21272.0,4.461285008237232,1.1882207578253707,3.3393739703459637,8.761120263591433,2021,4.461285008237232
2022,AL,2430,10259,2557,7232,20185.0,4.221810699588477,1.0522633744855967,2.9761316872427983,8.306584362139917,2022,4.221810699588477
2022,NL,2430,10558,2658,7621,20627.0,4.344855967078189,1.0938271604938272,3.1362139917695475,8.488477366255143,2022,4.344855967078189
2023,AL,2430,11066,2925,7693,21261.0,4.553909465020576,1.2037037037037037,3.1658436213991767,8.749382716049382,2023,4.553909465020576
2023,NL,2430,11366,2943,8126,20582.0,4.677366255144033,1.211111111111111,3.3440329218106997,8.469958847736626,2023,4.677366255144033
2024,AL,2428,10378,2714,7380,20503.0,4.274299835255354,1.1177924217462933,3.039538714991763,8.444398682042834,2024,4.274299835255354
2024,NL,2430,10965,2739,7549,20694.0,4.512345679012346,1.1271604938271604,3.106584362139918,8.51604938271605,2024,4.512345679012346
