year,teamID,salary,threshold,over_amount,cbt_tax,cbt_flag
1985,ATL,14807000,,0.0,0.0,0
1985,BAL,11560712,,0.0,0.0,0
1985,BOS,10897560,,0.0,0.0,0
1985,CAL,14427894,,0.0,0.0,0
1985,CHA,9846178,,0.0,0.0,0
1985,CHN,12702917,,0.0,0.0,0
1985,CIN,8359917,,0.0,0.0,0
1985,CLE,6551666,,0.0,0.0,0
1985,DET,10348143,,0.0,0.0,0
1985,HOU,9993051,,0.0,0.0,0
1985,KCA,9321179,,0.0,0.0,0
1985,LAN,10967917,,0.0,0.0,0
1985,MIN,5764821,,0.0,0.0,0
1985,ML4,11284107,,0.0,0.0,0
1985,MON,9470166,,0.0,0.0,0
1985,NYA,14238204,,0.0,0.0,0
1985,NYN,10834762,,0.0,0.0,0
1985,OAK,9058606,,0.0,0.0,0
1985,PHI,10124966,,0.0,0.0,0
1985,PIT,9227500,,0.0,0.0,0
1985,SDN,11036583,,0.0,0.0,0
1985,SEA,4613000,,0.0,0.0,0
1985,SFN,8221714,,0.0,0.0,0
1985,SLN,11817083,,0.0,0.0,0
1985,TEX,7676500,,0.0,0.0,0
1985,TOR,8812550,,0.0,0.0,0
1986,ATL,17102786,,0.0,0.0,0
1986,BAL,13001258,,0.0,0.0,0
1986,BOS,14402239,,0.0,0.0,0
1986,CAL,14427258,,0.0,0.0,0
1986,CHA,10418819,,0.0,0.0,0
1986,CHN,17208165,,0.0,0.0,0
1986,CIN,11906388,,0.0,0.0,0
1986,CLE,7809500,,0.0,0.0,0
1986,DET,12335714,,0.0,0.0,0
1986,HOU,9873276,,0.0,0.0,0
1986,KCA,13043698,,0.0,0.0,0
1986,LAN,14913776,,0.0,0.0,0
1986,MIN,8748167,,0.0,0.0,0
1986,ML4,9943642,,0.0,0.0,0
1986,MON,11103600,,0.0,0.0,0
1986,NYA,18494253,,0.0,0.0,0
1986,NYN,15393714,,0.0,0.0,0
1986,OAK,9779421,,0.0,0.0,0
1986,PHI,11590166,,0.0,0.0,0
1986,PIT,10843500,,0.0,0.0,0
1986,SDN,11380693,,0.0,0.0,0
1986,SEA,5958309,,0.0,0.0,0
1986,SFN,8947000,,0.0,0.0,0
1986,SLN,9875010,,0.0,0.0,0
1986,TEX,6743119,,0.0,0.0,0
1986,TOR,12611047,,0.0,0.0,0
1987,ATL,16544560,,0.0,0.0,0
1987,BAL,13900273,,0.0,0.0,0
1987,BOS,10144167,,0.0,0.0,0
1987,CAL,12843499,,0.0,0.0,0
1987,CHA,10641843,,0.0,0.0,0
1987,CHN,14307999,,0.0,0.0,0
1987,CIN,9281500,,0.0,0.0,0
1987,CLE,8513750,,0.0,0.0,0
1987,DET,12122881,,0.0,0.0,0
1987,HOU,12608371,,0.0,0.0,0
1987,KCA,11828056,,0.0,0.0,0
1987,LAN,13675403,,0.0,0.0,0
1987,MIN,6397500,,0.0,0.0,0
1987,ML4,7293224,,0.0,0.0,0
1987,MON,6942052,,0.0,0.0,0
1987,NYA,17099714,,0.0,0.0,0
1987,NYN,13846714,,0.0,0.0,0
1987,OAK,11680839,,0.0,0.0,0
1987,PHI,11514233,,0.0,0.0,0
1987,PIT,7652000,,0.0,0.0,0
1987,SDN,11065796,,0.0,0.0,0
1987,SEA,2263500,,0.0,0.0,0
1987,SFN,7290000,,0.0,0.0,0
1987,SLN,11758000,,0.0,0.0,0
1987,TEX,880000,,0.0,0.0,0
1987,TOR,10479501,,0.0,0.0,0
1988,ATL,12728174,,0.0,0.0,0
1988,BAL,13532075,,0.0,0.0,0
1988,BOS,13896092,,0.0,0.0,0
1988,CAL,11947388,,0.0,0.0,0
1988,CHA,6390000,,0.0,0.0,0
1988,CHN,13119198,,0.0,0.0,0
1988,CIN,8888409,,0.0,0.0,0
1988,CLE,8936500,,0.0,0.0,0
1988,DET,12869571,,0.0,0.0,0
1988,HOU,12286167,,0.0,0.0,0
1988,KCA,14556562,,0.0,0.0,0
1988,LAN,16850515,,0.0,0.0,0
1988,MIN,12462666,,0.0,0.0,0
1988,ML4,8402000,,0.0,0.0,0
1988,MON,9603333,,0.0,0.0,0
1988,NYA,19441152,,0.0,0.0,0
1988,NYN,15269314,,0.0,0.0,0
1988,OAK,9690000,,0.0,0.0,0
1988,PHI,13838000,,0.0,0.0,0
1988,PIT,5998500,,0.0,0.0,0
1988,SDN,9561002,,0.0,0.0,0
1988,SEA,7342450,,0.0,0.0,0
1988,SFN,12380000,,0.0,0.0,0
1988,SLN,12880000,,0.0,0.0,0
1988,TEX,5342131,,0.0,0.0,0
1988,TOR,12241225,,0.0,0.0,0
1989,ATL,11112334,,0.0,0.0,0
1989,BAL,8275167,,0.0,0.0,0
1989,BOS,17481748,,0.0,0.0,0
1989,CAL,15097833,,0.0,0.0,0
1989,CHA,7265410,,0.0,0.0,0
1989,CHN,10668000,,0.0,0.0,0
1989,CIN,11072000,,0.0,0.0,0
1989,CLE,9094500,,0.0,0.0,0
1989,DET,15146404,,0.0,0.0,0
1989,HOU,15029500,,0.0,0.0,0
1989,KCA,18683568,,0.0,0.0,0
1989,LAN,21071562,,0.0,0.0,0
1989,MIN,15531666,,0.0,0.0,0
1989,ML4,11533000,,0.0,0.0,0
1989,MON,13807389,,0.0,0.0,0
1989,NYA,17114375,,0.0,0.0,0
1989,NYN,19885071,,0.0,0.0,0
1989,OAK,15613070,,0.0,0.0,0
1989,PHI,10604000,,0.0,0.0,0
1989,PIT,12737500,,0.0,0.0,0
1989,SDN,14195000,,0.0,0.0,0
1989,SEA,9779500,,0.0,0.0,0
1989,SFN,14962834,,0.0,0.0,0
1989,SLN,16078833,,0.0,0.0,0
1989,TEX,11893781,,0.0,0.0,0
1989,TOR,16261666,,0.0,0.0,0
1990,ATL,14555501,,0.0,0.0,0
1990,BAL,9680084,,0.0,0.0,0
1990,BOS,20558333,,0.0,0.0,0
1990,CAL,21720000,,0.0,0.0,0
1990,CHA,9491500,,0.0,0.0,0
1990,CHN,13624000,,0.0,0.0,0
1990,CIN,14370000,,0.0,0.0,0
1990,CLE,14487000,,0.0,0.0,0
1990,DET,17593238,,0.0,0.0,0
1990,HOU,18330000,,0.0,0.0,0
1990,KCA,23361084,,0.0,0.0,0
1990,LAN,21318704,,0.0,0.0,0
1990,MIN,14602000,,0.0,0.0,0
1990,ML4,19719167,,0.0,0.0,0
1990,MON,16586388,,0.0,0.0,0
1990,NYA,20912318,,0.0,0.0,0
1990,NYN,21722834,,0.0,0.0,0
1990,OAK,19887501,,0.0,0.0,0
1990,PHI,13173667,,0.0,0.0,0
1990,PIT,15556000,,0.0,0.0,0
1990,SDN,17588334,,0.0,0.0,0
1990,SEA,12553667,,0.0,0.0,0
1990,SFN,19335333,,0.0,0.0,0
1990,SLN,20523334,,0.0,0.0,0
1990,TEX,14874372,,0.0,0.0,0
1990,TOR,17756834,,0.0,0.0,0
1991,ATL,18403500,,0.0,0.0,0
1991,BAL,17519000,,0.0,0.0,0
1991,BOS,35167500,,0.0,0.0,0
1991,CAL,33060001,,0.0,0.0,0
1991,CHA,16919667,,0.0,0.0,0
1991,CHN,23175667,,0.0,0.0,0
1991,CIN,26305333,,0.0,0.0,0
1991,CLE,17635000,,0.0,0.0,0
1991,DET,23838333,,0.0,0.0,0
1991,HOU,12852500,,0.0,0.0,0
1991,KCA,26319834,,0.0,0.0,0
1991,LAN,32790664,,0.0,0.0,0
1991,MIN,23361833,,0.0,0.0,0
1991,ML4,23115500,,0.0,0.0,0
1991,MON,10732333,,0.0,0.0,0
1991,NYA,27344168,,0.0,0.0,0
1991,NYN,32590001,,0.0,0.0,0
1991,OAK,36999167,,0.0,0.0,0
1991,PHI,22487332,,0.0,0.0,0
1991,PIT,23634667,,0.0,0.0,0
1991,SDN,22150001,,0.0,0.0,0
1991,SEA,15691833,,0.0,0.0,0
1991,SFN,30967666,,0.0,0.0,0
1991,SLN,21860001,,0.0,0.0,0
1991,TEX,18224500,,0.0,0.0,0
1991,TOR,19902417,,0.0,0.0,0
1992,ATL,34625333,,0.0,0.0,0
1992,BAL,23780667,,0.0,0.0,0
1992,BOS,43610584,,0.0,0.0,0
1992,CAL,34749334,,0.0,0.0,0
1992,CHA,30160833,,0.0,0.0,0
1992,CHN,29829686,,0.0,0.0,0
1992,CIN,35931499,,0.0,0.0,0
1992,CLE,9373044,,0.0,0.0,0
1992,DET,27322834,,0.0,0.0,0
1992,HOU,15407500,,0.0,0.0,0
1992,KCA,33893834,,0.0,0.0,0
1992,LAN,44788166,,0.0,0.0,0
1992,MIN,28027834,,0.0,0.0,0
1992,ML4,31013667,,0.0,0.0,0
1992,MON,15822334,,0.0,0.0,0
1992,NYA,37543334,,0.0,0.0,0
1992,NYN,44602002,,0.0,0.0,0
1992,OAK,41035000,,0.0,0.0,0
1992,PHI,24383834,,0.0,0.0,0
1992,PIT,33944167,,0.0,0.0,0
1992,SDN,26854167,,0.0,0.0,0
1992,SEA,23179833,,0.0,0.0,0
1992,SFN,33163168,,0.0,0.0,0
1992,SLN,27583836,,0.0,0.0,0
1992,TEX,30128167,,0.0,0.0,0
1992,TOR,44788666,,0.0,0.0,0
1993,ATL,41641417,,0.0,0.0,0
1993,BAL,29096500,,0.0,0.0,0
1993,BOS,37120583,,0.0,0.0,0
1993,CAL,28588334,,0.0,0.0,0
1993,CHA,39696166,,0.0,0.0,0
1993,CHN,39386666,,0.0,0.0,0
1993,CIN,44879666,,0.0,0.0,0
1993,CLE,18561000,,0.0,0.0,0
1993,COL,10353500,,0.0,0.0,0
1993,DET,38150165,,0.0,0.0,0
1993,FLO,19330545,,0.0,0.0,0
1993,HOU,30210500,,0.0,0.0,0
1993,KCA,41346167,,0.0,0.0,0
1993,LAN,39331999,,0.0,0.0,0
1993,MIN,28217933,,0.0,0.0,0
1993,ML4,23806834,,0.0,0.0,0
1993,MON,18899333,,0.0,0.0,0
1993,NYA,42624900,,0.0,0.0,0
1993,NYN,39043667,,0.0,0.0,0
1993,OAK,37812333,,0.0,0.0,0
1993,PHI,28538334,,0.0,0.0,0
1993,PIT,24822467,,0.0,0.0,0
1993,SDN,25511333,,0.0,0.0,0
1993,SEA,32696333,,0.0,0.0,0
1993,SFN,35050000,,0.0,0.0,0
1993,SLN,23367334,,0.0,0.0,0
1993,TEX,36376959,,0.0,0.0,0
1993,TOR,47279166,,0.0,0.0,0
1994,ATL,49383513,,0.0,0.0,0
1994,BAL,38849769,,0.0,0.0,0
1994,BOS,37859084,,0.0,0.0,0
1994,CAL,25156218,,0.0,0.0,0
1994,CHA,39183836,,0.0,0.0,0
1994,CHN,36287333,,0.0,0.0,0
1994,CIN,40961833,,0.0,0.0,0
1994,CLE,30490500,,0.0,0.0,0
1994,COL,23887333,,0.0,0.0,0
1994,DET,41446501,,0.0,0.0,0
1994,FLO,21633000,,0.0,0.0,0
1994,HOU,33126000,,0.0,0.0,0
1994,KCA,40541334,,0.0,0.0,0
1994,LAN,38000001,,0.0,0.0,0
1994,MIN,28438500,,0.0,0.0,0
1994,ML4,24350500,,0.0,0.0,0
1994,MON,19098000,,0.0,0.0,0
1994,NYA,45731334,,0.0,0.0,0
1994,NYN,30956583,,0.0,0.0,0
1994,OAK,34172500,,0.0,0.0,0
1994,PHI,31599000,,0.0,0.0,0
1994,PIT,24217250,,0.0,0.0,0
1994,SDN,14916333,,0.0,0.0,0
1994,SEA,29228500,,0.0,0.0,0
1994,SFN,42638666,,0.0,0.0,0
1994,SLN,29275601,,0.0,0.0,0
1994,TEX,32973597,,0.0,0.0,0
1994,TOR,43433668,,0.0,0.0,0
1995,ATL,47235445,,0.0,0.0,0
1995,BAL,43942521,,0.0,0.0,0
1995,BOS,32455518,,0.0,0.0,0
1995,CAL,31223171,,0.0,0.0,0
1995,CHA,46961282,,0.0,0.0,0
1995,CHN,29505834,,0.0,0.0,0
1995,CIN,43144670,,0.0,0.0,0
1995,CLE,37937835,,0.0,0.0,0
1995,COL,34154717,,0.0,0.0,0
1995,DET,37044168,,0.0,0.0,0
1995,FLO,24515781,,0.0,0.0,0
1995,HOU,34169834,,0.0,0.0,0
1995,KCA,29532834,,0.0,0.0,0
1995,LAN,39273201,,0.0,0.0,0
1995,MIN,25410500,,0.0,0.0,0
1995,ML4,17798825,,0.0,0.0,0
1995,MON,12364000,,0.0,0.0,0
1995,NYA,48874851,,0.0,0.0,0
1995,NYN,27674992,,0.0,0.0,0
1995,OAK,37739225,,0.0,0.0,0
1995,PHI,30555945,,0.0,0.0,0
1995,PIT,18355345,,0.0,0.0,0
1995,SDN,26382334,,0.0,0.0,0
1995,SEA,36481311,,0.0,0.0,0
1995,SFN,36462777,,0.0,0.0,0
1995,SLN,37101000,,0.0,0.0,0
1995,TEX,34581451,,0.0,0.0,0
1995,TOR,50590000,,0.0,0.0,0
1996,ATL,49698500,,0.0,0.0,0
1996,BAL,54490315,,0.0,0.0,0
1996,BOS,42393500,,0.0,0.0,0
1996,CAL,28738000,,0.0,0.0,0
1996,CHA,45139500,,0.0,0.0,0
1996,CHN,33081000,,0.0,0.0,0
1996,CIN,42526334,,0.0,0.0,0
1996,CLE,48107360,,0.0,0.0,0
1996,COL,40179823,,0.0,0.0,0
1996,DET,23438000,,0.0,0.0,0
1996,FLO,31022500,,0.0,0.0,0
1996,HOU,28487000,,0.0,0.0,0
1996,KCA,20281250,,0.0,0.0,0
1996,LAN,35355000,,0.0,0.0,0
1996,MIN,23117000,,0.0,0.0,0
1996,ML4,21730000,,0.0,0.0,0
1996,MON,16264500,,0.0,0.0,0
1996,NYA,54191792,,0.0,0.0,0
1996,NYN,24479500,,0.0,0.0,0
1996,OAK,21243000,,0.0,0.0,0
1996,PHI,34314500,,0.0,0.0,0
1996,PIT,23017500,,0.0,0.0,0
1996,SDN,28348172,,0.0,0.0,0
1996,SEA,41328501,,0.0,0.0,0
1996,SFN,37144725,,0.0,0.0,0
1996,SLN,40269667,,0.0,0.0,0
1996,TEX,39041528,,0.0,0.0,0
1996,TOR,29555083,,0.0,0.0,0
1997,ANA,31135472,,0.0,0.0,0
1997,ATL,52278500,,0.0,0.0,0
1997,BAL,58516400,,0.0,0.0,0
1997,BOS,43558750,,0.0,0.0,0
1997,CHA,57740000,,0.0,0.0,0
1997,CHN,42155333,,0.0,0.0,0
1997,CIN,49768000,,0.0,0.0,0
1997,CLE,56802460,,0.0,0.0,0
1997,COL,43559667,,0.0,0.0,0
1997,DET,17272000,,0.0,0.0,0
1997,FLO,48692500,,0.0,0.0,0
1997,HOU,34777500,,0.0,0.0,0
1997,KCA,34655000,,0.0,0.0,0
1997,LAN,45380304,,0.0,0.0,0
1997,MIN,34072500,,0.0,0.0,0
1997,ML4,23655338,,0.0,0.0,0
1997,MON,19295500,,0.0,0.0,0
1997,NYA,62241545,,0.0,0.0,0
1997,NYN,39800400,,0.0,0.0,0
1997,OAK,24018500,,0.0,0.0,0
1997,PHI,36656500,,0.0,0.0,0
1997,PIT,10771667,,0.0,0.0,0
1997,SDN,37363672,,0.0,0.0,0
1997,SEA,41540661,,0.0,0.0,0
1997,SFN,35592378,,0.0,0.0,0
1997,SLN,45456667,,0.0,0.0,0
1997,TEX,53448838,,0.0,0.0,0
1997,TOR,47079833,,0.0,0.0,0
1998,ANA,41281000,,0.0,0.0,0
1998,ARI,32347000,,0.0,0.0,0
1998,ATL,61186000,,0.0,0.0,0
1998,BAL,72355634,,0.0,0.0,0
1998,BOS,56757000,,0.0,0.0,0
1998,CHA,38335000,,0.0,0.0,0
1998,CHN,50838000,,0.0,0.0,0
1998,CIN,23005000,,0.0,0.0,0
1998,CLE,60800166,,0.0,0.0,0
1998,COL,50484648,,0.0,0.0,0
1998,DET,24065000,,0.0,0.0,0
1998,FLO,41322667,,0.0,0.0,0
1998,HOU,42374000,,0.0,0.0,0
1998,KCA,36862500,,0.0,0.0,0
1998,LAN,48820000,,0.0,0.0,0
1998,MIL,33914904,,0.0,0.0,0
1998,MIN,27927500,,0.0,0.0,0
1998,MON,10641500,,0.0,0.0,0
1998,NYA,66806867,,0.0,0.0,0
1998,NYN,52077999,,0.0,0.0,0
1998,OAK,21303000,,0.0,0.0,0
1998,PHI,36297500,,0.0,0.0,0
1998,PIT,15065000,,0.0,0.0,0
1998,SDN,46861500,,0.0,0.0,0
1998,SEA,54087036,,0.0,0.0,0
1998,SFN,42565834,,0.0,0.0,0
1998,SLN,54672521,,0.0,0.0,0
1998,TBA,27280000,,0.0,0.0,0
1998,TEX,56572095,,0.0,0.0,0
1998,TOR,51376000,,0.0,0.0,0
1999,ANA,55388166,,0.0,0.0,0
1999,ARI,68703999,,0.0,0.0,0
1999,ATL,73140000,,0.0,0.0,0
1999,BAL,80605863,,0.0,0.0,0
1999,BOS,63497500,,0.0,0.0,0
1999,CHA,25620000,,0.0,0.0,0
1999,CHN,62343000,,0.0,0.0,0
1999,CIN,33962761,,0.0,0.0,0
1999,CLE,72978462,,0.0,0.0,0
1999,COL,61935837,,0.0,0.0,0
1999,DET,36489666,,0.0,0.0,0
1999,FLO,21085000,,0.0,0.0,0
1999,HOU,54914000,,0.0,0.0,0
1999,KCA,26225000,,0.0,0.0,0
1999,LAN,80862453,,0.0,0.0,0
1999,MIL,43377395,,0.0,0.0,0
1999,MIN,21257500,,0.0,0.0,0
1999,MON,17903000,,0.0,0.0,0
1999,NYA,86734359,,0.0,0.0,0
1999,NYN,65092092,,0.0,0.0,0
1999,OAK,24431833,,0.0,0.0,0
1999,PHI,31692500,,0.0,0.0,0
1999,PIT,24697666,,0.0,0.0,0
1999,SDN,49768179,,0.0,0.0,0
1999,SEA,54125003,,0.0,0.0,0
1999,SFN,46595057,,0.0,0.0,0
1999,SLN,49778195,,0.0,0.0,0
1999,TBA,38870000,,0.0,0.0,0
1999,TEX,76709931,,0.0,0.0,0
1999,TOR,45444333,,0.0,0.0,0
2000,ANA,51464167,,0.0,0.0,0
2000,ARI,81027833,,0.0,0.0,0
2000,ATL,84537836,,0.0,0.0,0
2000,BAL,81447435,,0.0,0.0,0
2000,BOS,77940333,,0.0,0.0,0
2000,CHA,31133500,,0.0,0.0,0
2000,CHN,60539333,,0.0,0.0,0
2000,CIN,46867200,,0.0,0.0,0
2000,CLE,75880771,,0.0,0.0,0
2000,COL,61111190,,0.0,0.0,0
2000,DET,58265167,,0.0,0.0,0
2000,FLO,19872000,,0.0,0.0,0
2000,HOU,51289111,,0.0,0.0,0
2000,KCA,23433000,,0.0,0.0,0
2000,LAN,87924286,,0.0,0.0,0
2000,MIL,36505333,,0.0,0.0,0
2000,MIN,16519500,,0.0,0.0,0
2000,MON,32994333,,0.0,0.0,0
2000,NYA,92338260,,0.0,0.0,0
2000,NYN,79509776,,0.0,0.0,0
2000,OAK,31971333,,0.0,0.0,0
2000,PHI,47308000,,0.0,0.0,0
2000,PIT,28928334,,0.0,0.0,0
2000,SDN,54821000,,0.0,0.0,0
2000,SEA,58915000,,0.0,0.0,0
2000,SFN,53737826,,0.0,0.0,0
2000,SLN,61453863,,0.0,0.0,0
2000,TBA,62765129,,0.0,0.0,0
2000,TEX,70795921,,0.0,0.0,0
2000,TOR,44838332,,0.0,0.0,0
2001,ANA,47535167,,0.0,0.0,0
2001,ARI,85082999,,0.0,0.0,0
2001,ATL,91936166,,0.0,0.0,0
2001,BAL,67599540,,0.0,0.0,0
2001,BOS,110035833,,0.0,0.0,0
2001,CHA,65653667,,0.0,0.0,0
2001,CHN,64715833,,0.0,0.0,0
2001,CIN,48986000,,0.0,0.0,0
2001,CLE,93152001,,0.0,0.0,0
2001,COL,71541334,,0.0,0.0,0
2001,DET,53416167,,0.0,0.0,0
2001,FLO,35762500,,0.0,0.0,0
2001,HOU,60612667,,0.0,0.0,0
2001,KCA,35422500,,0.0,0.0,0
2001,LAN,109105953,,0.0,0.0,0
2001,MIL,43886833,,0.0,0.0,0
2001,MIN,24130000,,0.0,0.0,0
2001,MON,35159500,,0.0,0.0,0
2001,NYA,112287143,,0.0,0.0,0
2001,NYN,93174428,,0.0,0.0,0
2001,OAK,33810750,,0.0,0.0,0
2001,PHI,41663833,,0.0,0.0,0
2001,PIT,57760833,,0.0,0.0,0
2001,SDN,39182833,,0.0,0.0,0
2001,SEA,74720834,,0.0,0.0,0
2001,SFN,63280167,,0.0,0.0,0
2001,SLN,78538333,,0.0,0.0,0
2001,TBA,56980000,,0.0,0.0,0
2001,TEX,88633500,,0.0,0.0,0
2001,TOR,76895999,,0.0,0.0,0
2002,ANA,61721667,,0.0,0.0,0
2002,ARI,102819999,,0.0,0.0,0
2002,ATL,92870367,,0.0,0.0,0
2002,BAL,60493487,,0.0,0.0,0
2002,BOS,108366060,,0.0,0.0,0
2002,CHA,57052833,,0.0,0.0,0
2002,CHN,75690833,,0.0,0.0,0
2002,CIN,45050390,,0.0,0.0,0
2002,CLE,78909449,,0.0,0.0,0
2002,COL,56851043,,0.0,0.0,0
2002,DET,55048000,,0.0,0.0,0
2002,FLO,41979917,,0.0,0.0,0
2002,HOU,63448417,,0.0,0.0,0
2002,KCA,47257000,,0.0,0.0,0
2002,LAN,94850953,,0.0,0.0,0
2002,MIL,50287833,,0.0,0.0,0
2002,MIN,40425000,,0.0,0.0,0
2002,MON,38670500,,0.0,0.0,0
2002,NYA,125928583,,0.0,0.0,0
2002,NYN,94633593,,0.0,0.0,0
2002,OAK,40004167,,0.0,0.0,0
2002,PHI,57954999,,0.0,0.0,0
2002,PIT,42323599,,0.0,0.0,0
2002,SDN,41425000,,0.0,0.0,0
2002,SEA,80282668,,0.0,0.0,0
2002,SFN,78299835,,0.0,0.0,0
2002,SLN,74660875,,0.0,0.0,0
2002,TBA,34380000,,0.0,0.0,0
2002,TEX,105526122,,0.0,0.0,0
2002,TOR,76864333,,0.0,0.0,0
2003,ANA,79031667,117000000.0,0.0,0.0,0
2003,ARI,80657000,117000000.0,0.0,0.0,0
2003,ATL,106243667,117000000.0,0.0,0.0,0
2003,BAL,73877500,117000000.0,0.0,0.0,0
2003,BOS,99946500,117000000.0,0.0,0.0,0
2003,CHA,51010000,117000000.0,0.0,0.0,0
2003,CHN,79868333,117000000.0,0.0,0.0,0
2003,CIN,59355667,117000000.0,0.0,0.0,0
2003,CLE,48584834,117000000.0,0.0,0.0,0
2003,COL,67179667,117000000.0,0.0,0.0,0
2003,DET,49168000,117000000.0,0.0,0.0,0
2003,FLO,49450000,117000000.0,0.0,0.0,0
2003,HOU,71040000,117000000.0,0.0,0.0,0
2003,KCA,40518000,117000000.0,0.0,0.0,0
2003,LAN,105572620,117000000.0,0.0,0.0,0
2003,MIL,40627000,117000000.0,0.0,0.0,0
2003,MIN,55505000,117000000.0,0.0,0.0,0
2003,MON,51948500,117000000.0,0.0,0.0,0
2003,NYA,152749814,117000000.0,35749814.0,7149962.800000001,1
2003,NYN,116876429,117000000.0,0.0,0.0,0
2003,OAK,50260834,117000000.0,0.0,0.0,0
2003,PHI,70780000,117000000.0,0.0,0.0,0
2003,PIT,54812429,117000000.0,0.0,0.0,0
2003,SDN,45210000,117000000.0,0.0,0.0,0
2003,SEA,86959167,117000000.0,0.0,0.0,0
2003,SFN,82852167,117000000.0,0.0,0.0,0
2003,SLN,83786666,117000000.0,0.0,0.0,0
2003,TBA,19630000,117000000.0,0.0,0.0,0
2003,TEX,103491667,117000000.0,0.0,0.0,0
2003,TOR,51269000,117000000.0,0.0,0.0,0
2004,ANA,100534667,120000000.0,0.0,0.0,0
2004,ARI,69780750,120000000.0,0.0,0.0,0
2004,ATL,90182500,120000000.0,0.0,0.0,0
2004,BAL,51623333,120000000.0,0.0,0.0,0
2004,BOS,127298500,120000000.0,7298500.0,1459700.0,1
2004,CHA,65212500,120000000.0,0.0,0.0,0
2004,CHN,90560000,120000000.0,0.0,0.0,0
2004,CIN,46615250,120000000.0,0.0,0.0,0
2004,CLE,34319300,120000000.0,0.0,0.0,0
2004,COL,65445167,120000000.0,0.0,0.0,0
2004,DET,46832000,120000000.0,0.0,0.0,0
2004,FLO,42143042,120000000.0,0.0,0.0,0
2004,HOU,75397000,120000000.0,0.0,0.0,0
2004,KCA,47609000,120000000.0,0.0,0.0,0
2004,LAN,92902001,120000000.0,0.0,0.0,0
2004,MIL,27528500,120000000.0,0.0,0.0,0
2004,MIN,53585000,120000000.0,0.0,0.0,0
2004,MON,40897500,120000000.0,0.0,0.0,0
2004,NYA,184193950,120000000.0,64193950.0,12838790.0,1
2004,NYN,96660970,120000000.0,0.0,0.0,0
2004,OAK,59425667,120000000.0,0.0,0.0,0
2004,PHI,92919167,120000000.0,0.0,0.0,0
2004,PIT,32227929,120000000.0,0.0,0.0,0
2004,SDN,55384833,120000000.0,0.0,0.0,0
2004,SEA,81515834,120000000.0,0.0,0.0,0
2004,SFN,82019166,120000000.0,0.0,0.0,0
2004,SLN,83228333,120000000.0,0.0,0.0,0
2004,TBA,29556667,120000000.0,0.0,0.0,0
2004,TEX,55050417,120000000.0,0.0,0.0,0
2004,TOR,50017000,120000000.0,0.0,0.0,0
2005,ARI,62329166,128000000.0,0.0,0.0,0
2005,ATL,86457302,128000000.0,0.0,0.0,0
2005,BAL,73914333,128000000.0,0.0,0.0,0
2005,BOS,123505125,128000000.0,0.0,0.0,0
2005,CHA,75178000,128000000.0,0.0,0.0,0
2005,CHN,87032933,128000000.0,0.0,0.0,0
2005,CIN,61892583,128000000.0,0.0,0.0,0
2005,CLE,41502500,128000000.0,0.0,0.0,0
2005,COL,47839000,128000000.0,0.0,0.0,0
2005,DET,69092000,128000000.0,0.0,0.0,0
2005,FLO,60408834,128000000.0,0.0,0.0,0
2005,HOU,76779000,128000000.0,0.0,0.0,0
2005,KCA,36881000,128000000.0,0.0,0.0,0
2005,LAA,94867822,128000000.0,0.0,0.0,0
2005,LAN,83039000,128000000.0,0.0,0.0,0
2005,MIL,39934833,128000000.0,0.0,0.0,0
2005,MIN,56186000,128000000.0,0.0,0.0,0
2005,NYA,208306817,128000000.0,80306817.0,16061363.4,1
2005,NYN,101305821,128000000.0,0.0,0.0,0
2005,OAK,55425762,128000000.0,0.0,0.0,0
2005,PHI,95522000,128000000.0,0.0,0.0,0
2005,PIT,38133000,128000000.0,0.0,0.0,0
2005,SDN,63290833,128000000.0,0.0,0.0,0
2005,SEA,87754334,128000000.0,0.0,0.0,0
2005,SFN,90199500,128000000.0,0.0,0.0,0
2005,SLN,92106833,128000000.0,0.0,0.0,0
2005,TBA,29679067,128000000.0,0.0,0.0,0
2005,TEX,55849000,128000000.0,0.0,0.0,0
2005,TOR,45719500,128000000.0,0.0,0.0,0
2005,WAS,48581500,128000000.0,0.0,0.0,0
2006,ARI,59684226,136000000.0,0.0,0.0,0
2006,ATL,90156876,136000000.0,0.0,0.0,0
2006,BAL,72585582,136000000.0,0.0,0.0,0
2006,BOS,120099824,136000000.0,0.0,0.0,0
2006,CHA,102750667,136000000.0,0.0,0.0,0
2006,CHN,94424499,136000000.0,0.0,0.0,0
2006,CIN,60909519,136000000.0,0.0,0.0,0
2006,CLE,56031500,136000000.0,0.0,0.0,0
2006,COL,41233000,136000000.0,0.0,0.0,0
2006,DET,82612866,136000000.0,0.0,0.0,0
2006,FLO,14671500,136000000.0,0.0,0.0,0
2006,HOU,88694435,136000000.0,0.0,0.0,0
2006,KCA,47294000,136000000.0,0.0,0.0,0
2006,LAA,103472000,136000000.0,0.0,0.0,0
2006,LAN,98447187,136000000.0,0.0,0.0,0
2006,MIL,57568333,136000000.0,0.0,0.0,0
2006,MIN,63396006,136000000.0,0.0,0.0,0
2006,NYA,194663079,136000000.0,58663079.0,11732615.8,1
2006,NYN,101084963,136000000.0,0.0,0.0,0
2006,OAK,62243079,136000000.0,0.0,0.0,0
2006,PHI,88273333,136000000.0,0.0,0.0,0
2006,PIT,46717750,136000000.0,0.0,0.0,0
2006,SDN,69896141,136000000.0,0.0,0.0,0
2006,SEA,87959833,136000000.0,0.0,0.0,0
2006,SFN,90056419,136000000.0,0.0,0.0,0
2006,SLN,88891371,136000000.0,0.0,0.0,0
2006,TBA,34917967,136000000.0,0.0,0.0,0
2006,TEX,68228662,136000000.0,0.0,0.0,0
2006,TOR,71365000,136000000.0,0.0,0.0,0
2006,WAS,63143000,136000000.0,0.0,0.0,0
2007,ARI,52067546,148000000.0,0.0,0.0,0
2007,ATL,87290833,148000000.0,0.0,0.0,0
2007,BAL,93174808,148000000.0,0.0,0.0,0
2007,BOS,143026214,148000000.0,0.0,0.0,0
2007,CHA,108671833,148000000.0,0.0,0.0,0
2007,CHN,99670332,148000000.0,0.0,0.0,0
2007,CIN,68524980,148000000.0,0.0,0.0,0
2007,CLE,61673267,148000000.0,0.0,0.0,0
2007,COL,54041000,148000000.0,0.0,0.0,0
2007,DET,94800369,148000000.0,0.0,0.0,0
2007,FLO,30507000,148000000.0,0.0,0.0,0
2007,HOU,87759000,148000000.0,0.0,0.0,0
2007,KCA,67116500,148000000.0,0.0,0.0,0
2007,LAA,109251333,148000000.0,0.0,0.0,0
2007,LAN,108454524,148000000.0,0.0,0.0,0
2007,MIL,70986500,148000000.0,0.0,0.0,0
2007,MIN,71439500,148000000.0,0.0,0.0,0
2007,NYA,189259045,148000000.0,41259045.0,8251809.0,1
2007,NYN,115231663,148000000.0,0.0,0.0,0
2007,OAK,79366940,148000000.0,0.0,0.0,0
2007,PHI,89428213,148000000.0,0.0,0.0,0
2007,PIT,38537833,148000000.0,0.0,0.0,0
2007,SDN,58110567,148000000.0,0.0,0.0,0
2007,SEA,106460833,148000000.0,0.0,0.0,0
2007,SFN,90219056,148000000.0,0.0,0.0,0
2007,SLN,90286823,148000000.0,0.0,0.0,0
2007,TBA,24123500,148000000.0,0.0,0.0,0
2007,TEX,68318675,148000000.0,0.0,0.0,0
2007,TOR,81942800,148000000.0,0.0,0.0,0
2007,WAS,36947500,148000000.0,0.0,0.0,0
2008,ARI,66202712,155000000.0,0.0,0.0,0
2008,ATL,102365683,155000000.0,0.0,0.0,0
2008,BAL,67196246,155000000.0,0.0,0.0,0
2008,BOS,133390035,155000000.0,0.0,0.0,0
2008,CHA,121189332,155000000.0,0.0,0.0,0
2008,CHN,118345833,155000000.0,0.0,0.0,0
2008,CIN,74117695,155000000.0,0.0,0.0,0
2008,CLE,78970066,155000000.0,0.0,0.0,0
2008,COL,68655500,155000000.0,0.0,0.0,0
2008,DET,137685196,155000000.0,0.0,0.0,0
2008,FLO,21811500,155000000.0,0.0,0.0,0
2008,HOU,88930414,155000000.0,0.0,0.0,0
2008,KCA,58245500,155000000.0,0.0,0.0,0
2008,LAA,119216333,155000000.0,0.0,0.0,0
2008,LAN,118588536,155000000.0,0.0,0.0,0
2008,MIL,80937499,155000000.0,0.0,0.0,0
2008,MIN,56932766,155000000.0,0.0,0.0,0
2008,NYA,207896789,155000000.0,52896789.0,10579357.8,1
2008,NYN,137793376,155000000.0,0.0,0.0,0
2008,OAK,47967126,155000000.0,0.0,0.0,0
2008,PHI,97879880,155000000.0,0.0,0.0,0
2008,PIT,48689783,155000000.0,0.0,0.0,0
2008,SDN,73677616,155000000.0,0.0,0.0,0
2008,SEA,117666482,155000000.0,0.0,0.0,0
2008,SFN,76594500,155000000.0,0.0,0.0,0
2008,SLN,99624449,155000000.0,0.0,0.0,0
2008,TBA,43820597,155000000.0,0.0,0.0,0
2008,TEX,67712326,155000000.0,0.0,0.0,0
2008,TOR,97793900,155000000.0,0.0,0.0,0
2008,WAS,54961000,155000000.0,0.0,0.0,0
2009,ARI,73115666,162000000.0,0.0,0.0,0
2009,ATL,96726166,162000000.0,0.0,0.0,0
2009,BAL,67101666,162000000.0,0.0,0.0,0
2009,BOS,121345999,162000000.0,0.0,0.0,0
2009,CHA,96068500,162000000.0,0.0,0.0,0
2009,CHN,134809000,162000000.0,0.0,0.0,0
2009,CIN,73558500,162000000.0,0.0,0.0,0
2009,CLE,81579166,162000000.0,0.0,0.0,0
2009,COL,75201000,162000000.0,0.0,0.0,0
2009,DET,115085145,162000000.0,0.0,0.0,0
2009,FLO,36834000,162000000.0,0.0,0.0,0
2009,HOU,102996414,162000000.0,0.0,0.0,0
2009,KCA,70519333,162000000.0,0.0,0.0,0
2009,LAA,113709000,162000000.0,0.0,0.0,0
2009,LAN,100414592,162000000.0,0.0,0.0,0
2009,MIL,80182502,162000000.0,0.0,0.0,0
2009,MIN,65299266,162000000.0,0.0,0.0,0
2009,NYA,201449189,162000000.0,39449189.0,7889837.800000001,1
2009,NYN,149373987,162000000.0,0.0,0.0,0
2009,OAK,61910000,162000000.0,0.0,0.0,0
2009,PHI,113004046,162000000.0,0.0,0.0,0
2009,PIT,48693000,162000000.0,0.0,0.0,0
2009,SDN,43333700,162000000.0,0.0,0.0,0
2009,SEA,98904166,162000000.0,0.0,0.0,0
2009,SFN,83026450,162000000.0,0.0,0.0,0
2009,SLN,88528409,162000000.0,0.0,0.0,0
2009,TBA,63313034,162000000.0,0.0,0.0,0
2009,TEX,68178798,162000000.0,0.0,0.0,0
2009,TOR,80538300,162000000.0,0.0,0.0,0
2009,WAS,59928000,162000000.0,0.0,0.0,0
2010,ARI,60718166,170000000.0,0.0,0.0,0
2010,ATL,84423666,170000000.0,0.0,0.0,0
2010,BAL,81612500,170000000.0,0.0,0.0,0
2010,BOS,162447333,170000000.0,0.0,0.0,0
2010,CHA,105530000,170000000.0,0.0,0.0,0
2010,CHN,146609000,170000000.0,0.0,0.0,0
2010,CIN,71761542,170000000.0,0.0,0.0,0
2010,CLE,61203966,170000000.0,0.0,0.0,0
2010,COL,84227000,170000000.0,0.0,0.0,0
2010,DET,122864928,170000000.0,0.0,0.0,0
2010,FLO,57029719,170000000.0,0.0,0.0,0
2010,HOU,92355500,170000000.0,0.0,0.0,0
2010,KCA,71405210,170000000.0,0.0,0.0,0
2010,LAA,104963866,170000000.0,0.0,0.0,0
2010,LAN,95358016,170000000.0,0.0,0.0,0
2010,MIL,81108278,170000000.0,0.0,0.0,0
2010,MIN,97559166,170000000.0,0.0,0.0,0
2010,NYA,206333389,170000000.0,36333389.0,7266677.800000001,1
2010,NYN,134422942,170000000.0,0.0,0.0,0
2010,OAK,55254900,170000000.0,0.0,0.0,0
2010,PHI,141928379,170000000.0,0.0,0.0,0
2010,PIT,34943000,170000000.0,0.0,0.0,0
2010,SDN,37799300,170000000.0,0.0,0.0,0
2010,SEA,86510000,170000000.0,0.0,0.0,0
2010,SFN,98641333,170000000.0,0.0,0.0,0
2010,SLN,93540751,170000000.0,0.0,0.0,0
2010,TBA,71923471,170000000.0,0.0,0.0,0
2010,TEX,55250544,170000000.0,0.0,0.0,0
2010,TOR,62234000,170000000.0,0.0,0.0,0
2010,WAS,61400000,170000000.0,0.0,0.0,0
2011,ARI,53639833,178000000.0,0.0,0.0,0
2011,ATL,87002692,178000000.0,0.0,0.0,0
2011,BAL,85304038,178000000.0,0.0,0.0,0
2011,BOS,161762475,178000000.0,0.0,0.0,0
2011,CHA,127789000,178000000.0,0.0,0.0,0
2011,CHN,125047329,178000000.0,0.0,0.0,0
2011,CIN,75947134,178000000.0,0.0,0.0,0
2011,CLE,48776566,178000000.0,0.0,0.0,0
2011,COL,88148071,178000000.0,0.0,0.0,0
2011,DET,105700231,178000000.0,0.0,0.0,0
2011,FLO,56944000,178000000.0,0.0,0.0,0
2011,HOU,70694000,178000000.0,0.0,0.0,0
2011,KCA,35712000,178000000.0,0.0,0.0,0
2011,LAA,138543166,178000000.0,0.0,0.0,0
2011,LAN,104188999,178000000.0,0.0,0.0,0
2011,MIL,85497333,178000000.0,0.0,0.0,0
2011,MIN,112737000,178000000.0,0.0,0.0,0
2011,NYA,202275028,178000000.0,24275028.0,4855005.600000001,1
2011,NYN,118847309,178000000.0,0.0,0.0,0
2011,OAK,66536500,178000000.0,0.0,0.0,0
2011,PHI,172976379,178000000.0,0.0,0.0,0
2011,PIT,45047000,178000000.0,0.0,0.0,0
2011,SDN,45869140,178000000.0,0.0,0.0,0
2011,SEA,86110600,178000000.0,0.0,0.0,0
2011,SFN,118198333,178000000.0,0.0,0.0,0
2011,SLN,105433572,178000000.0,0.0,0.0,0
2011,TBA,41053571,178000000.0,0.0,0.0,0
2011,TEX,92299264,178000000.0,0.0,0.0,0
2011,TOR,62567800,178000000.0,0.0,0.0,0
2011,WAS,63856928,178000000.0,0.0,0.0,0
2012,ARI,73804833,178000000.0,0.0,0.0,0
2012,ATL,82829942,178000000.0,0.0,0.0,0
2012,BAL,77353999,178000000.0,0.0,0.0,0
2012,BOS,173186617,178000000.0,0.0,0.0,0
2012,CHA,96919500,178000000.0,0.0,0.0,0
2012,CHN,88197033,178000000.0,0.0,0.0,0
2012,CIN,82203616,178000000.0,0.0,0.0,0
2012,CLE,78430300,178000000.0,0.0,0.0,0
2012,COL,78069571,178000000.0,0.0,0.0,0
2012,DET,132300000,178000000.0,0.0,0.0,0
2012,HOU,60651000,178000000.0,0.0,0.0,0
2012,KCA,60916225,178000000.0,0.0,0.0,0
2012,LAA,154485166,178000000.0,0.0,0.0,0
2012,LAN,95143575,178000000.0,0.0,0.0,0
2012,MIA,118078000,178000000.0,0.0,0.0,0
2012,MIL,97653944,178000000.0,0.0,0.0,0
2012,MIN,94085000,178000000.0,0.0,0.0,0
2012,NYA,196522289,178000000.0,18522289.0,3704457.8000000003,1
2012,NYN,93353983,178000000.0,0.0,0.0,0
2012,OAK,55372500,178000000.0,0.0,0.0,0
2012,PHI,174538938,178000000.0,0.0,0.0,0
2012,PIT,62951999,178000000.0,0.0,0.0,0
2012,SDN,55244700,178000000.0,0.0,0.0,0
2012,SEA,81978100,178000000.0,0.0,0.0,0
2012,SFN,117620683,178000000.0,0.0,0.0,0
2012,SLN,110300862,178000000.0,0.0,0.0,0
2012,TBA,64173500,178000000.0,0.0,0.0,0
2012,TEX,120510974,178000000.0,0.0,0.0,0
2012,TOR,75009200,178000000.0,0.0,0.0,0
2012,WAS,80855143,178000000.0,0.0,0.0,0
2013,ARI,90132000,189000000.0,0.0,0.0,0
2013,ATL,87871525,189000000.0,0.0,0.0,0
2013,BAL,84393333,189000000.0,0.0,0.0,0
2013,BOS,151530000,189000000.0,0.0,0.0,0
2013,CHA,120065277,189000000.0,0.0,0.0,0
2013,CHN,100567726,189000000.0,0.0,0.0,0
2013,CIN,106404462,189000000.0,0.0,0.0,0
2013,CLE,75771800,189000000.0,0.0,0.0,0
2013,COL,74409071,189000000.0,0.0,0.0,0
2013,DET,145989500,189000000.0,0.0,0.0,0
2013,HOU,17890700,189000000.0,0.0,0.0,0
2013,KCA,80091725,189000000.0,0.0,0.0,0
2013,LAA,124174750,189000000.0,0.0,0.0,0
2013,LAN,223362196,189000000.0,34362196.0,6872439.2,1
2013,MIA,33601900,189000000.0,0.0,0.0,0
2013,MIL,76947033,189000000.0,0.0,0.0,0
2013,MIN,75337500,189000000.0,0.0,0.0,0
2013,NYA,231978886,189000000.0,42978886.0,8595777.200000001,1
2013,NYN,49448346,189000000.0,0.0,0.0,0
2013,OAK,60132500,189000000.0,0.0,0.0,0
2013,PHI,169863189,189000000.0,0.0,0.0,0
2013,PIT,77062000,189000000.0,0.0,0.0,0
2013,SDN,65585500,189000000.0,0.0,0.0,0
2013,SEA,74005043,189000000.0,0.0,0.0,0
2013,SFN,140180334,189000000.0,0.0,0.0,0
2013,SLN,92260110,189000000.0,0.0,0.0,0
2013,TBA,52955272,189000000.0,0.0,0.0,0
2013,TEX,112522600,189000000.0,0.0,0.0,0
2013,TOR,126288100,189000000.0,0.0,0.0,0
2013,WAS,113703270,189000000.0,0.0,0.0,0
2014,ARI,97861500,189000000.0,0.0,0.0,0
2014,ATL,97609000,189000000.0,0.0,0.0,0
2014,BAL,103416000,189000000.0,0.0,0.0,0
2014,BOS,139019929,189000000.0,0.0,0.0,0
2014,CHA,81830500,189000000.0,0.0,0.0,0
2014,CHN,65522500,189000000.0,0.0,0.0,0
2014,CIN,108217500,189000000.0,0.0,0.0,0
2014,CLE,82151899,189000000.0,0.0,0.0,0
2014,COL,95403500,189000000.0,0.0,0.0,0
2014,DET,152855500,189000000.0,0.0,0.0,0
2014,HOU,35116300,189000000.0,0.0,0.0,0
2014,KCA,74594075,189000000.0,0.0,0.0,0
2014,LAA,121988250,189000000.0,0.0,0.0,0
2014,LAN,217014600,189000000.0,28014600.0,5602920.0,1
2014,MIA,41836900,189000000.0,0.0,0.0,0
2014,MIL,101217000,189000000.0,0.0,0.0,0
2014,MIN,83762500,189000000.0,0.0,0.0,0
2014,NYA,197543907,189000000.0,8543907.0,1708781.4000000001,1
2014,NYN,85556990,189000000.0,0.0,0.0,0
2014,OAK,72408400,189000000.0,0.0,0.0,0
2014,PHI,180944967,189000000.0,0.0,0.0,0
2014,PIT,77178000,189000000.0,0.0,0.0,0
2014,SDN,75685700,189000000.0,0.0,0.0,0
2014,SEA,92531100,189000000.0,0.0,0.0,0
2014,SFN,163510167,189000000.0,0.0,0.0,0
2014,SLN,120693000,189000000.0,0.0,0.0,0
2014,TBA,72689100,189000000.0,0.0,0.0,0
2014,TEX,112255059,189000000.0,0.0,0.0,0
2014,TOR,109920100,189000000.0,0.0,0.0,0
2014,WAS,131983680,189000000.0,0.0,0.0,0
2015,ARI,61834000,189000000.0,0.0,0.0,0
2015,ATL,71781250,189000000.0,0.0,0.0,0
2015,BAL,115044833,189000000.0,0.0,0.0,0
2015,BOS,181103400,189000000.0,0.0,0.0,0
2015,CHA,112373700,189000000.0,0.0,0.0,0
2015,CHN,115879310,189000000.0,0.0,0.0,0
2015,CIN,113072286,189000000.0,0.0,0.0,0
2015,CLE,87663766,189000000.0,0.0,0.0,0
2015,COL,95688600,189000000.0,0.0,0.0,0
2015,DET,172284750,189000000.0,0.0,0.0,0
2015,HOU,72256200,189000000.0,0.0,0.0,0
2015,KCA,112107025,189000000.0,0.0,0.0,0
2015,LAA,120005415,189000000.0,0.0,0.0,0
2015,LAN,215792000,189000000.0,26792000.0,5358400.0,1
2015,MIA,68056500,189000000.0,0.0,0.0,0
2015,MIL,100850000,189000000.0,0.0,0.0,0
2015,MIN,107755000,189000000.0,0.0,0.0,0
2015,NYA,212751957,189000000.0,23751957.0,4750391.4,1
2015,NYN,96766683,189000000.0,0.0,0.0,0
2015,OAK,79053501,189000000.0,0.0,0.0,0
2015,PHI,111693000,189000000.0,0.0,0.0,0
2015,PIT,88892499,189000000.0,0.0,0.0,0
2015,SDN,118441300,189000000.0,0.0,0.0,0
2015,SEA,122208700,189000000.0,0.0,0.0,0
2015,SFN,164701500,189000000.0,0.0,0.0,0
2015,SLN,119241500,189000000.0,0.0,0.0,0
2015,TBA,64521233,189000000.0,0.0,0.0,0
2015,TEX,143742789,189000000.0,0.0,0.0,0
2015,TOR,112992400,189000000.0,0.0,0.0,0
2015,WAS,155587472,189000000.0,0.0,0.0,0
2016,ARI,87439063,189000000.0,0.0,0.0,0
2016,ATL,68498291,189000000.0,0.0,0.0,0
2016,BAL,161863456,189000000.0,0.0,0.0,0
2016,BOS,188545761,189000000.0,0.0,0.0,0
2016,CHA,112998667,189000000.0,0.0,0.0,0
2016,CHN,154067668,189000000.0,0.0,0.0,0
2016,CIN,88940059,189000000.0,0.0,0.0,0
2016,CLE,74311900,189000000.0,0.0,0.0,0
2016,COL,112645071,189000000.0,0.0,0.0,0
2016,DET,194876481,189000000.0,5876481.0,1175296.2,1
2016,HOU,94893700,189000000.0,0.0,0.0,0
2016,KCA,131487125,189000000.0,0.0,0.0,0
2016,LAA,137251333,189000000.0,0.0,0.0,0
2016,LAN,221288380,189000000.0,32288380.0,6457676.0,1
2016,MIA,77314202,189000000.0,0.0,0.0,0
2016,MIL,68775237,189000000.0,0.0,0.0,0
2016,MIN,102583200,189000000.0,0.0,0.0,0
2016,NYA,222997792,189000000.0,33997792.0,6799558.4,1
2016,NYN,133889129,189000000.0,0.0,0.0,0
2016,OAK,86806234,189000000.0,0.0,0.0,0
2016,PHI,58980000,189000000.0,0.0,0.0,0
2016,PIT,103778833,189000000.0,0.0,0.0,0
2016,SDN,101424814,189000000.0,0.0,0.0,0
2016,SEA,135683339,189000000.0,0.0,0.0,0
2016,SFN,172253778,189000000.0,0.0,0.0,0
2016,SLN,143053500,189000000.0,0.0,0.0,0
2016,TBA,57097310,189000000.0,0.0,0.0,0
2016,TEX,176038723,189000000.0,0.0,0.0,0
2016,TOR,138701700,189000000.0,0.0,0.0,0
2016,WAS,141652646,189000000.0,0.0,0.0,0
