season,batter_id,la_mean,la_std,la_abs_diff_mean,ev_mean,ev_std,ev_abs_diff_mean
2015,285079.0,,,,,,
2015,425532.0,,,,,,
2015,429711.0,,,,,,
2015,429713.0,,,,,,
2015,430897.0,,,,,,
2015,435044.0,,,,,,
2015,435078.0,,,,,,
2015,435623.0,,,,,,
2015,448306.0,,,,,,
2015,448674.0,,,,,,
2015,454560.0,,,,,,
2015,455755.0,,,,,,
2015,456715.0,,,,,,
2015,457762.0,,,,,,
2015,457803.0,,,,,,
2015,460075.0,,,,,,
2015,460077.0,,,,,,
2015,461865.0,,,,,,
2015,462564.0,,,,,,
2015,466988.0,,,,,,
2015,467827.0,,,,,,
2015,474832.0,,,,,,
2015,475416.0,,,,,,
2015,485567.0,,,,,,
2015,489149.0,,,,,,
2015,493114.0,,,,,,
2015,493351.0,,,,,,
2015,501571.0,,,,,,
2015,502046.0,,,,,,
2015,516910.0,,,,,,
2015,518542.0,,,,,,
2015,518567.0,,,,,,
2015,519083.0,,,,,,
2015,523260.0,,,,,,
2015,534910.0,,,,,,
2015,542194.0,,,,,,
2015,542866.0,,,,,,
2015,543213.0,,,,,,
2015,543302.0,,,,,,
2015,543760.0,,,,,,
2015,543776.0,,,,,,
2015,571666.0,,,,,,
2015,572191.0,,,,,,
2015,588751.0,,,,,,
2015,592626.0,,,,,,
2015,592663.0,,,,,,
2015,594809.0,,,,,,
2015,594838.0,,,,,,
2015,595879.0,,,,,,
2015,596146.0,,,,,,
2015,600303.0,,,,,,
2015,605228.0,,,,,,
2015,607776.0,,,,,,
2015,608365.0,,,,,,
2015,623143.0,,,,,,
2015,628329.0,,,,,,
2015,628333.0,,,,,,
2015,643327.0,,,,,,
2015,282332.0,,,,,,
2015,407793.0,,,,,,
2015,408042.0,,,,,,
2015,424325.0,,,,,,
2015,425509.0,,,,,,
2015,430203.0,,,,,,
2015,445988.0,,,,,,
2015,446334.0,,,,,,
2015,448605.0,,,,,,
2015,449107.0,,,,,,
2015,450665.0,,,,,,
2015,453286.0,,,,,,
2015,453344.0,,,,,,
2015,453943.0,,,,,,
2015,456030.0,,,,,,
2015,457449.0,,,,,,
2015,458681.0,,,,,,
2015,461829.0,,,,,,
2015,488771.0,,,,,,
2015,488846.0,,,,,,
2015,490063.0,,,,,,
2015,500779.0,,,,,,
2015,502100.0,,,,,,
2015,502143.0,,,,,,
2015,502523.0,,,,,,
2015,514888.0,,,,,,
2015,516770.0,,,,,,
2015,518418.0,,,,,,
2015,518716.0,,,,,,
2015,518764.0,,,,,,
2015,518863.0,,,,,,
2015,519058.0,,,,,,
2015,519237.0,,,,,,
2015,519317.0,,,,,,
2015,520471.0,,,,,,
2015,527048.0,,,,,,
2015,542513.0,,,,,,
2015,542908.0,,,,,,
2015,543881.0,,,,,,
2015,570256.0,,,,,,
2015,571946.0,,,,,,
2015,572128.0,,,,,,
2015,572138.0,,,,,,
2015,572971.0,,,,,,
2015,592273.0,,,,,,
2015,592680.0,,,,,,
2015,592789.0,,,,,,
2015,593871.0,,,,,,
2015,594824.0,,,,,,
2015,595918.0,,,,,,
2015,598284.0,,,,,,
2015,605452.0,,,,,,
2015,608700.0,,,,,,
2025,518792.0,,,,,,
2025,553869.0,,,,,,
2025,553882.0,,,,,,
2025,592192.0,,,,,,
2025,592206.0,,,,,,
2025,605137.0,,,,,,
2025,605141.0,,,,,,
2025,606192.0,,,,,,
2025,606466.0,,,,,,
2025,608701.0,,,,,,
2025,624415.0,,,,,,
2025,642136.0,,,,,,
2025,642201.0,,,,,,
2025,656582.0,,,,,,
2025,662139.0,,,,,,
2025,663330.0,,,,,,
2025,663697.0,,,,,,
2025,663731.0,,,,,,
2025,665742.0,,,,,,
2025,665804.0,,,,,,
2025,666126.0,,,,,,
2025,666165.0,,,,,,
2025,666632.0,,,,,,
2025,668709.0,,,,,,
2025,668843.0,,,,,,
2025,669004.0,,,,,,
2025,669432.0,,,,,,
2025,670032.0,,,,,,
2025,672016.0,,,,,,
2025,676038.0,,,,,,
2025,676694.0,,,,,,
2025,676939.0,,,,,,
2025,677649.0,,,,,,
2025,677956.0,,,,,,
2025,678099.0,,,,,,
2025,679032.0,,,,,,
2025,681047.0,,,,,,
2025,681275.0,,,,,,
2025,681987.0,,,,,,
2025,682626.0,,,,,,
2025,683146.0,,,,,,
2025,686404.0,,,,,,
2025,686638.0,,,,,,
2025,686765.0,,,,,,
2025,686793.0,,,,,,
2025,687942.0,,,,,,
2025,688394.0,,,,,,
2025,690841.0,,,,,,
2025,691408.0,,,,,,
2025,692044.0,,,,,,
2025,694211.0,,,,,,
2025,694217.0,,,,,,
2025,694829.0,,,,,,
2025,696286.0,,,,,,
2025,696521.0,,,,,,
2025,699073.0,,,,,,
2025,702332.0,,,,,,
2025,702461.0,,,,,,
2025,703715.0,,,,,,
2025,800050.0,,,,,,
2025,800051.0,,,,,,
2025,800253.0,,,,,,
2025,800440.0,,,,,,
2025,800508.0,,,,,,
2025,802355.0,,,,,,
2025,802504.0,,,,,,
2025,806263.0,,,,,,
2025,806988.0,,,,,,
2025,807727.0,,,,,,
2025,814188.0,,,,,,
2025,814442.0,,,,,,
2025,814451.0,,,,,,
2015,150212.0,,,,,,
2015,346793.0,,,,,,
2015,346874.0,,,,,,
2015,407893.0,,,,,,
2015,407908.0,,,,,,
2015,425784.0,,,,,,
2015,430580.0,,,,,,
2015,430611.0,,,,,,
2015,431148.0,,,,,,
2015,444836.0,,,,,,
2015,446359.0,,,,,,
2015,453203.0,,,,,,
2015,456121.0,,,,,,
2015,456714.0,,,,,,
2015,456776.0,,,,,,
2015,457574.0,,,,,,
2015,458015.0,,,,,,
2015,458582.0,,,,,,
2015,458913.0,,,,,,
2015,471911.0,,,,,,
2015,474892.0,,,,,,
2015,475115.0,,,,,,
2015,477003.0,,,,,,
2015,488862.0,,,,,,
2015,489119.0,,,,,,
2015,489138.0,,,,,,
2015,492841.0,,,,,,
2015,501957.0,,,,,,
2015,502034.0,,,,,,
2015,502110.0,,,,,,
2015,502210.0,,,,,,
2015,502481.0,,,,,,
2015,518618.0,,,,,,
2015,518626.0,,,,,,
2015,518960.0,,,,,,
2015,519023.0,,,,,,
2015,527038.0,,,,,,
2015,542303.0,,,,,,
2015,542587.0,,,,,,
2015,542942.0,,,,,,
2015,543216.0,,,,,,
2015,543219.0,,,,,,
2015,543272.0,,,,,,
2015,544725.0,,,,,,
2015,546318.0,,,,,,
2015,547973.0,,,,,,
2015,553988.0,,,,,,
2015,571467.0,,,,,,
2015,571787.0,,,,,,
2015,571868.0,,,,,,
2015,571875.0,,,,,,
2015,572182.0,,,,,,
2015,573064.0,,,,,,
2015,573135.0,,,,,,
2015,591720.0,,,,,,
2015,592178.0,,,,,,
2015,592314.0,,,,,,
2015,593495.0,,,,,,
2015,594807.0,,,,,,
2015,594828.0,,,,,,
2015,595001.0,,,,,,
2015,595014.0,,,,,,
2015,605412.0,,,,,,
2015,607074.0,,,,,,
2015,608379.0,,,,,,
2015,622663.0,,,,,,
2015,121347.0,,,,,,
2015,407890.0,,,,,,
2015,425796.0,,,,,,
2015,425834.0,,,,,,
2015,433584.0,,,,,,
2015,434643.0,,,,,,
2015,435063.0,,,,,,
2015,435263.0,,,,,,
2015,451109.0,,,,,,
2015,452220.0,,,,,,
2015,452234.0,,,,,,
2015,453178.0,,,,,,
2015,453329.0,,,,,,
2015,457477.0,,,,,,
2015,457727.0,,,,,,
2015,457789.0,,,,,,
2015,460576.0,,,,,,
2015,468406.0,,,,,,
2015,474668.0,,,,,,
2015,476270.0,,,,,,
2015,488721.0,,,,,,
2015,501255.0,,,,,,
2015,501593.0,,,,,,
2015,501981.0,,,,,,
2015,502261.0,,,,,,
2015,502374.0,,,,,,
2015,506693.0,,,,,,
2015,514913.0,,,,,,
2015,516782.0,,,,,,
2015,517414.0,,,,,,
2015,518614.0,,,,,,
2015,518790.0,,,,,,
2015,519144.0,,,,,,
2015,519295.0,,,,,,
2015,519345.0,,,,,,
2015,519425.0,,,,,,
2015,519455.0,,,,,,
2015,542583.0,,,,,,
2015,542883.0,,,,,,
2015,543038.0,,,,,,
2015,543321.0,,,,,,
2015,543484.0,,,,,,
2015,543939.0,,,,,,
2015,544925.0,,,,,,
2015,571656.0,,,,,,
2015,572041.0,,,,,,
2015,572096.0,,,,,,
2015,572287.0,,,,,,
2015,581527.0,,,,,,
2015,592230.0,,,,,,
2015,592341.0,,,,,,
2015,592407.0,,,,,,
2015,592518.0,,,,,,
2015,607259.0,,,,,,
2015,608641.0,,,,,,
2015,621043.0,,,,,,
2015,621962.0,,,,,,
2015,624585.0,,,,,,
2015,648717.0,,,,,,
2025,455117.0,,,,,,
2025,457759.0,,,,,,
2025,518595.0,,,,,,
2025,545361.0,,,,,,
2025,570482.0,,,,,,
2025,596019.0,,,,,,
2025,602104.0,,,,,,
2025,608671.0,,,,,,
2025,620443.0,,,,,,
2025,620449.0,,,,,,
2025,641584.0,,,,,,
2025,641658.0,,,,,,
2025,641857.0,,,,,,
2025,643217.0,,,,,,
2025,650489.0,,,,,,
2025,656248.0,,,,,,
2025,656716.0,,,,,,
2025,656883.0,,,,,,
2025,657757.0,,,,,,
2025,663536.0,,,,,,
2025,664034.0,,,,,,
2025,664702.0,,,,,,
2025,665750.0,,,,,,
2025,665923.0,,,,,,
2025,668785.0,,,,,,
2025,669003.0,,,,,,
2025,669288.0,,,,,,
2025,670042.0,,,,,,
2025,670231.0,,,,,,
2025,671217.0,,,,,,
2025,671739.0,,,,,,
2025,673490.0,,,,,,
2025,675430.0,,,,,,
2025,676572.0,,,,,,
2025,676801.0,,,,,,
2025,677673.0,,,,,,
2025,680728.0,,,,,,
2025,680918.0,,,,,,
2025,681230.0,,,,,,
2025,681333.0,,,,,,
2025,681481.0,,,,,,
2025,681807.0,,,,,,
2025,682793.0,,,,,,
2025,682868.0,,,,,,
2025,682998.0,,,,,,
2025,683021.0,,,,,,
2025,683610.0,,,,,,
2025,683679.0,,,,,,
2025,685300.0,,,,,,
2025,685382.0,,,,,,
2025,686541.0,,,,,,
2025,687529.0,,,,,,
2025,687637.0,,,,,,
2025,689200.0,,,,,,
2025,689288.0,,,,,,
2025,690291.0,,,,,,
2025,691002.0,,,,,,
2025,691185.0,,,,,,
2025,691284.0,,,,,,
2025,692046.0,,,,,,
2025,692150.0,,,,,,
2025,692216.0,,,,,,
2025,694227.0,,,,,,
2025,694369.0,,,,,,
2025,694497.0,,,,,,
2025,694749.0,,,,,,
2025,695257.0,,,,,,
2025,695299.0,,,,,,
2025,695467.0,,,,,,
2025,699615.0,,,,,,
2025,700250.0,,,,,,
2025,700337.0,,,,,,
2025,701162.0,,,,,,
2025,701327.0,,,,,,
2025,701587.0,,,,,,
2025,702556.0,,,,,,
2025,703601.0,,,,,,
2025,801075.0,,,,,,
2025,803475.0,,,,,,
2025,804645.0,,,,,,
2025,805865.0,,,,,,
2025,806005.0,,,,,,
2025,806146.0,,,,,,
2025,806191.0,,,,,,
2025,806230.0,,,,,,
2025,806368.0,,,,,,
2025,807276.0,,,,,,
2025,807799.0,,,,,,
2025,808129.0,,,,,,
2025,808279.0,,,,,,
2025,814791.0,,,,,,
2025,815874.0,,,,,,
2025,824615.0,,,,,,
2025,825334.0,,,,,,
2025,828319.0,,,,,,
2025,502054.0,,,,,,
2025,545121.0,,,,,,
2025,545341.0,,,,,,
2025,605361.0,,,,,,
2025,607067.0,,,,,,
2025,608369.0,,,,,,
2025,614173.0,,,,,,
2025,621438.0,,,,,,
2025,622268.0,,,,,,
2025,624413.0,,,,,,
2025,641355.0,,,,,,
2025,641680.0,,,,,,
2025,642086.0,,,,,,
2025,642215.0,,,,,,
2025,643376.0,,,,,,
2025,644433.0,,,,,,
2025,650391.0,,,,,,
2025,656185.0,,,,,,
2025,663538.0,,,,,,
2025,664728.0,,,,,,
2025,665489.0,,,,,,
2025,665839.0,,,,,,
2025,665846.0,,,,,,
2025,665877.0,,,,,,
2025,666149.0,,,,,,
2025,666397.0,,,,,,
2025,666801.0,,,,,,
2025,667452.0,,,,,,
2025,667670.0,,,,,,
2025,668670.0,,,,,,
2025,668860.0,,,,,,
2025,669357.0,,,,,,
2025,669722.0,,,,,,
2025,669743.0,,,,,,
2025,670097.0,,,,,,
2025,671117.0,,,,,,
2025,671732.0,,,,,,
2025,676475.0,,,,,,
2025,676551.0,,,,,,
2025,676812.0,,,,,,
2025,676882.0,,,,,,
2025,677007.0,,,,,,
2025,677587.0,,,,,,
2025,677595.0,,,,,,
2025,677800.0,,,,,,
2025,677950.0,,,,,,
2025,678225.0,,,,,,
2025,678232.0,,,,,,
2025,679631.0,,,,,,
2025,679734.0,,,,,,
2025,679821.0,,,,,,
2025,680552.0,,,,,,
2025,680574.0,,,,,,
2025,681375.0,,,,,,
2025,682177.0,,,,,,
2025,682276.0,,,,,,
2025,682848.0,,,,,,
2025,682927.0,,,,,,
2025,682997.0,,,,,,
2025,686960.0,,,,,,
2025,687152.0,,,,,,
2025,687248.0,,,,,,
2025,687310.0,,,,,,
2025,687714.0,,,,,,
2025,687749.0,,,,,,
2025,690107.0,,,,,,
2025,690987.0,,,,,,
2025,691292.0,,,,,,
2025,691720.0,,,,,,
2025,692238.0,,,,,,
2025,693049.0,,,,,,
2025,694065.0,,,,,,
2025,694580.0,,,,,,
2025,694661.0,,,,,,
2025,696285.0,,,,,,
2025,699127.0,,,,,,
2025,699130.0,,,,,,
2025,700681.0,,,,,,
2025,700936.0,,,,,,
2025,701682.0,,,,,,
2025,703151.0,,,,,,
2025,800198.0,,,,,,
2025,800959.0,,,,,,
2025,801430.0,,,,,,
2025,801442.0,,,,,,
2025,801881.0,,,,,,
2025,805779.0,,,,,,
2025,806077.0,,,,,,
2025,806367.0,,,,,,
2025,806983.0,,,,,,
2025,807267.0,,,,,,
2025,811287.0,,,,,,
2025,815915.0,,,,,,
2025,825761.0,,,,,,
2025,457705.0,,,,,,
2025,571448.0,,,,,,
2025,578428.0,,,,,,
2025,592885.0,,,,,,
2025,596142.0,,,,,,
2025,608070.0,,,,,,
2025,608348.0,,,,,,
2025,621028.0,,,,,,
2025,621035.0,,,,,,
2025,621566.0,,,,,,
2025,623993.0,,,,,,
2025,624523.0,,,,,,
2025,624641.0,,,,,,
2025,641302.0,,,,,,
2025,641645.0,,,,,,
2025,641796.0,,,,,,
2025,642180.0,,,,,,
2025,642197.0,,,,,,
2025,646240.0,,,,,,
2025,650907.0,,,,,,
2025,657041.0,,,,,,
2025,657557.0,,,,,,
2025,663604.0,,,,,,
2025,663714.0,,,,,,
2025,663886.0,,,,,,
2025,663968.0,,,,,,
2025,664023.0,,,,,,
2025,664670.0,,,,,,
2025,664761.0,,,,,,
2025,665966.0,,,,,,
2025,666158.0,,,,,,
2025,666163.0,,,,,,
2025,669065.0,,,,,,
2025,669477.0,,,,,,
2025,670770.0,,,,,,
2025,671155.0,,,,,,
2025,671284.0,,,,,,
2025,672695.0,,,,,,
2025,673237.0,,,,,,
2025,675910.0,,,,,,
2025,675915.0,,,,,,
2025,676059.0,,,,,,
2025,676113.0,,,,,,
2025,677943.0,,,,,,
2025,678009.0,,,,,,
2025,680273.0,,,,,,
2025,680642.0,,,,,,
2025,680690.0,,,,,,
2025,680711.0,,,,,,
2025,681370.0,,,,,,
2025,681581.0,,,,,,
2025,682265.0,,,,,,
2025,682619.0,,,,,,
2025,682796.0,,,,,,
2025,682799.0,,,,,,
2025,682988.0,,,,,,
2025,683227.0,,,,,,
2025,683344.0,,,,,,
2025,683569.0,,,,,,
2025,683766.0,,,,,,
2025,684541.0,,,,,,
2025,684922.0,,,,,,
2025,685091.0,,,,,,
2025,686958.0,,,,,,
2025,687982.0,,,,,,
2025,688875.0,,,,,,
2025,689414.0,,,,,,
2025,691410.0,,,,,,
2025,694192.0,,,,,,
2025,694671.0,,,,,,
2025,694930.0,,,,,,
2025,695578.0,,,,,,
2025,696030.0,,,,,,
2025,699024.0,,,,,,
2025,699229.0,,,,,,
2025,699305.0,,,,,,
2025,699912.0,,,,,,
2025,700032.0,,,,,,
2025,700932.0,,,,,,
2025,701305.0,,,,,,
2025,702222.0,,,,,,
2025,702328.0,,,,,,
2025,702726.0,,,,,,
2025,805268.0,,,,,,
2025,805672.0,,,,,,
2025,806152.0,,,,,,
2025,806993.0,,,,,,
2025,807957.0,,,,,,
2025,808265.0,,,,,,
2025,808864.0,,,,,,
2025,808982.0,,,,,,
2025,809331.0,,,,,,
2025,822578.0,,,,,,
2025,827665.0,,,,,,
2025,592200.0,,,,,,
2025,605113.0,,,,,,
2025,624431.0,,,,,,
2025,642020.0,,,,,,
2025,642715.0,,,,,,
2025,645302.0,,,,,,
2025,647351.0,,,,,,
2025,656484.0,,,,,,
2025,656627.0,,,,,,
2025,656775.0,,,,,,
2025,660710.0,,,,,,
2025,661388.0,,,,,,
2025,664059.0,,,,,,
2025,664874.0,,,,,,
2025,666150.0,,,,,,
2025,668472.0,,,,,,
2025,668723.0,,,,,,
2025,668853.0,,,,,,
2025,668885.0,,,,,,
2025,669194.0,,,,,,
2025,669256.0,,,,,,
2025,669326.0,,,,,,
2025,670869.0,,,,,,
2025,671056.0,,,,,,
2025,671213.0,,,,,,
2025,672373.0,,,,,,
2025,672386.0,,,,,,
2025,456781.0,,,,,,
2025,521692.0,,,,,,
2025,543807.0,,,,,,
2025,572233.0,,,,,,
2025,592696.0,,,,,,
2025,607680.0,,,,,,
2025,621020.0,,,,,,
2025,641555.0,,,,,,
2025,643446.0,,,,,,
2025,643565.0,,,,,,
2025,645305.0,,,,,,
2025,645444.0,,,,,,
2025,656811.0,,,,,,
2025,663584.0,,,,,,
2025,663728.0,,,,,,
2025,663898.0,,,,,,
2025,664913.0,,,,,,
2025,664954.0,,,,,,
2025,665155.0,,,,,,
2025,665828.0,,,,,,
2025,669002.0,,,,,,
2025,669200.0,,,,,,
2025,669224.0,,,,,,
2025,670148.0,,,,,,
2025,672012.0,,,,,,
2025,672275.0,,,,,,
2025,672744.0,,,,,,
2025,677008.0,,,,,,
2025,677060.0,,,,,,
2025,677588.0,,,,,,
2025,678010.0,,,,,,
2025,678011.0,,,,,,
2025,679845.0,,,,,,
2025,680753.0,,,,,,
2025,680779.0,,,,,,
2025,680837.0,,,,,,
2025,680977.0,,,,,,
2025,681297.0,,,,,,
2025,681460.0,,,,,,
2025,681879.0,,,,,,
2025,682266.0,,,,,,
2025,682829.0,,,,,,
2025,683083.0,,,,,,
2025,683090.0,,,,,,
2025,683172.0,,,,,,
2025,683770.0,,,,,,
2025,686196.0,,,,,,
2025,686523.0,,,,,,
2025,686797.0,,,,,,
2025,688617.0,,,,,,
2025,691021.0,,,,,,
2025,691285.0,,,,,,
2025,691777.0,,,,,,
2025,691944.0,,,,,,
2025,694025.0,,,,,,
2025,694224.0,,,,,,
2025,694374.0,,,,,,
2025,694673.0,,,,,,
2025,694806.0,,,,,,
2025,694953.0,,,,,,
2025,695023.0,,,,,,
2025,696160.0,,,,,,
2025,700164.0,,,,,,
2025,701548.0,,,,,,
2025,703205.0,,,,,,
2025,803011.0,,,,,,
2025,805319.0,,,,,,
2025,806965.0,,,,,,
2025,814409.0,,,,,,
2025,814413.0,,,,,,
2025,814431.0,,,,,,
2025,814440.0,,,,,,
2025,815067.0,,,,,,
2025,815089.0,,,,,,
2025,815306.0,,,,,,
2025,825924.0,,,,,,
2015,112526.0,,,,,,
2015,279824.0,,,,,,
2015,400085.0,,,,,,
2015,408252.0,,,,,,
2015,408299.0,,,,,,
2015,425772.0,,,,,,
2015,429719.0,,,,,,
2015,430404.0,,,,,,
2015,434604.0,,,,,,
2015,434670.0,,,,,,
2015,435401.0,,,,,,
2015,446372.0,,,,,,
2015,448802.0,,,,,,
2015,450314.0,,,,,,
2015,450729.0,,,,,,
2015,451584.0,,,,,,
2015,453056.0,,,,,,
2015,453895.0,,,,,,
2015,455104.0,,,,,,
2015,456501.0,,,,,,
2015,458668.0,,,,,,
2015,458689.0,,,,,,
2015,463610.0,,,,,,
2015,467070.0,,,,,,
2015,467785.0,,,,,,
2015,474494.0,,,,,,
2015,516809.0,,,,,,
2015,518452.0,,,,,,
2015,518934.0,,,,,,
2015,518953.0,,,,,,
2015,541608.0,,,,,,
2015,542882.0,,,,,,
2015,543045.0,,,,,,
2015,543475.0,,,,,,
2015,543706.0,,,,,,
2015,545350.0,,,,,,
2015,547180.0,,,,,,
2015,547888.0,,,,,,
2015,547982.0,,,,,,
2015,572180.0,,,,,,
2015,576397.0,,,,,,
2015,592351.0,,,,,,
2015,592621.0,,,,,,
2015,592863.0,,,,,,
2015,594555.0,,,,,,
2015,594736.0,,,,,,
2015,594777.0,,,,,,
2015,605200.0,,,,,,
2015,605323.0,,,,,,
2015,605512.0,,,,,,
2015,609275.0,,,,,,
2015,624424.0,,,,,,
2015,645848.0,,,,,,
2025,675394.0,,,,,,
2025,675662.0,,,,,,
2025,676024.0,,,,,,
2025,676203.0,,,,,,
2025,676914.0,,,,,,
2025,676946.0,,,,,,
2025,677347.0,,,,,,
2025,677594.0,,,,,,
2025,677870.0,,,,,,
2025,678173.0,,,,,,
2025,678246.0,,,,,,
2025,680776.0,,,,,,
2025,681142.0,,,,,,
2025,682119.0,,,,,,
2025,682622.0,,,,,,
2025,682668.0,,,,,,
2025,682674.0,,,,,,
2025,682801.0,,,,,,
2025,682818.0,,,,,,
2025,684712.0,,,,,,
2025,686676.0,,,,,,
2025,686681.0,,,,,,
2025,686948.0,,,,,,
2025,687272.0,,,,,,
2025,687394.0,,,,,,
2025,687462.0,,,,,,
2025,689070.0,,,,,,
2025,690993.0,,,,,,
2025,691621.0,,,,,,
2025,691728.0,,,,,,
2025,691775.0,,,,,,
2025,692446.0,,,,,,
2025,694212.0,,,,,,
2025,694271.0,,,,,,
2025,694388.0,,,,,,
2025,694728.0,,,,,,
2025,694742.0,,,,,,
2025,695506.0,,,,,,
2025,695612.0,,,,,,
2025,695681.0,,,,,,
2025,699228.0,,,,,,
2025,700243.0,,,,,,
2025,701678.0,,,,,,
2025,701784.0,,,,,,
2025,702284.0,,,,,,
2025,702358.0,,,,,,
2025,702463.0,,,,,,
2025,702472.0,,,,,,
2025,800377.0,,,,,,
2025,800506.0,,,,,,
2025,800617.0,,,,,,
2025,801978.0,,,,,,
2025,802544.0,,,,,,
2025,805367.0,,,,,,
2025,805808.0,,,,,,
2025,805904.0,,,,,,
2025,807714.0,,,,,,
2025,808767.0,,,,,,
2025,814091.0,,,,,,
2025,814299.0,,,,,,
2025,814307.0,,,,,,
2025,467793.0,,,,,,
2025,553993.0,,,,,,
2025,571912.0,,,,,,
2025,592450.0,,,,,,
2025,605131.0,,,,,,
2025,623205.0,,,,,,
2025,640492.0,,,,,,
2025,641343.0,,,,,,
2025,641468.0,,,,,,
2025,641598.0,,,,,,
2025,641933.0,,,,,,
2025,643396.0,,,,,,
2025,647304.0,,,,,,
2025,656305.0,,,,,,
2025,656448.0,,,,,,
2025,657088.0,,,,,,
2025,663586.0,,,,,,
2025,663656.0,,,,,,
2025,664068.0,,,,,,
2025,665926.0,,,,,,
2025,667690.0,,,,,,
2025,668939.0,,,,,,
2025,669374.0,,,,,,
2025,670867.0,,,,,,
2025,671218.0,,,,,,
2025,672640.0,,,,,,
2025,673995.0,,,,,,
2025,674441.0,,,,,,
2025,675448.0,,,,,,
2025,676369.0,,,,,,
2025,677942.0,,,,,,
2025,678489.0,,,,,,
2025,678577.0,,,,,,
2025,678926.0,,,,,,
2025,679788.0,,,,,,
2025,679822.0,,,,,,
2025,680636.0,,,,,,
2025,680777.0,,,,,,
2025,680862.0,,,,,,
2025,681132.0,,,,,,
2025,681146.0,,,,,,
2025,681172.0,,,,,,
2025,681351.0,,,,,,
2025,681393.0,,,,,,
2025,682183.0,,,,,,
2025,683357.0,,,,,,
2025,683493.0,,,,,,
2025,686217.0,,,,,,
2025,687282.0,,,,,,
2025,687628.0,,,,,,
2025,687867.0,,,,,,
2025,687957.0,,,,,,
2025,689355.0,,,,,,
2025,689531.0,,,,,,
2025,689959.0,,,,,,
2025,691016.0,,,,,,
2025,692225.0,,,,,,
2025,693459.0,,,,,,
2025,694187.0,,,,,,
2025,694193.0,,,,,,
2025,694304.0,,,,,,
2025,695336.0,,,,,,
2025,695462.0,,,,,,
2025,695670.0,,,,,,
2025,696264.0,,,,,,
2025,700283.0,,,,,,
2025,700652.0,,,,,,
2025,700720.0,,,,,,
2025,701649.0,,,,,,
2025,702176.0,,,,,,
2025,702708.0,,,,,,
2025,802117.0,,,,,,
2025,802506.0,,,,,,
2025,804446.0,,,,,,
2025,805951.0,,,,,,
2025,806534.0,,,,,,
2025,808083.0,,,,,,
2025,808975.0,,,,,,
2025,810891.0,,,,,,
2025,814439.0,,,,,,
2025,815464.0,,,,,,
2025,821270.0,,,,,,
2025,502671.0,,,,,,
2025,575929.0,,,,,,
2025,595978.0,,,,,,
2025,605612.0,,,,,,
2025,621439.0,,,,,,
2025,642350.0,,,,,,
2025,643265.0,,,,,,
2025,655316.0,,,,,,
2025,656180.0,,,,,,
2025,660613.0,,,,,,
2025,660688.0,,,,,,
2025,660766.0,,,,,,
2025,663662.0,,,,,,
2025,663796.0,,,,,,
2025,663897.0,,,,,,
2025,664238.0,,,,,,
2025,664774.0,,,,,,
2025,665648.0,,,,,,
2025,666177.0,,,,,,
2025,666310.0,,,,,,
2025,669717.0,,,,,,
2025,670232.0,,,,,,
2025,671221.0,,,,,,
2025,671277.0,,,,,,
2025,672580.0,,,,,,
2025,676480.0,,,,,,
2025,679529.0,,,,,,
2025,680474.0,,,,,,
2025,680672.0,,,,,,
2025,681123.0,,,,,,
2025,682633.0,,,,,,
2025,682662.0,,,,,,
2025,682663.0,,,,,,
2025,682729.0,,,,,,
2025,685133.0,,,,,,
2025,686527.0,,,,,,
2025,686611.0,,,,,,
2025,687625.0,,,,,,
2025,687627.0,,,,,,
2025,687918.0,,,,,,
2025,688500.0,,,,,,
2025,689688.0,,,,,,
2025,690022.0,,,,,,
2025,690804.0,,,,,,
2025,691019.0,,,,,,
2025,691601.0,,,,,,
2025,691616.0,,,,,,
2025,692039.0,,,,,,
2025,692657.0,,,,,,
2025,693832.0,,,,,,
2025,694378.0,,,,,,
2025,694410.0,,,,,,
2025,694834.0,,,,,,
2025,694876.0,,,,,,
2025,694974.0,,,,,,
2025,695238.0,,,,,,
2025,695538.0,,,,,,
2025,695930.0,,,,,,
2025,696135.0,,,,,,
2025,701350.0,,,,,,
2025,701358.0,,,,,,
2025,702140.0,,,,,,
2025,702302.0,,,,,,
2025,702550.0,,,,,,
2025,800106.0,,,,,,
2025,801256.0,,,,,,
2025,801822.0,,,,,,
2025,802959.0,,,,,,
2025,803745.0,,,,,,
2025,808291.0,,,,,,
2025,814154.0,,,,,,
2025,815697.0,,,,,,
2025,823703.0,,,,,,
2015,136860.0,,,,,,
2015,150229.0,,,,,,
2015,425386.0,,,,,,
2015,425496.0,,,,,,
2015,425626.0,,,,,,
2015,429664.0,,,,,,
2015,429666.0,,,,,,
2015,430599.0,,,,,,
2015,430910.0,,,,,,
2015,431145.0,,,,,,
2015,431151.0,,,,,,
2015,431171.0,,,,,,
2015,434563.0,,,,,,
2015,434671.0,,,,,,
2015,445590.0,,,,,,
2015,446192.0,,,,,,
2015,450351.0,,,,,,
2015,452035.0,,,,,,
2015,452104.0,,,,,,
2015,452254.0,,,,,,
2015,452718.0,,,,,,
2015,453214.0,,,,,,
2015,453923.0,,,,,,
2015,457926.0,,,,,,
2015,460269.0,,,,,,
2015,465784.0,,,,,,
2015,474284.0,,,,,,
2015,475479.0,,,,,,
2015,476633.0,,,,,,
2015,477132.0,,,,,,
2015,489365.0,,,,,,
2015,502032.0,,,,,,
2015,502182.0,,,,,,
2015,502317.0,,,,,,
2015,503556.0,,,,,,
2015,514917.0,,,,,,
2015,519203.0,,,,,,
2015,521230.0,,,,,,
2015,523253.0,,,,,,
2015,541650.0,,,,,,
2015,543228.0,,,,,,
2015,543424.0,,,,,,
2015,543510.0,,,,,,
2015,543901.0,,,,,,
2015,545358.0,,,,,,
2015,571437.0,,,,,,
2015,571466.0,,,,,,
2015,571970.0,,,,,,
2015,571974.0,,,,,,
2015,572102.0,,,,,,
2015,572204.0,,,,,,
2015,592774.0,,,,,,
2015,593428.0,,,,,,
2015,593958.0,,,,,,
2015,595191.0,,,,,,
2015,605135.0,,,,,,
2015,605156.0,,,,,,
2015,605347.0,,,,,,
2015,605538.0,,,,,,
2015,607208.0,,,,,,
2015,621209.0,,,,,,
2015,276519.0,,,,,,
2015,408045.0,,,,,,
2015,425543.0,,,,,,
2015,425664.0,,,,,,
2015,425835.0,,,,,,
2015,430001.0,,,,,,
2015,430681.0,,,,,,
2015,433589.0,,,,,,
2015,434567.0,,,,,,
2015,434778.0,,,,,,
2015,435522.0,,,,,,
2015,435622.0,,,,,,
2015,444876.0,,,,,,
2015,445926.0,,,,,,
2015,446386.0,,,,,,
2015,446481.0,,,,,,
2015,448170.0,,,,,,
2015,449786.0,,,,,,
2015,450308.0,,,,,,
2015,451713.0,,,,,,
2015,453172.0,,,,,,
2015,453539.0,,,,,,
2015,456422.0,,,,,,
2015,456701.0,,,,,,
2015,457454.0,,,,,,
2015,457706.0,,,,,,
2015,459431.0,,,,,,
2015,462515.0,,,,,,
2015,467055.0,,,,,,
2015,467798.0,,,,,,
2015,468504.0,,,,,,
2015,474699.0,,,,,,
2015,475253.0,,,,,,
2015,488671.0,,,,,,
2015,502188.0,,,,,,
2015,502205.0,,,,,,
2015,502582.0,,,,,,
2015,506560.0,,,,,,
2015,506747.0,,,,,,
2015,516414.0,,,,,,
2015,516949.0,,,,,,
2015,517370.0,,,,,,
2015,518700.0,,,,,,
2015,518911.0,,,,,,
2015,527054.0,,,,,,
2015,542255.0,,,,,,
2015,542455.0,,,,,,
2015,542963.0,,,,,,
2015,542994.0,,,,,,
2015,543068.0,,,,,,
2015,543376.0,,,,,,
2015,543401.0,,,,,,
2015,543543.0,,,,,,
2015,543734.0,,,,,,
2015,543829.0,,,,,,
2015,544369.0,,,,,,
2015,547989.0,,,,,,
2015,554234.0,,,,,,
2015,571578.0,,,,,,
2015,571697.0,,,,,,
2015,571771.0,,,,,,
2015,571893.0,,,,,,
2015,572122.0,,,,,,
2015,572309.0,,,,,,
2015,573131.0,,,,,,
2015,592166.0,,,,,,
2015,592261.0,,,,,,
2015,592743.0,,,,,,
2015,593643.0,,,,,,
2015,595025.0,,,,,,
2015,596057.0,,,,,,
2015,605177.0,,,,,,
2015,605374.0,,,,,,
2015,605541.0,,,,,,
2015,606299.0,,,,,,
2015,621281.0,,,,,,
2015,625329.0,,,,,,
2015,407862.0,,,,,,
2015,425657.0,,,,,,
2015,425783.0,,,,,,
2015,430945.0,,,,,,
2015,430947.0,,,,,,
2015,434658.0,,,,,,
2015,435064.0,,,,,,
2015,444446.0,,,,,,
2015,451596.0,,,,,,
2015,453385.0,,,,,,
2015,457448.0,,,,,,
2015,457708.0,,,,,,
2015,457787.0,,,,,,
2015,460055.0,,,,,,
2015,460131.0,,,,,,
2015,460701.0,,,,,,
2015,462101.0,,,,,,
2015,474568.0,,,,,,
2015,476704.0,,,,,,
2015,489265.0,,,,,,
2015,491646.0,,,,,,
2015,491676.0,,,,,,
2015,500743.0,,,,,,
2015,501789.0,,,,,,
2015,502117.0,,,,,,
2015,502409.0,,,,,,
2015,504379.0,,,,,,
2015,506702.0,,,,,,
2015,518468.0,,,,,,
2015,518692.0,,,,,,
2015,519043.0,,,,,,
2015,527043.0,,,,,,
2015,542923.0,,,,,,
2015,542979.0,,,,,,
2015,543063.0,,,,,,
2015,543094.0,,,,,,
2015,543507.0,,,,,,
2015,543698.0,,,,,,
2015,543742.0,,,,,,
2015,544931.0,,,,,,
2015,547379.0,,,,,,
2015,570731.0,,,,,,
2015,571553.0,,,,,,
2015,571788.0,,,,,,
2015,571825.0,,,,,,
2015,571927.0,,,,,,
2015,572750.0,,,,,,
2015,572761.0,,,,,,
2015,592329.0,,,,,,
2015,592835.0,,,,,,
2015,595005.0,,,,,,
2015,595281.0,,,,,,
2015,596748.0,,,,,,
2015,605400.0,,,,,,
2015,605894.0,,,,,,
2015,611177.0,,,,,,
2015,628356.0,,,,,,
2015,628452.0,,,,,,
2015,656941.0,,,,,,
2025,527038.0,,,,,,
2025,542303.0,,,,,,
2025,553988.0,,,,,,
2025,571875.0,,,,,,
2025,592178.0,,,,,,
2025,622761.0,,,,,,
2025,624428.0,,,,,,
2025,630105.0,,,,,,
2025,656577.0,,,,,,
2025,663457.0,,,,,,
2025,664731.0,,,,,,
2025,664770.0,,,,,,
2025,666185.0,,,,,,
2025,666703.0,,,,,,
2025,668227.0,,,,,,
2025,668952.0,,,,,,
2025,669016.0,,,,,,
2025,669134.0,,,,,,
2025,669137.0,,,,,,
2025,669261.0,,,,,,
2025,669369.0,,,,,,
2025,669398.0,,,,,,
2025,670076.0,,,,,,
2025,670092.0,,,,,,
2025,672279.0,,,,,,
2025,672613.0,,,,,,
2025,676116.0,,,,,,
2025,676205.0,,,,,,
2025,677592.0,,,,,,
2025,677941.0,,,,,,
2025,678662.0,,,,,,
2025,678854.0,,,,,,
2025,678882.0,,,,,,
2025,680716.0,,,,,,
2025,680868.0,,,,,,
2025,681624.0,,,,,,
2025,682192.0,,,,,,
2025,682648.0,,,,,,
2025,682732.0,,,,,,
2025,683490.0,,,,,,
2025,686639.0,,,,,,
2025,686798.0,,,,,,
2025,686810.0,,,,,,
2025,687071.0,,,,,,
2025,687201.0,,,,,,
2025,687210.0,,,,,,
2025,687285.0,,,,,,
2025,687401.0,,,,,,
2025,687567.0,,,,,,
2025,687605.0,,,,,,
2025,687952.0,,,,,,
2025,688311.0,,,,,,
2025,688363.0,,,,,,
2025,688457.0,,,,,,
2025,691182.0,,,,,,
2025,691406.0,,,,,,
2025,691442.0,,,,,,
2025,691718.0,,,,,,
2025,692390.0,,,,,,
2025,692585.0,,,,,,
2025,694070.0,,,,,,
2025,694200.0,,,,,,
2025,694371.0,,,,,,
2025,694425.0,,,,,,
2025,694444.0,,,,,,
2025,695524.0,,,,,,
2025,695657.0,,,,,,
2025,695692.0,,,,,,
2025,696142.0,,,,,,
2025,699013.0,,,,,,
2025,699027.0,,,,,,
2025,701177.0,,,,,,
2025,701696.0,,,,,,
2025,701805.0,,,,,,
2025,702258.0,,,,,,
2025,702315.0,,,,,,
2025,702616.0,,,,,,
2025,703177.0,,,,,,
2025,703194.0,,,,,,
2025,800195.0,,,,,,
2025,800478.0,,,,,,
2025,801276.0,,,,,,
2025,802353.0,,,,,,
2025,805075.0,,,,,,
2025,805126.0,,,,,,
2025,805795.0,,,,,,
2025,806212.0,,,,,,
2025,806252.0,,,,,,
2025,806394.0,,,,,,
2025,806611.0,,,,,,
2025,808267.0,,,,,,
2025,810938.0,,,,,,
2025,813896.0,,,,,,
2025,814194.0,,,,,,
2025,814458.0,,,,,,
2025,821262.0,,,,,,
2015,217100.0,,,,,,
2015,425549.0,,,,,,
2015,425557.0,,,,,,
2015,425902.0,,,,,,
2015,429717.0,,,,,,
2015,430832.0,,,,,,
2015,430912.0,,,,,,
2015,435221.0,,,,,,
2015,435559.0,,,,,,
2015,444843.0,,,,,,
2015,448614.0,,,,,,
2015,452252.0,,,,,,
2015,455759.0,,,,,,
2015,455976.0,,,,,,
2015,456124.0,,,,,,
2015,461235.0,,,,,,
2015,476589.0,,,,,,
2015,488689.0,,,,,,
2015,488810.0,,,,,,
2015,489305.0,,,,,,
2015,501983.0,,,,,,
2015,502023.0,,,,,,
2015,502054.0,,,,,,
2015,516416.0,,,,,,
2015,516811.0,,,,,,
2015,518420.0,,,,,,
2015,518603.0,,,,,,
2015,519048.0,,,,,,
2015,519184.0,,,,,,
2015,519301.0,,,,,,
2015,533167.0,,,,,,
2015,534606.0,,,,,,
2015,543056.0,,,,,,
2015,543184.0,,,,,,
2015,543903.0,,,,,,
2015,543942.0,,,,,,
2015,545341.0,,,,,,
2015,548337.0,,,,,,
2015,554429.0,,,,,,
2015,570717.0,,,,,,
2015,571918.0,,,,,,
2015,573627.0,,,,,,
2015,592647.0,,,,,,
2015,593647.0,,,,,,
2015,596119.0,,,,,,
2015,596144.0,,,,,,
2015,605125.0,,,,,,
2015,607067.0,,,,,,
2015,608369.0,,,,,,
2015,608596.0,,,,,,
2015,630111.0,,,,,,
2015,285064.0,,,,,,
2015,425567.0,,,,,,
2015,425766.0,,,,,,
2015,425844.0,,,,,,
2015,429781.0,,,,,,
2015,430637.0,,,,,,
2015,434538.0,,,,,,
2015,435079.0,,,,,,
2015,444379.0,,,,,,
2015,445060.0,,,,,,
2015,446263.0,,,,,,
2015,449170.0,,,,,,
2015,450203.0,,,,,,
2015,453307.0,,,,,,
2015,456078.0,,,,,,
2015,457705.0,,,,,,
2015,458675.0,,,,,,
2015,460026.0,,,,,,
2015,460086.0,,,,,,
2015,461325.0,,,,,,
2015,474443.0,,,,,,
2015,474463.0,,,,,,
2015,475247.0,,,,,,
2015,475582.0,,,,,,
2015,501800.0,,,,,,
2015,501896.0,,,,,,
2015,502009.0,,,,,,
2015,502522.0,,,,,,
2015,518170.0,,,,,,
2015,518653.0,,,,,,
2015,518735.0,,,,,,
2015,519242.0,,,,,,
2015,519299.0,,,,,,
2015,523989.0,,,,,,
2015,541645.0,,,,,,
2015,542921.0,,,,,,
2015,543294.0,,,,,,
2015,543380.0,,,,,,
2015,543557.0,,,,,,
2015,543699.0,,,,,,
2015,544365.0,,,,,,
2015,547179.0,,,,,,
2015,570267.0,,,,,,
2015,571448.0,,,,,,
2015,571506.0,,,,,,
2015,572039.0,,,,,,
2015,572788.0,,,,,,
2015,572821.0,,,,,,
2015,572863.0,,,,,,
2015,578428.0,,,,,,
2015,592804.0,,,,,,
2015,592836.0,,,,,,
2015,592885.0,,,,,,
2015,596142.0,,,,,,
2015,596143.0,,,,,,
2015,608070.0,,,,,,
2015,608336.0,,,,,,
2015,621035.0,,,,,,
2015,622110.0,,,,,,
2025,542194.0,,,,,,
2025,543760.0,,,,,,
2025,543877.0,,,,,,
2025,572191.0,,,,,,
2025,573262.0,,,,,,
2025,592626.0,,,,,,
2025,592663.0,,,,,,
2025,595751.0,,,,,,
2025,595879.0,,,,,,
2025,596146.0,,,,,,
2025,607732.0,,,,,,
2025,608324.0,,,,,,
2025,622534.0,,,,,,
2025,650968.0,,,,,,
2025,651016.0,,,,,,
2025,656541.0,,,,,,
2025,656555.0,,,,,,
2025,663757.0,,,,,,
2025,663837.0,,,,,,
2025,664332.0,,,,,,
2025,665833.0,,,,,,
2025,665861.0,,,,,,
2025,666134.0,,,,,,
2025,666183.0,,,,,,
2025,666915.0,,,,,,
2025,668715.0,,,,,,
2025,668751.0,,,,,,
2025,668752.0,,,,,,
2025,669208.0,,,,,,
2025,669221.0,,,,,,
2025,669257.0,,,,,,
2025,669742.0,,,,,,
2025,670156.0,,,,,,
2025,671272.0,,,,,,
2025,672820.0,,,,,,
2025,675455.0,,,,,,
2025,676045.0,,,,,,
2025,676466.0,,,,,,
2025,678877.0,,,,,,
2025,680518.0,,,,,,
2025,680519.0,,,,,,
2025,680911.0,,,,,,
2025,680935.0,,,,,,
2025,681184.0,,,,,,
2025,682515.0,,,,,,
2025,682707.0,,,,,,
2025,683145.0,,,,,,
2025,684976.0,,,,,,
2025,685301.0,,,,,,
2025,686551.0,,,,,,
2025,686554.0,,,,,,
2025,687588.0,,,,,,
2025,687597.0,,,,,,
2025,690448.0,,,,,,
2025,690984.0,,,,,,
2025,690985.0,,,,,,
2025,691783.0,,,,,,
2025,692489.0,,,,,,
2025,692564.0,,,,,,
2025,693307.0,,,,,,
2025,694206.0,,,,,,
2025,694384.0,,,,,,
2025,694689.0,,,,,,
2025,695020.0,,,,,,
2025,696141.0,,,,,,
2025,698929.0,,,,,,
2025,699232.0,,,,,,
2025,701675.0,,,,,,
2025,701831.0,,,,,,
2025,702488.0,,,,,,
2025,800345.0,,,,,,
2025,800448.0,,,,,,
2025,800724.0,,,,,,
2025,801194.0,,,,,,
2025,801406.0,,,,,,
2025,801938.0,,,,,,
2025,802531.0,,,,,,
2025,802541.0,,,,,,
2025,804668.0,,,,,,
2025,805804.0,,,,,,
2025,807712.0,,,,,,
2025,807742.0,,,,,,
2025,808288.0,,,,,,
2025,815653.0,,,,,,
2025,815694.0,,,,,,
2015,116338.0,,,,,,
2015,133380.0,,,,,,
2015,150302.0,,,,,,
2015,150359.0,,,,,,
2015,400121.0,,,,,,
2015,408242.0,,,,,,
2015,425560.0,,,,,,
2015,425900.0,,,,,,
2015,429780.0,,,,,,
2015,430321.0,,,,,,
2015,430661.0,,,,,,
2015,445197.0,,,,,,
2015,446321.0,,,,,,
2015,446381.0,,,,,,
2015,450172.0,,,,,,
2015,451089.0,,,,,,
2015,453064.0,,,,,,
2015,455139.0,,,,,,
2015,456068.0,,,,,,
2015,457788.0,,,,,,
2015,457918.0,,,,,,
2015,458085.0,,,,,,
2015,458731.0,,,,,,
2015,462136.0,,,,,,
2015,465674.0,,,,,,
2015,471865.0,,,,,,
2015,488768.0,,,,,,
2015,493596.0,,,,,,
2015,500871.0,,,,,,
2015,501245.0,,,,,,
2015,501647.0,,,,,,
2015,501822.0,,,,,,
2015,502042.0,,,,,,
2015,502190.0,,,,,,
2015,502213.0,,,,,,
2015,502570.0,,,,,,
2015,506997.0,,,,,,
2015,517369.0,,,,,,
2015,518774.0,,,,,,
2015,518792.0,,,,,,
2015,519107.0,,,,,,
2015,519168.0,,,,,,
2015,519326.0,,,,,,
2015,537953.0,,,,,,
2015,542993.0,,,,,,
2015,543521.0,,,,,,
2015,545338.0,,,,,,
2015,553869.0,,,,,,
2015,570649.0,,,,,,
2015,572020.0,,,,,,
2015,572804.0,,,,,,
2015,591712.0,,,,,,
2015,592192.0,,,,,,
2015,592206.0,,,,,,
2015,592609.0,,,,,,
2015,592710.0,,,,,,
2015,593525.0,,,,,,
2015,595885.0,,,,,,
2015,605141.0,,,,,,
2015,605232.0,,,,,,
2015,606466.0,,,,,,
2015,608701.0,,,,,,
2015,622072.0,,,,,,
2015,134181.0,,,,,,
2015,218596.0,,,,,,
2015,408047.0,,,,,,
2015,421685.0,,,,,,
2015,429667.0,,,,,,
2015,430613.0,,,,,,
2015,432934.0,,,,,,
2015,433217.0,,,,,,
2015,433587.0,,,,,,
2015,434540.0,,,,,,
2015,435062.0,,,,,,
2015,443558.0,,,,,,
2015,446308.0,,,,,,
2015,446653.0,,,,,,
2015,448801.0,,,,,,
2015,452095.0,,,,,,
2015,452239.0,,,,,,
2015,452655.0,,,,,,
2015,452657.0,,,,,,
2015,453562.0,,,,,,
2015,453568.0,,,,,,
2015,455117.0,,,,,,
2015,455374.0,,,,,,
2015,457759.0,,,,,,
2015,460099.0,,,,,,
2015,465753.0,,,,,,
2015,467092.0,,,,,,
2015,472528.0,,,,,,
2015,473724.0,,,,,,
2015,474249.0,,,,,,
2015,475100.0,,,,,,
2015,476192.0,,,,,,
2015,476883.0,,,,,,
2015,488703.0,,,,,,
2015,489067.0,,,,,,
2015,489267.0,,,,,,
2015,493472.0,,,,,,
2015,499624.0,,,,,,
2015,502226.0,,,,,,
2015,502327.0,,,,,,
2015,517593.0,,,,,,
2015,518595.0,,,,,,
2015,518748.0,,,,,,
2015,518902.0,,,,,,
2015,519071.0,,,,,,
2015,519076.0,,,,,,
2015,519082.0,,,,,,
2015,519085.0,,,,,,
2015,519222.0,,,,,,
2015,543037.0,,,,,,
2015,543135.0,,,,,,
2015,543257.0,,,,,,
2015,543281.0,,,,,,
2015,544727.0,,,,,,
2015,545333.0,,,,,,
2015,545361.0,,,,,,
2015,552662.0,,,,,,
2015,570482.0,,,,,,
2015,572019.0,,,,,,
2015,572033.0,,,,,,
2015,592239.0,,,,,,
2015,594857.0,,,,,,
2015,596019.0,,,,,,
2015,605169.0,,,,,,
2015,605227.0,,,,,,
2015,605439.0,,,,,,
2015,605509.0,,,,,,
2015,607385.0,,,,,,
2015,608671.0,,,,,,
2025,516782.0,,,,,,
2025,542932.0,,,,,,
2025,592325.0,,,,,,
2025,592518.0,,,,,,
2025,595777.0,,,,,,
2025,607043.0,,,,,,
2025,621043.0,,,,,,
2025,621466.0,,,,,,
2025,624585.0,,,,,,
2025,641487.0,,,,,,
2025,642851.0,,,,,,
2025,645801.0,,,,,,
2025,650333.0,,,,,,
2025,660670.0,,,,,,
2025,660821.0,,,,,,
2025,663624.0,,,,,,
2025,663743.0,,,,,,
2025,663853.0,,,,,,
2025,665019.0,,,,,,
2025,665052.0,,,,,,
2025,665862.0,,,,,,
2025,666176.0,,,,,,
2025,666194.0,,,,,,
2025,668791.0,,,,,,
2025,669242.0,,,,,,
2025,669911.0,,,,,,
2025,670224.0,,,,,,
2025,670868.0,,,,,,
2025,671083.0,,,,,,
2025,671655.0,,,,,,
2025,671913.0,,,,,,
2025,672284.0,,,,,,
2025,674951.0,,,,,,
2025,675961.0,,,,,,
2025,676701.0,,,,,,
2025,677338.0,,,,,,
2025,677954.0,,,,,,
2025,678742.0,,,,,,
2025,678746.0,,,,,,
2025,678837.0,,,,,,
2025,680737.0,,,,,,
2025,680996.0,,,,,,
2025,682653.0,,,,,,
2025,682985.0,,,,,,
2025,683734.0,,,,,,
2025,685332.0,,,,,,
2025,686452.0,,,,,,
2025,686766.0,,,,,,
2025,687036.0,,,,,,
2025,687144.0,,,,,,
2025,689041.0,,,,,,
2025,689172.0,,,,,,
2025,689750.0,,,,,,
2025,691026.0,,,,,,
2025,691588.0,,,,,,
2025,691781.0,,,,,,
2025,691897.0,,,,,,
2025,692371.0,,,,,,
2025,694182.0,,,,,,
2025,694320.0,,,,,,
2025,694838.0,,,,,,
2025,695342.0,,,,,,
2025,695734.0,,,,,,
2025,699157.0,,,,,,
2025,700242.0,,,,,,
2025,701158.0,,,,,,
2025,701701.0,,,,,,
2025,701762.0,,,,,,
2025,702112.0,,,,,,
2025,702391.0,,,,,,
2025,703430.0,,,,,,
2025,800306.0,,,,,,
2025,803172.0,,,,,,
2025,804241.0,,,,,,
2025,810053.0,,,,,,
2025,813860.0,,,,,,
2025,813894.0,,,,,,
2025,815150.0,,,,,,
2025,815299.0,,,,,,
2025,514888.0,,,,,,
2025,519317.0,,,,,,
2025,572138.0,,,,,,
2025,592273.0,,,,,,
2025,592669.0,,,,,,
2025,593871.0,,,,,,
2025,596103.0,,,,,,
2025,596115.0,,,,,,
2025,600869.0,,,,,,
2025,609280.0,,,,,,
2025,621493.0,,,,,,
2025,622569.0,,,,,,
2025,623168.0,,,,,,
2025,640902.0,,,,,,
2025,641856.0,,,,,,
2025,642137.0,,,,,,
2025,650490.0,,,,,,
2025,656413.0,,,,,,
2025,656537.0,,,,,,
2025,657077.0,,,,,,
2025,657247.0,,,,,,
2025,660162.0,,,,,,
2025,660757.0,,,,,,
2025,663967.0,,,,,,
2025,664983.0,,,,,,
2025,666152.0,,,,,,
2025,666182.0,,,,,,
2025,666198.0,,,,,,
2025,666931.0,,,,,,
2025,668664.0,,,,,,
2025,668930.0,,,,,,
2025,669087.0,,,,,,
2025,669236.0,,,,,,
2025,669289.0,,,,,,
2025,669304.0,,,,,,
2025,669413.0,,,,,,
2025,669699.0,,,,,,
2025,669707.0,,,,,,
2025,670223.0,,,,,,
2025,671289.0,,,,,,
2025,671976.0,,,,,,
2025,672359.0,,,,,,
2025,672724.0,,,,,,
2025,675994.0,,,,,,
2025,676356.0,,,,,,
2025,676439.0,,,,,,
2025,676463.0,,,,,,
2025,676609.0,,,,,,
2025,676632.0,,,,,,
2025,676679.0,,,,,,
2025,677049.0,,,,,,
2025,677605.0,,,,,,
2025,680118.0,,,,,,
2025,680700.0,,,,,,
2025,680757.0,,,,,,
2025,680869.0,,,,,,
2025,681114.0,,,,,,
2025,681488.0,,,,,,
2025,681909.0,,,,,,
2025,682073.0,,,,,,
2025,682618.0,,,,,,
2025,683002.0,,,,,,
2025,683454.0,,,,,,
2025,684222.0,,,,,,
2025,685474.0,,,,,,
2025,686984.0,,,,,,
2025,687551.0,,,,,,
2025,687751.0,,,,,,
2025,687783.0,,,,,,
2025,687862.0,,,,,,
2025,688449.0,,,,,,
2025,689651.0,,,,,,
2025,690970.0,,,,,,
2025,690976.0,,,,,,
2025,691176.0,,,,,,
2025,691370.0,,,,,,
2025,691437.0,,,,,,
2025,694186.0,,,,,,
2025,694214.0,,,,,,
2025,694355.0,,,,,,
2025,694815.0,,,,,,
2025,694848.0,,,,,,
2025,695481.0,,,,,,
2025,699014.0,,,,,,
2025,699475.0,,,,,,
2025,700081.0,,,,,,
2025,702331.0,,,,,,
2025,702574.0,,,,,,
2025,703804.0,,,,,,
2025,800194.0,,,,,,
2025,800266.0,,,,,,
2025,800522.0,,,,,,
2025,800540.0,,,,,,
2025,800765.0,,,,,,
2025,802415.0,,,,,,
2025,805300.0,,,,,,
2025,805811.0,,,,,,
2025,806963.0,,,,,,
2025,807713.0,,,,,,
2025,807759.0,,,,,,
2025,811965.0,,,,,,
2025,815039.0,,,,,,
2025,815589.0,,,,,,
2025,824028.0,,,,,,
2015,285078.0,,,,,,
2015,405395.0,,,,,,
2015,408241.0,,,,,,
2015,408314.0,,,,,,
2015,425877.0,,,,,,
2015,430652.0,,,,,,
2015,430935.0,,,,,,
2015,434158.0,,,,,,
2015,445055.0,,,,,,
2015,445213.0,,,,,,
2015,446225.0,,,,,,
2015,449181.0,,,,,,
2015,451532.0,,,,,,
2015,452672.0,,,,,,
2015,456034.0,,,,,,
2015,456665.0,,,,,,
2015,457763.0,,,,,,
2015,457775.0,,,,,,
2015,461416.0,,,,,,
2015,467143.0,,,,,,
2015,467793.0,,,,,,
2015,474233.0,,,,,,
2015,475243.0,,,,,,
2015,488726.0,,,,,,
2015,488852.0,,,,,,
2015,488912.0,,,,,,
2015,499864.0,,,,,,
2015,500207.0,,,,,,
2015,501303.0,,,,,,
2015,501381.0,,,,,,
2015,501659.0,,,,,,
2015,502004.0,,,,,,
2015,502126.0,,,,,,
2015,502211.0,,,,,,
2015,516970.0,,,,,,
2015,518577.0,,,,,,
2015,519306.0,,,,,,
2015,542208.0,,,,,,
2015,542454.0,,,,,,
2015,543105.0,,,,,,
2015,543238.0,,,,,,
2015,543308.0,,,,,,
2015,543333.0,,,,,,
2015,553993.0,,,,,,
2015,570632.0,,,,,,
2015,571561.0,,,,,,
2015,571577.0,,,,,,
2015,571912.0,,,,,,
2015,571951.0,,,,,,
2015,572362.0,,,,,,
2015,572365.0,,,,,,
2015,592340.0,,,,,,
2015,592612.0,,,,,,
2015,592662.0,,,,,,
2015,594940.0,,,,,,
2015,595386.0,,,,,,
2015,600474.0,,,,,,
2015,605131.0,,,,,,
2015,605151.0,,,,,,
2015,605253.0,,,,,,
2025,542963.0,,,,,,
2025,571657.0,,,,,,
2025,571771.0,,,,,,
2025,605353.0,,,,,,
2025,621458.0,,,,,,
2025,624512.0,,,,,,
2025,640458.0,,,,,,
2025,641943.0,,,,,,
2025,642708.0,,,,,,
2025,642727.0,,,,,,
2025,643289.0,,,,,,
2025,650559.0,,,,,,
2025,657656.0,,,,,,
2025,660271.0,,,,,,
2025,660644.0,,,,,,
2025,660844.0,,,,,,
2025,663616.0,,,,,,
2025,663993.0,,,,,,
2025,664040.0,,,,,,
2025,664056.0,,,,,,
2025,666139.0,,,,,,
2025,666211.0,,,,,,
2025,668663.0,,,,,,
2025,668721.0,,,,,,
2025,668731.0,,,,,,
2025,668804.0,,,,,,
2025,668904.0,,,,,,
2025,669384.0,,,,,,
2025,669392.0,,,,,,
2025,670208.0,,,,,,
2025,671956.0,,,,,,
2025,672515.0,,,,,,
2025,673357.0,,,,,,
2025,673548.0,,,,,,
2025,675085.0,,,,,,
2025,676044.0,,,,,,
2025,676063.0,,,,,,
2025,676391.0,,,,,,
2025,677342.0,,,,,,
2025,678894.0,,,,,,
2025,680577.0,,,,,,
2025,680718.0,,,,,,
2025,680740.0,,,,,,
2025,681623.0,,,,,,
2025,681962.0,,,,,,
2025,682657.0,,,,,,
2025,682775.0,,,,,,
2025,682928.0,,,,,,
2025,683341.0,,,,,,
2025,683748.0,,,,,,
2025,684852.0,,,,,,
2025,685298.0,,,,,,
2025,685744.0,,,,,,
2025,686531.0,,,,,,
2025,686668.0,,,,,,
2025,687431.0,,,,,,
2025,688682.0,,,,,,
2025,690474.0,,,,,,
2025,691373.0,,,,,,
2025,691398.0,,,,,,
2025,691922.0,,,,,,
2025,694170.0,,,,,,
2025,694196.0,,,,,,
2025,694385.0,,,,,,
2025,695501.0,,,,,,
2025,696501.0,,,,,,
2025,700658.0,,,,,,
2025,700845.0,,,,,,
2025,701689.0,,,,,,
2025,702906.0,,,,,,
2025,800056.0,,,,,,
2025,800325.0,,,,,,
2025,800356.0,,,,,,
2025,804858.0,,,,,,
2025,807257.0,,,,,,
2025,807728.0,,,,,,
2025,808516.0,,,,,,
2025,808768.0,,,,,,
2025,813852.0,,,,,,
2025,814172.0,,,,,,
2025,814528.0,,,,,,
2025,814806.0,,,,,,
2025,821171.0,,,,,,
2025,827628.0,,,,,,
2025,828599.0,,,,,,
2025,493329.0,,,,,,
2025,500743.0,,,,,,
2025,506702.0,,,,,,
2025,518692.0,,,,,,
2025,543309.0,,,,,,
2025,596117.0,,,,,,
2025,605170.0,,,,,,
2025,605204.0,,,,,,
2025,605346.0,,,,,,
2025,621008.0,,,,,,
2025,621529.0,,,,,,
2025,624414.0,,,,,,
2025,624513.0,,,,,,
2025,641820.0,,,,,,
2025,645277.0,,,,,,
2025,649966.0,,,,,,
2025,650402.0,,,,,,
2025,650859.0,,,,,,
2025,656896.0,,,,,,
2025,656941.0,,,,,,
2025,663905.0,,,,,,
2025,665161.0,,,,,,
2025,665487.0,,,,,,
2025,665856.0,,,,,,
2025,666181.0,,,,,,
2025,667803.0,,,,,,
2025,668901.0,,,,,,
2025,668942.0,,,,,,
2025,669127.0,,,,,,
2025,669219.0,,,,,,
2025,669234.0,,,,,,
2025,669364.0,,,,,,
2025,669450.0,,,,,,
2025,669720.0,,,,,,
2025,670242.0,,,,,,
2025,670276.0,,,,,,
2025,670541.0,,,,,,
2025,671286.0,,,,,,
2025,672018.0,,,,,,
2025,672537.0,,,,,,
2025,672569.0,,,,,,
2025,672696.0,,,,,,
2025,672761.0,,,,,,
2025,676053.0,,,,,,
2025,676070.0,,,,,,
2025,676724.0,,,,,,
2025,677565.0,,,,,,
2025,678323.0,,,,,,
2025,679663.0,,,,,,
2025,680769.0,,,,,,
2025,681098.0,,,,,,
2025,681198.0,,,,,,
2025,681715.0,,,,,,
2025,682877.0,,,,,,
2025,683233.0,,,,,,
2025,683953.0,,,,,,
2025,686438.0,,,,,,
2025,686445.0,,,,,,
2025,686555.0,,,,,,
2025,686744.0,,,,,,
2025,686758.0,,,,,,
2025,686823.0,,,,,,
2025,686982.0,,,,,,
2025,687012.0,,,,,,
2025,687069.0,,,,,,
2025,687093.0,,,,,,
2025,687221.0,,,,,,
2025,687231.0,,,,,,
2025,687263.0,,,,,,
2025,687363.0,,,,,,
2025,687478.0,,,,,,
2025,688551.0,,,,,,
2025,690443.0,,,,,,
2025,690914.0,,,,,,
2025,690961.0,,,,,,
2025,690988.0,,,,,,
2025,691011.0,,,,,,
2025,691024.0,,,,,,
2025,691594.0,,,,,,
2025,691605.0,,,,,,
2025,691645.0,,,,,,
2025,691723.0,,,,,,
2025,691740.0,,,,,,
2025,693304.0,,,,,,
2025,694185.0,,,,,,
2025,694203.0,,,,,,
2025,694249.0,,,,,,
2025,694318.0,,,,,,
2025,694376.0,,,,,,
2025,694377.0,,,,,,
2025,694977.0,,,,,,
2025,695490.0,,,,,,
2025,695521.0,,,,,,
2025,696100.0,,,,,,
2025,696140.0,,,,,,
2025,700246.0,,,,,,
2025,700321.0,,,,,,
2025,701496.0,,,,,,
2025,701860.0,,,,,,
2025,702467.0,,,,,,
2025,702690.0,,,,,,
2025,702977.0,,,,,,
2025,703159.0,,,,,,
2025,703202.0,,,,,,
2025,703639.0,,,,,,
2025,800176.0,,,,,,
2025,800957.0,,,,,,
2025,801629.0,,,,,,
2025,805366.0,,,,,,
2025,806921.0,,,,,,
2025,806953.0,,,,,,
2025,806995.0,,,,,,
2025,807747.0,,,,,,
2025,808236.0,,,,,,
2025,808326.0,,,,,,
2025,809244.0,,,,,,
2025,815888.0,,,,,,
2015,150029.0,,,,,,
2015,400284.0,,,,,,
2015,407781.0,,,,,,
2015,407812.0,,,,,,
2015,407822.0,,,,,,
2015,429400.0,,,,,,
2015,430948.0,,,,,,
2015,434622.0,,,,,,
2015,450317.0,,,,,,
2015,451594.0,,,,,,
2015,453269.0,,,,,,
2015,456071.0,,,,,,
2015,457711.0,,,,,,
2015,461314.0,,,,,,
2015,465041.0,,,,,,
2015,466320.0,,,,,,
2015,471083.0,,,,,,
2015,475174.0,,,,,,
2015,476451.0,,,,,,
2015,488681.0,,,,,,
2015,491696.0,,,,,,
2015,502010.0,,,,,,
2015,502043.0,,,,,,
2015,502082.0,,,,,,
2015,502239.0,,,,,,
2015,502676.0,,,,,,
2015,518755.0,,,,,,
2015,519333.0,,,,,,
2015,542340.0,,,,,,
2015,542674.0,,,,,,
2015,543243.0,,,,,,
2015,543339.0,,,,,,
2015,543391.0,,,,,,
2015,543408.0,,,,,,
2015,543432.0,,,,,,
2015,543548.0,,,,,,
2015,545404.0,,,,,,
2015,547874.0,,,,,,
2015,548357.0,,,,,,
2015,570615.0,,,,,,
2015,571665.0,,,,,,
2015,572008.0,,,,,,
2015,592200.0,,,,,,
2015,592274.0,,,,,,
2015,592593.0,,,,,,
2015,592620.0,,,,,,
2015,592869.0,,,,,,
2015,593934.0,,,,,,
2015,594798.0,,,,,,
2015,594987.0,,,,,,
2015,594988.0,,,,,,
2015,599096.0,,,,,,
2015,605113.0,,,,,,
2015,605218.0,,,,,,
2015,606160.0,,,,,,
2025,518934.0,,,,,,
2025,545350.0,,,,,,
2025,546991.0,,,,,,
2025,547180.0,,,,,,
2025,605244.0,,,,,,
2025,608385.0,,,,,,
2025,621512.0,,,,,,
2025,624424.0,,,,,,
2025,628451.0,,,,,,
2025,640459.0,,,,,,
2025,641924.0,,,,,,
2025,642133.0,,,,,,
2025,642731.0,,,,,,
2025,663368.0,,,,,,
2025,663647.0,,,,,,
2025,665561.0,,,,,,
2025,665782.0,,,,,,
2025,666464.0,,,,,,
2025,668974.0,,,,,,
2025,669394.0,,,,,,
2025,669397.0,,,,,,
2025,669701.0,,,,,,
2025,670764.0,,,,,,
2025,672013.0,,,,,,
2025,673962.0,,,,,,
2025,675659.0,,,,,,
2025,676280.0,,,,,,
2025,676545.0,,,,,,
2025,677951.0,,,,,,
2025,681082.0,,,,,,
2025,681134.0,,,,,,
2025,681546.0,,,,,,
2025,681584.0,,,,,,
2025,682641.0,,,,,,
2025,682646.0,,,,,,
2025,682685.0,,,,,,
2025,682942.0,,,,,,
2025,683011.0,,,,,,
2025,683169.0,,,,,,
2025,683494.0,,,,,,
2025,683737.0,,,,,,
2025,686475.0,,,,,,
2025,686780.0,,,,,,
2025,687192.0,,,,,,
2025,687208.0,,,,,,
2025,687515.0,,,,,,
2025,687521.0,,,,,,
2025,688005.0,,,,,,
2025,688760.0,,,,,,
2025,690469.0,,,,,,
2025,691001.0,,,,,,
2025,691186.0,,,,,,
2025,691269.0,,,,,,
2025,691726.0,,,,,,
2025,691789.0,,,,,,
2025,691939.0,,,,,,
2025,695391.0,,,,,,
2025,695603.0,,,,,,
2025,695604.0,,,,,,
2025,695720.0,,,,,,
2025,698933.0,,,,,,
2025,699144.0,,,,,,
2025,699166.0,,,,,,
2025,701398.0,,,,,,
2025,702068.0,,,,,,
2025,702333.0,,,,,,
2025,702679.0,,,,,,
2025,702685.0,,,,,,
2025,702693.0,,,,,,
2025,702920.0,,,,,,
2025,703154.0,,,,,,
2025,703198.0,,,,,,
2025,703606.0,,,,,,
2025,800203.0,,,,,,
2025,803015.0,,,,,,
2025,803174.0,,,,,,
2025,805249.0,,,,,,
2025,805347.0,,,,,,
2025,806956.0,,,,,,
2025,807643.0,,,,,,
2025,811289.0,,,,,,
2025,815154.0,,,,,,
2025,815793.0,,,,,,
2025,815908.0,,,,,,
2025,821657.0,,,,,,
2025,829272.0,,,,,,
2025,543510.0,,,,,,
2025,543592.0,,,,,,
2025,545358.0,,,,,,
2025,571466.0,,,,,,
2025,571970.0,,,,,,
2025,572204.0,,,,,,
2025,592348.0,,,,,,
2025,593428.0,,,,,,
2025,595453.0,,,,,,
2025,606115.0,,,,,,
2025,606992.0,,,,,,
2025,607208.0,,,,,,
2025,608360.0,,,,,,
2025,608841.0,,,,,,
2025,624503.0,,,,,,
2025,641313.0,,,,,,
2025,641511.0,,,,,,
2025,656976.0,,,,,,
2025,657136.0,,,,,,
2025,663609.0,,,,,,
2025,663698.0,,,,,,
2025,665953.0,,,,,,
2025,665998.0,,,,,,
2025,666018.0,,,,,,
2025,666023.0,,,,,,
2025,666160.0,,,,,,
2025,666624.0,,,,,,
2025,666969.0,,,,,,
2025,666971.0,,,,,,
2025,667240.0,,,,,,
2025,667472.0,,,,,,
2025,668800.0,,,,,,
2025,668845.0,,,,,,
2025,670623.0,,,,,,
2025,670712.0,,,,,,
2025,672356.0,,,,,,
2025,672642.0,,,,,,
2025,675628.0,,,,,,
2025,678218.0,,,,,,
2025,678391.0,,,,,,
2025,678554.0,,,,,,
2025,681508.0,,,,,,
2025,682634.0,,,,,,
2025,682679.0,,,,,,
2025,682987.0,,,,,,
2025,683004.0,,,,,,
2025,683079.0,,,,,,
2025,683104.0,,,,,,
2025,683353.0,,,,,,
2025,684081.0,,,,,,
2025,685274.0,,,,,,
2025,686469.0,,,,,,
2025,686894.0,,,,,,
2025,686981.0,,,,,,
2025,687206.0,,,,,,
2025,687724.0,,,,,,
2025,687730.0,,,,,,
2025,687859.0,,,,,,
2025,689302.0,,,,,,
2025,690924.0,,,,,,
2025,691023.0,,,,,,
2025,691116.0,,,,,,
2025,691392.0,,,,,,
2025,691785.0,,,,,,
2025,691907.0,,,,,,
2025,693409.0,,,,,,
2025,694181.0,,,,,,
2025,694208.0,,,,,,
2025,694222.0,,,,,,
2025,694359.0,,,,,,
2025,694362.0,,,,,,
2025,694514.0,,,,,,
2025,694754.0,,,,,,
2025,695031.0,,,,,,
2025,695491.0,,,,,,
2025,695600.0,,,,,,
2025,695735.0,,,,,,
2025,696513.0,,,,,,
2025,699114.0,,,,,,
2025,699302.0,,,,,,
2025,699625.0,,,,,,
2025,700731.0,,,,,,
2025,701392.0,,,,,,
2025,701481.0,,,,,,
2025,701538.0,,,,,,
2025,703155.0,,,,,,
2025,703607.0,,,,,,
2025,800406.0,,,,,,
2025,800683.0,,,,,,
2025,802005.0,,,,,,
2025,802459.0,,,,,,
2025,803175.0,,,,,,
2025,804240.0,,,,,,
2025,804606.0,,,,,,
2025,805058.0,,,,,,
2025,805234.0,,,,,,
2025,805373.0,,,,,,
2025,805704.0,,,,,,
2025,805796.0,,,,,,
2025,806198.0,,,,,,
2025,806210.0,,,,,,
2025,806957.0,,,,,,
2025,807746.0,,,,,,
2025,812470.0,,,,,,
2025,813844.0,,,,,,
2025,813922.0,,,,,,
2025,814445.0,,,,,,
2025,815304.0,,,,,,
2025,815734.0,,,,,,
2025,815904.0,,,,,,
2025,828335.0,,,,,,
2015,115629.0,,,,,,
2015,329092.0,,,,,,
2015,346798.0,,,,,,
2015,425794.0,,,,,,
2015,429665.0,,,,,,
2015,430911.0,,,,,,
2015,444432.0,,,,,,
2015,450641.0,,,,,,
2015,452678.0,,,,,,
2015,453211.0,,,,,,
2015,453311.0,,,,,,
2015,453400.0,,,,,,
2015,459964.0,,,,,,
2015,460003.0,,,,,,
2015,460059.0,,,,,,
2015,461833.0,,,,,,
2015,461858.0,,,,,,
2015,477165.0,,,,,,
2015,489232.0,,,,,,
2015,493128.0,,,,,,
2015,493159.0,,,,,,
2015,500610.0,,,,,,
2015,501992.0,,,,,,
2015,502671.0,,,,,,
2015,516589.0,,,,,,
2015,518516.0,,,,,,
2015,518568.0,,,,,,
2015,518771.0,,,,,,
2015,518886.0,,,,,,
2015,519208.0,,,,,,
2015,519381.0,,,,,,
2015,534627.0,,,,,,
2015,541640.0,,,,,,
2015,542436.0,,,,,,
2015,543054.0,,,,,,
2015,543101.0,,,,,,
2015,543305.0,,,,,,
2015,543434.0,,,,,,
2015,543569.0,,,,,,
2015,543590.0,,,,,,
2015,543606.0,,,,,,
2015,543633.0,,,,,,
2015,543685.0,,,,,,
2015,543921.0,,,,,,
2015,544928.0,,,,,,
2015,545346.0,,,,,,
2015,571431.0,,,,,,
2015,571527.0,,,,,,
2015,571740.0,,,,,,
2015,571976.0,,,,,,
2015,572816.0,,,,,,
2015,592533.0,,,,,,
2015,592596.0,,,,,,
2015,594694.0,,,,,,
2015,595978.0,,,,,,
2015,598265.0,,,,,,
2015,607054.0,,,,,,
2015,608672.0,,,,,,
2015,621121.0,,,,,,
2015,621439.0,,,,,,
2015,120074.0,,,,,,
2015,408234.0,,,,,,
2015,408236.0,,,,,,
2015,408307.0,,,,,,
2015,424825.0,,,,,,
2015,430605.0,,,,,,
2015,431094.0,,,,,,
2015,434628.0,,,,,,
2015,434636.0,,,,,,
2015,444482.0,,,,,,
2015,444857.0,,,,,,
2015,445095.0,,,,,,
2015,448602.0,,,,,,
2015,453646.0,,,,,,
2015,456488.0,,,,,,
2015,456781.0,,,,,,
2015,457760.0,,,,,,
2015,459967.0,,,,,,
2015,460060.0,,,,,,
2015,461815.0,,,,,,
2015,466948.0,,,,,,
2015,477195.0,,,,,,
2015,488674.0,,,,,,
2015,488818.0,,,,,,
2015,493316.0,,,,,,
2015,493343.0,,,,,,
2015,500208.0,,,,,,
2015,502285.0,,,,,,
2015,502517.0,,,,,,
2015,502624.0,,,,,,
2015,503449.0,,,,,,
2015,519025.0,,,,,,
2015,519068.0,,,,,,
2015,519390.0,,,,,,
2015,521692.0,,,,,,
2015,524968.0,,,,,,
2015,543278.0,,,,,,
2015,543459.0,,,,,,
2015,543768.0,,,,,,
2015,543807.0,,,,,,
2015,554431.0,,,,,,
2015,570489.0,,,,,,
2015,570560.0,,,,,,
2015,571735.0,,,,,,
2015,571760.0,,,,,,
2015,571761.0,,,,,,
2015,572038.0,,,,,,
2015,572233.0,,,,,,
2015,572888.0,,,,,,
2015,574831.0,,,,,,
2015,592665.0,,,,,,
2015,592696.0,,,,,,
2015,593372.0,,,,,,
2015,593576.0,,,,,,
2015,594742.0,,,,,,
2015,595307.0,,,,,,
2015,596059.0,,,,,,
2015,605388.0,,,,,,
2015,605486.0,,,,,,
2015,607387.0,,,,,,
2015,607680.0,,,,,,
2015,624577.0,,,,,,
