year,pitcher_id,pitches,xwOBA,velo,csw_rate,chase_rate,zone_rate
2015,,1974822,0.30491907910490523,,0.24119232382707761,0.3718731618919096,0.47693904045134
,,101737,0.29216330877573143,85.62887499149345,,,
2025,,86364,,,0.23648628934606022,0.32201282502334017,0.3477913170614751
2015,502009,255,,,0.26224207550104267,,
2015,477003,245,,,0.2187806097499846,,
2015,425532,240,,,0.270500539982594,,
2015,475243,235,,,0.2357551171198823,,
2015,628333,230,,,0.21774510096681765,,
2015,502327,215,,,0.23205375275826315,,
2015,430580,215,,,0.19233451484350086,,
2015,502004,215,,,0.21750456181150973,,
2015,518774,215,,,0.27492192888876665,,
2015,545333,215,,,0.2965106395949239,,
2015,431148,210,,,0.25232290337151314,,
2015,592665,210,,,0.13837866081344813,,
2015,543037,210,,,0.23591651152062154,,
2015,476589,205,,,0.24866844046486553,,
2015,453222,205,,,0.27322755261541537,,
2015,456501,205,,,0.22888394183619132,,
2015,458681,205,,,0.18791098387761046,,
2015,433579,200,,,0.21725530160914985,,
2015,502083,200,,,0.21566222744496205,,
2015,542882,200,,,0.2741664473493758,,
2015,543606,200,,,0.2791485027201645,,
2015,425386,200,,,0.230550489122584,,
2015,453646,200,,,0.26236484855670744,,
2015,476451,200,,,0.20467836024327582,,
2015,444520,195,,,0.20885550334269873,,
2015,452666,195,,,0.24147780747929667,,
2015,502188,195,,,0.2584743151230037,,
2015,543219,195,,,0.2521948119266541,,
2015,571946,195,,,0.21338974951226453,,
2015,425844,195,,,0.2521543133745947,,
2015,434622,195,,,0.2954858833863599,,
2015,450308,195,,,0.2319561115333756,,
2015,502190,195,,,0.2246093691305609,,
2015,543521,195,,,0.21129901400064652,,
2015,573109,195,,,0.2803683217124154,,
2015,279824,190,,,0.2123692763372417,,
2015,430935,190,,,0.2566710209283683,,
2015,434628,190,,,0.24234052765024883,,
2015,457918,190,,,0.21697017922902437,,
2015,501625,190,,,0.2784310695758974,,
2015,594798,190,,,0.27112341132931217,,
2015,421685,190,,,0.19220585344271468,,
2015,434671,190,,,0.23740752454149558,,
2015,453178,190,,,0.21909899774086092,,
2015,453562,190,,,0.2567646578735928,,
2015,488846,190,,,0.20169406009326252,,
2015,516969,190,,,0.3028353439834677,,
2015,518633,190,,,0.2807387093858601,,
2015,527054,190,,,0.2630269535772966,,
2015,547179,190,,,0.23762681233728866,,
2015,407793,185,,,0.22308669702319714,,
2015,407890,185,,,0.22235705242050247,,
2015,433589,185,,,0.24482838862125442,,
2015,446399,185,,,0.22854837857216032,,
2015,451596,185,,,0.2211497150718915,,
2015,456034,185,,,0.27364548114895443,,
2015,460156,185,,,0.23825839049322003,,
2015,472551,185,,,0.2206640538948993,,
2015,501957,185,,,0.2234104072697831,,
2015,518516,185,,,0.20689160107972268,,
2015,518790,185,,,0.23347662971181526,,
2015,543101,185,,,0.201241162473487,,
2015,429717,185,,,0.24211765422988732,,
2015,435043,185,,,0.24424837084391113,,
2015,446372,185,,,0.29031244261801803,,
2015,465657,185,,,0.2488380878901368,,
2015,474463,185,,,0.2409704186739721,,
2015,523989,185,,,0.21601682735012015,,
2015,543408,185,,,0.23104180663078314,,
2015,543699,185,,,0.22968360430309637,,
2015,547888,185,,,0.2879567326642391,,
2015,572070,185,,,0.24106722087887755,,
2015,448802,185,,,0.24260140483565398,,
2015,285064,180,,,0.2475592939290079,,
2015,433586,180,,,0.2950325306248854,,
2015,471822,180,,,0.19618289278589868,,
2015,473879,180,,,0.25330290750915435,,
2015,517593,180,,,0.2470850827165601,,
2015,532077,180,,,0.24425037867672938,,
2015,572971,180,,,0.2626559546270586,,
2015,605135,180,,,0.22400159635312034,,
2015,445926,180,,,0.23294470243194063,,
2015,475115,180,,,0.241007085324162,,
2015,543135,180,,,0.2621574236556776,,
2015,543243,180,,,0.25372242229739866,,
2015,570649,180,,,0.2577170275903496,,
2015,595307,180,,,0.2174641234596476,,
2015,452657,175,,,0.2673683287632137,,
2015,453286,175,,,0.3024561340460206,,
2015,502381,175,,,0.25564602291026184,,
2015,519144,175,,,0.24615510785963643,,
2015,541640,175,,,0.27850474515645496,,
2015,543507,175,,,0.23037408643445367,,
2015,445163,175,,,0.2038710919877546,,
2015,346798,175,,,0.2416112481349944,,
2015,430641,175,,,0.2124557287184241,,
2015,502043,175,,,0.2307935125949038,,
2015,543294,175,,,0.2504545979815696,,
2015,612672,175,,,0.25021994263527697,,
2015,623184,175,,,0.22604411563328125,,
2015,112526,172,,,0.20557698140081668,,
2015,433587,170,,,0.26405602683456086,,
2015,448614,170,,,0.18906429826402035,,
2015,450172,170,,,0.25503052114353586,,
2015,452718,170,,,0.16990689205598938,,
2015,468396,170,,,0.23523384123298247,,
2015,521230,170,,,0.27916069685963457,,
2015,533167,170,,,0.2102244431079055,,
2015,547874,170,,,0.24338625443947873,,
2015,570632,170,,,0.21285288519334078,,
2015,543734,170,,,0.20948062387868097,,
2015,462985,170,,,0.20978956184497344,,
2015,518927,170,,,0.25809716590967263,,
2015,519076,170,,,0.25932594254778646,,
2015,543144,170,,,0.2629571787133083,,
2015,218596,165,,,0.23646608889433768,,
2015,429719,165,,,0.2845330634346753,,
2015,448306,165,,,0.24410062704722904,,
2015,456068,165,,,0.22419891819001947,,
2015,460059,165,,,0.24718181126615563,,
2015,517008,165,,,0.26513465852662826,,
2015,542914,165,,,0.24287414346671227,,
2015,543184,165,,,0.2236825662823031,,
2015,573064,165,,,0.25046681780184815,,
2015,444468,165,,,0.2294645309420149,,
2015,450729,165,,,0.22244493617329647,,
2015,474521,165,,,0.26471964932859876,,
2015,501381,165,,,0.27020835191183085,,
2015,501593,165,,,0.24077902491425418,,
2015,592717,165,,,0.20052144814801065,,
2015,461833,160,,,0.21796266717371923,,
2015,474029,160,,,0.253767903651774,,
2015,490063,160,,,0.2077798163920089,,
2015,543935,160,,,0.17104414384217942,,
2015,592836,160,,,0.23220919043766725,,
2015,607259,160,,,0.22725412956374508,,
2015,608379,160,,,0.21031963929073827,,
2015,592346,160,,,0.1413895222176351,,
2015,471911,160,,,0.30730316052458384,,
2015,489265,160,,,0.2461210136903495,,
2015,491708,160,,,0.2240051340772718,,
2015,544727,160,,,0.2511514107939433,,
2015,346847,160,,,0.18763573304562256,,
2015,458919,160,,,0.2063742221868016,,
2015,592789,160,,,0.2653445596592401,,
2015,282332,155,,,0.23767510800461902,,
2015,408241,155,,,0.18914191688228688,,
2015,451085,155,,,0.24920706888960528,,
2015,461829,155,,,0.2580368090391511,,
2015,467008,155,,,0.2725655325549537,,
2015,475479,155,,,0.23560346600925855,,
2015,488768,155,,,0.24080750835768439,,
2015,502032,155,,,0.26739884961643307,,
2015,502085,155,,,0.3117231070953757,,
2015,543881,155,,,0.15906780997224293,,
2015,544931,155,,,0.27388630344088105,,
2015,451584,155,,,0.2862035280821608,,
2015,451661,155,,,0.2454834866716983,,
2015,500779,155,,,0.19489805493045487,,
2015,517414,155,,,0.268500607186095,,
2015,519455,155,,,0.2012299898156135,,
2015,571666,155,,,0.19213401928173948,,
2015,430599,155,,,0.22750731728442683,,
2015,407822,150,,,0.22837391150215547,,
2015,519096,150,,,0.1968212779627052,,
2015,542960,150,,,0.2292610753845944,,
2015,548337,150,,,0.25228780099828857,,
2015,548357,150,,,0.2177618873465738,,
2015,554340,150,,,0.24960780855448347,,
2015,572096,150,,,0.19055325563491432,,
2015,606273,150,,,0.23348301405868413,,
2015,515052,150,,,0.24395753420946922,,
2015,571735,150,,,0.19146231119666338,,
2015,434538,150,,,0.2678683452382835,,
2015,477132,150,,,0.24167777011146194,,
2015,489119,150,,,0.25802600025951494,,
2015,523260,150,,,0.27286454770230273,,
2015,543339,150,,,0.2448187107269585,,
2015,605156,150,,,0.2032704721587291,,
2015,453172,145,,,0.19427917999810326,,
2015,455009,145,,,0.23373855554652284,,
2015,458677,145,,,0.24762389553528735,,
2015,477569,145,,,0.27271845301121284,,
2015,502624,145,,,0.2191459350996734,,
2015,543272,145,,,0.2017739489647206,,
2015,543726,145,,,0.22722339481914833,,
2015,408061,145,,,0.3271817111362395,,
2015,462136,145,,,0.24984815509839578,,
2015,465629,145,,,0.22423803393383884,,
2015,474699,145,,,0.247865872887138,,
2015,488984,145,,,0.22252622727220644,,
2015,518603,145,,,0.16867624786484048,,
2015,520980,145,,,0.2743320416695389,,
2015,571800,145,,,0.17779189929071657,,
2015,571871,145,,,0.21508206242862724,,
2015,592332,145,,,0.22979921107713197,,
2015,593372,145,,,0.23018681173289313,,
